order_id,order_time,pickup_zip,delivery_zip,service_type,client_name,driver_id,dispatch_time,pickup_time,delivery_time,promised_eta,on_time,exception_notes,driver_idle_min,fuel_cost_usd,redelivery_flag
ORD-25000,03/24/2025 06:47,02030,02120,Routine,Lowell General,D035,2025-03-24 06:55:00,,2025-03-24 09:02:00,2025-03-24 10:46:00,Y,"driver stuck in traffic on 93, running ~20 min late",40,26.27,0
ORD-25001,2025-03-12 10:28:00,02177,02101,Routine,Brigham & Women's,D022,2025-03-12 10:48:00,2025-03-12 11:11:00,2025-03-12 11:45:00,2025-03-12 13:51:00,Y,called client re specimen integrity - awaiting callback,27,31.54,0
ORD-25002,2025-03-01 12:59:00,02125,02142,routine,St. Elizabeth's Medical,D024,2025-03-01 13:38:00,,2025-03-01 15:12:00,2025-03-01 17:13:00,Y,,19,17.23,0
ORD-25003,03/01/2025 13:23,02066,02130,ROUTINE,South Shore Hospital,D005,2025-03-01 14:04:00,2025-03-01 14:24:00,2025-03-01 16:00:00,2025-03-01 18:21:00,Y,,45,11.86,0
ORD-25004,02/12/2025 17:49,02184,02105,routine,Labcorp Inc,D014,2025-02-12 18:28:00,2025-02-12 18:58:00,2025-02-12 20:44:00,2025-02-12 23:33:00,Y,driver cannot locate parking at hospital,13,23.31,0
ORD-25005,2025/02/04 15:27,02103,02153,stat,Boston Med Ctr,D006,2025-02-04 15:33:00,2025-02-04 15:52:00,2025-02-04 16:21:00,2025-02-04 16:10:00,Y,redelivery needed: building locked,29,20.18,0
ORD-25006,2025/02/03 21:55,02143,02060,STAT,BioReference Labs,D022,2025-02-03 22:05:00,2025-02-03 22:42:00,,2025-02-03 22:48:00,Y,driver cannot locate parking at hospital,37,21.51,0
ORD-25007,2025/01/15 17:19,02118,02026,stat,LabCorp,D035,2025-01-15 17:55:00,2025-01-15 18:43:00,,2025-01-15 18:18:00,Y,,24,12.57,0
ORD-25008,03-15-25 07:05 PM,02180,02109,same-day,BioReference Labs,D009,2025-03-15 19:50:00,2025-03-15 20:35:00,2025-03-15 21:50:00,2025-03-15 22:22:00,Y,traffic accident on route 1 delay,39,27.61,0
ORD-25009,2025-02-10 10:42:00,02108,02194,rush,Mass General Hospital,D022,2025-02-10 10:46:00,2025-02-10 11:31:00,2025-02-10 13:01:00,2025-02-10 11:46:00,Y,specimen temp excursion possible - driver reports cooler malfunction,19,5.55,0
ORD-25010,02/13/2025 05:15,02115,02131,ROUTINE,Cape Cod Hospital,D037,2025-02-13 05:54:00,2025-02-13 06:19:00,2025-02-13 07:34:00,2025-02-13 09:03:00,N,"driver called in sick mid-route, reassigning trips",32,18.27,0
ORD-25011,01/08/2025 14:41,02103,02061,RUSH,Boston Medical Center,D013,2025-01-08 15:18:00,2025-01-08 15:36:00,2025-01-08 16:48:00,2025-01-08 15:56:00,Y,"wrong address on manifest, corrected enroute",33,33.17,0
ORD-25012,2025/01/14 04:34,01851,02067,routine,Brigham & Women's,D031,2025-01-14 04:50:00,2025-01-14 05:03:00,,2025-01-14 09:13:00,Y,,34,27.84,0
ORD-25013,03/14/2025 13:31,02052,02131,Same-Day,Providence Health,D004,2025-03-14 13:54:00,2025-03-14 14:07:00,2025-03-14 14:29:00,2025-03-14 17:20:00,Y,specimen temp excursion possible - driver reports cooler malfunction,37,10.73,0
ORD-25014,03/19/2025 05:55,01862,02200,Stat,St. Elizabeth's Medical,UNASSIGNED,2025-03-19 06:03:00,2025-03-19 06:55:00,2025-03-19 08:03:00,2025-03-19 06:54:00,Y,"driver called in sick mid-route, reassigning trips",25,17.76,0
ORD-25015,03/28/2025 13:29,02155,02110,STAT,St. Elizabeth's Medical,D007,2025-03-28 13:36:00,2025-03-28 13:59:00,2025-03-28 15:22:00,2025-03-28 14:10:00,Y,,20,9.78,0
ORD-25016,2025/03/12 14:39,02177,02045,ROUTINE,Lowell General,D020,2025-03-12 15:24:00,2025-03-12 15:42:00,2025-03-12 16:10:00,2025-03-12 20:00:00,N,lab closed early today per client,43,15.99,0
ORD-25017,2025/02/04 11:16,02187,02107,STAT,Children's Hospital,D003,2025-02-04 11:19:00,2025-02-04 12:18:00,2025-02-04 13:15:00,2025-02-04 11:51:00,Y,"driver ran out of dry ice, needs resupply",32,8.25,0
ORD-25018,03/31/2025 18:34,02071,02019,ROUTINE,Children's Hospital,D020,2025-03-31 19:00:00,2025-03-31 19:12:00,2025-03-31 21:08:00,2025-03-31 22:37:00,Y,called client re specimen integrity - awaiting callback,40,18.11,0
ORD-25019,2025/03/22 15:59,02189,02124,same-day,Brigham & Women's,D002,2025-03-22 16:13:00,2025-03-22 16:44:00,2025-03-22 18:33:00,2025-03-22 19:24:00,Y,,20,30.88,0
ORD-25020,2025/01/15 10:02,02030,02129,routine,Childrens Hospital,D015,2025-01-15 10:19:00,2025-01-15 11:11:00,2025-01-15 11:29:00,2025-01-15 13:19:00,Y,driver cannot locate parking at hospital,27,17.89,0
ORD-25021,03/11/2025 09:01,02045,02126,ROUTINE,MGH,UNASSIGNED,2025-03-11 09:42:00,2025-03-11 10:14:00,2025-03-11 11:24:00,2025-03-11 14:36:00,Y,recipient not available at delivery location,29,10.87,0
ORD-25022,2025-01-07 14:00:00,02177,02196,ROUTINE,Cape Cod Hospital,D013,2025-01-07 14:26:00,2025-01-07 14:40:00,2025-01-07 15:50:00,2025-01-07 19:39:00,Y,,12,14.56,0
ORD-25023,2025-02-10 14:20:00,02052,02198,STAT,Children's Hospital,D025,2025-02-10 14:34:00,2025-02-10 15:20:00,2025-02-10 16:53:00,2025-02-10 14:50:00,Y,traffic accident on route 1 delay,32,24.82,0
ORD-25024,02-12-25 11:28 AM,02119,02188,Routine,Cape Cod Hospital,D006,2025-02-12 11:49:00,2025-02-12 12:41:00,2025-02-12 14:01:00,2025-02-12 15:28:00,Y,specimen labeled incorrectly by client,17,6.05,0
ORD-25025,03/03/2025 13:49,02105,02035,ROUTINE,South Shore Hospital,D032,2025-03-03 14:17:00,2025-03-03 14:36:00,,2025-03-03 17:16:00,Y,specimen labeled incorrectly by client,16,27.81,0
ORD-25026,2025/03/02 04:15,01862,02186,STAT,Childrens Hospital,D036,2025-03-02 04:56:00,2025-03-02 05:54:00,2025-03-02 06:49:00,2025-03-02 05:08:00,Y,GPS routing error sent driver to wrong building,40,9.83,0
ORD-25027,03/03/2025 10:48,02136,02140,Routine,Tufts Med Center,D016,2025-03-03 11:08:00,2025-03-03 11:22:00,2025-03-03 12:33:00,2025-03-03 15:13:00,Y,"driver ran out of dry ice, needs resupply",10,12.25,0
ORD-25028,03/31/2025 07:13,02104,02149,ROUTINE,Children's Hospital,D027,2025-03-31 07:40:00,2025-03-31 08:27:00,,2025-03-31 12:40:00,Y,"driver stuck in traffic on 93, running ~20 min late",27,17.56,0
ORD-25029,2025-02-24 12:47:00,02132,02132,ROUTINE,MGH,D002,2025-02-24 13:14:00,2025-02-24 14:06:00,2025-02-24 15:04:00,2025-02-24 16:29:00,Y,,13,22.39,0
ORD-25030,,02138,02177,STAT,Childrens Hospital,D017,2025-02-21 13:09:00,2025-02-21 13:32:00,2025-02-21 14:28:00,2025-02-21 13:40:00,Y,dispatcher note: double-check temp on this one before logging,31,7.24,0
ORD-25031,2025/01/04 15:03,02062,02132,ROUTINE,Emerson Hospital,D002,2025-01-04 15:21:00,2025-01-04 15:32:00,2025-01-04 16:12:00,2025-01-04 20:04:00,Y,delayed at security checkpoint - id verification required,18,13.08,0
ORD-25032,2025/02/18 07:38,02149,02116,Routine,Brigham & Women's,D007,2025-02-18 08:18:00,2025-02-18 08:47:00,2025-02-18 09:05:00,2025-02-18 12:14:00,Y,"elevator down at 15 Elm St, driver using stairs",17,27.64,0
ORD-25033,03-23-25 08:44 AM,02187,02052,ROUTINE,Boston Medical Center,D037,2025-03-23 08:49:00,2025-03-23 09:33:00,2025-03-23 10:32:00,2025-03-23 13:53:00,Y,"driver stuck in traffic on 93, running ~20 min late",31,8.04,0
ORD-25034,2025-02-17 13:53:00,01876,02180,STAT,Tufts Med Center,D018,2025-02-17 14:35:00,2025-02-17 15:19:00,2025-02-17 17:17:00,2025-02-17 14:49:00,Y,driver cannot locate parking at hospital,25,32.33,0
ORD-25035,01/13/2025 08:28,02111,02200,ROUTINE,Labcorp Inc,D032,2025-01-13 08:51:00,2025-01-13 09:32:00,2025-01-13 10:10:00,2025-01-13 12:55:00,Y,"client called to confirm - specimen critical, needs STAT upgrade",22,21.81,0
ORD-25036,2025-01-26 05:46:00,02126,02071,Stat,Tufts Medical,D032,2025-01-26 06:17:00,,2025-01-26 08:24:00,2025-01-26 06:38:00,Y,"driver called in sick mid-route, reassigning trips",42,23.04,0
ORD-25037,2025-02-15 10:47:00,02066,02054,rush,Quest Diagnostics,D008,2025-02-15 11:02:00,2025-02-15 11:19:00,2025-02-15 12:14:00,2025-02-15 12:31:00,Y,traffic accident on route 1 delay,35,24.25,0
ORD-25038,2025/03/10 13:06,02052,02133,RUSH,Quest Diagnostics,UNASSIGNED,2025-03-10 13:43:00,,,2025-03-10 14:24:00,Y,package refused by receiving staff - no signature authority,45,20.94,0
ORD-25039,2025-01-03 12:30:00,02061,02127,Same-Day,MGH,D031,2025-01-03 12:40:00,2025-01-03 12:54:00,,2025-01-03 15:50:00,Y,package refused by receiving staff - no signature authority,14,36.3,0
ORD-25040,2025-01-12 23:07:00,02105,02026,ROUTINE,St. Elizabeth's Medical,D034,2025-01-12 23:34:00,2025-01-13 00:12:00,2025-01-13 01:24:00,2025-01-13 03:56:00,Y,"client called to confirm - specimen critical, needs STAT upgrade",8,29.29,0
ORD-25041,01-28-25 01:16 PM,01879,02134,STAT,NE Labs,D027,2025-01-28 13:47:00,2025-01-28 14:35:00,,2025-01-28 13:55:00,Y,"elevator down at 15 Elm St, driver using stairs",34,12.32,0
ORD-25042,2025-02-04 15:40:00,02176,02129,Rush,BioReference Labs,D010,2025-02-04 16:00:00,,2025-02-04 18:19:00,2025-02-04 16:59:00,Y,,41,19.21,0
ORD-25043,2025-03-02 14:44:00,02047,02192,ROUTINE,Childrens Hospital,D003,2025-03-02 15:14:00,2025-03-02 15:44:00,,2025-03-02 18:42:00,Y,,41,5.19,0
ORD-25044,03/29/2025 16:36,02155,02126,rush,Emerson Hospital,D018,2025-03-29 16:50:00,2025-03-29 17:27:00,2025-03-29 18:56:00,2025-03-29 17:41:00,Y,GPS routing error sent driver to wrong building,26,8.0,0
ORD-25045,2025-01-22 09:44:00,02140,02170,routine,BioReference Labs,UNASSIGNED,2025-01-22 09:52:00,2025-01-22 10:18:00,2025-01-22 11:13:00,2025-01-22 14:27:00,Y,,5,22.68,0
ORD-25046,2025-02-23 04:33:00,02155,02191,ROUTINE,Northeast Laboratory,D036,2025-02-23 04:44:00,2025-02-23 05:22:00,2025-02-23 06:13:00,2025-02-23 07:40:00,Y,"client called to confirm - specimen critical, needs STAT upgrade",20,14.91,0
ORD-25047,01/03/2025 12:05,02186,02116,rush,Boston Medical Center,D010,2025-01-03 12:39:00,2025-01-03 13:07:00,2025-01-03 14:53:00,2025-01-03 13:58:00,Y,"client changed pickup time, driver redirected",20,9.35,0
ORD-25048,01-26-25 07:32 PM,01864,02109,RUSH,Children's Hospital,D033,2025-01-26 19:52:00,2025-01-26 20:02:00,2025-01-26 22:02:00,2025-01-26 21:09:00,Y,"driver called in sick mid-route, reassigning trips",36,19.46,0
ORD-25049,03-04-25 09:35 AM,02072,02186,SAME-DAY,Brigham and Womens,D016,2025-03-04 10:14:00,2025-03-04 10:38:00,2025-03-04 11:42:00,2025-03-04 12:15:00,Y,"elevator down at 15 Elm St, driver using stairs",29,26.73,0
ORD-25050,2025/03/26 21:31,01863,02192,Same-Day,Quest Diag,D029,2025-03-26 21:40:00,,2025-03-26 23:41:00,2025-03-27 01:22:00,Y,package refused by receiving staff - no signature authority,9,36.97,0
ORD-25051,2025-02-14 13:25:00,02188,02149,routine,BioReference Labs,D021,2025-02-14 14:08:00,2025-02-14 15:06:00,2025-02-14 16:52:00,2025-02-14 19:03:00,N,"wrong zip code on order, corrected",23,29.52,0
ORD-25052,2025/01/14 15:45,02108,02125,ROUTINE,Northeast Labs,D004,2025-01-14 16:06:00,2025-01-14 16:39:00,2025-01-14 17:39:00,2025-01-14 20:30:00,Y,,16,7.15,0
ORD-25053,2025-02-19 13:15:00,02129,02121,stat,Emerson Hospital,D017,2025-02-19 14:00:00,2025-02-19 14:39:00,2025-02-19 14:55:00,2025-02-19 13:50:00,N,called client re specimen integrity - awaiting callback,42,36.73,0
ORD-25054,2025/03/01 17:12,02188,02189,STAT,Labcorp Inc,D037,2025-03-01 17:33:00,,2025-03-01 19:45:00,2025-03-01 17:54:00,Y,delayed at security checkpoint - id verification required,8,29.46,0
ORD-25055,2025-02-07 15:14:00,02066,02132,ROUTINE,St. Elizabeth's Medical,D009,2025-02-07 15:57:00,2025-02-07 16:47:00,2025-02-07 17:14:00,2025-02-07 20:06:00,N,called client re specimen integrity - awaiting callback,13,14.39,0
ORD-25056,2025-01-24 07:50:00,02067,02195,ROUTINE,MGH,D017,2025-01-24 08:23:00,2025-01-24 08:51:00,2025-01-24 10:49:00,2025-01-24 11:19:00,Y,"wrong address on manifest, corrected enroute",14,12.06,0
ORD-25057,2025/03/29 14:25,02176,02199,RUSH,Labcorp Inc,UNASSIGNED,2025-03-29 15:02:00,2025-03-29 15:41:00,2025-03-29 16:11:00,2025-03-29 15:41:00,Y,,45,8.13,0
ORD-25058,2025/01/31 11:39,02126,02148,SAME-DAY,Mass General Hospital,D041,2025-01-31 12:11:00,2025-01-31 12:40:00,2025-01-31 14:24:00,2025-01-31 13:44:00,Y,lab closed early today per client,36,12.37,0
ORD-25059,2025-03-11 07:29:00,02200,02066,ROUTINE,BioReference Labs,D010,2025-03-11 07:58:00,2025-03-11 08:14:00,2025-03-11 09:52:00,2025-03-11 11:40:00,N,called client re specimen integrity - awaiting callback,18,36.34,0
ORD-25060,2025-01-14 21:23:00,02138,02152,STAT,MGH,D008,2025-01-14 21:55:00,2025-01-14 22:47:00,2025-01-14 23:13:00,2025-01-14 21:53:00,N,"pickup not ready, driver waiting 15+ min",20,30.86,1
ORD-25061,2025/03/13 08:13,02032,02149,Routine,St. Elizabeth's Medical,UNASSIGNED,2025-03-13 08:25:00,2025-03-13 09:09:00,2025-03-13 09:40:00,2025-03-13 14:02:00,Y,package refused by receiving staff - no signature authority,5,30.91,0
ORD-25062,03/18/2025 09:11,01863,02062,Rush,Boston Medical Center,D031,2025-03-18 09:42:00,2025-03-18 10:15:00,2025-03-18 12:09:00,2025-03-18 10:43:00,Y,"client called to confirm - specimen critical, needs STAT upgrade",7,34.94,0
ORD-25063,2025-03-27 11:29:00,01821,02108,same-day,Labcorp Inc,D007,2025-03-27 12:03:00,,2025-03-27 14:27:00,2025-03-27 14:46:00,N,package refused by receiving staff - no signature authority,22,24.11,0
ORD-25064,02/19/2025 23:33,02118,02026,Rush,South Shore Hospital,D036,2025-02-19 23:49:00,2025-02-20 00:27:00,2025-02-20 01:37:00,2025-02-20 01:25:00,Y,GPS routing error sent driver to wrong building,11,14.97,0
ORD-25065,02-03-25 09:09 AM,02113,02109,STAT,NE Labs,D007,2025-02-03 09:35:00,2025-02-03 09:53:00,2025-02-03 11:51:00,2025-02-03 09:56:00,Y,"driver called in sick mid-route, reassigning trips",12,33.77,0
ORD-25066,02/25/2025 17:46,02050,02025,RUSH,Boston Medical Center,D014,2025-02-25 17:58:00,2025-02-25 18:38:00,2025-02-25 20:17:00,2025-02-25 19:40:00,Y,recipient not available at delivery location,22,31.54,0
ORD-25067,2025-03-14 21:52:00,02142,02043,ROUTINE,St. Elizabeth's Medical,D018,2025-03-14 21:56:00,2025-03-14 22:23:00,2025-03-14 23:01:00,2025-03-15 02:18:00,Y,"driver vehicle breakdown, transfer to DD010 in progress",41,6.83,0
ORD-25068,03-24-25 09:05 PM,02026,02156,Rush,Quest Diag,D020,2025-03-24 21:28:00,2025-03-24 22:14:00,2025-03-25 00:08:00,2025-03-24 22:14:00,N,"client called to confirm - specimen critical, needs STAT upgrade",8,13.62,0
ORD-25069,03/05/2025 13:26,02155,02193,STAT,Children's Hospital,D038,2025-03-05 14:00:00,2025-03-05 14:52:00,2025-03-05 16:14:00,2025-03-05 14:15:00,N,traffic accident on route 1 delay,24,30.21,0
ORD-25070,2025-02-08 09:00:00,02107,02126,STAT,BioReference Labs,D033,2025-02-08 09:38:00,,2025-02-08 11:50:00,2025-02-08 09:31:00,Y,driver reports ice on roads in reading area,9,23.79,0
ORD-25071,2025-03-16 10:40:00,01860,02170,STAT,Quest Diag,D040,2025-03-16 11:12:00,,2025-03-16 13:28:00,2025-03-16 11:17:00,Y,redelivery needed: building locked,38,33.66,0
ORD-25072,02/14/2025 08:49,02119,02038,STAT,Tufts Med Center,D023,2025-02-14 09:14:00,2025-02-14 10:05:00,2025-02-14 11:53:00,2025-02-14 09:23:00,Y,"driver vehicle breakdown, transfer to DD039 in progress",14,26.46,0
ORD-25073,2025-01-24 20:40:00,02155,02200,Routine,Childrens Hospital,D037,2025-01-24 21:24:00,2025-01-24 22:13:00,2025-01-24 23:49:00,2025-01-25 01:00:00,N,"wrong address on manifest, corrected enroute",35,14.64,0
ORD-25074,01/09/2025 09:04,02109,02105,STAT,Quest Diagnostics,D006,2025-01-09 09:46:00,2025-01-09 10:28:00,2025-01-09 11:59:00,2025-01-09 10:04:00,Y,,7,31.63,0
ORD-25075,2025-03-26 07:38:00,01876,02108,rush,Quest Diag,D006,2025-03-26 08:13:00,,2025-03-26 10:11:00,2025-03-26 09:06:00,Y,"client called to confirm - specimen critical, needs STAT upgrade",15,35.25,0
ORD-25076,02-20-25 10:21 AM,01840,02035,ROUTINE,NE Labs,D036,2025-02-20 10:48:00,2025-02-20 11:14:00,2025-02-20 12:05:00,2025-02-20 15:55:00,Y,"pickup not ready, driver waiting 15+ min",10,9.24,0
ORD-25077,02-15-25 09:41 AM,02102,02119,ROUTINE,NE Labs,D025,2025-02-15 10:25:00,2025-02-15 10:56:00,2025-02-15 12:52:00,2025-02-15 15:36:00,Y,"wrong address on manifest, corrected enroute",32,5.11,0
ORD-25078,02/10/2025 07:13,02163,02190,stat,Boston Med Ctr,D019,2025-02-10 07:22:00,2025-02-10 08:21:00,2025-02-10 09:40:00,2025-02-10 07:59:00,N,"pickup not ready, driver waiting 15+ min",44,17.12,1
ORD-25079,2025/03/31 15:51,02150,02184,STAT,LabCorp,D016,2025-03-31 16:22:00,2025-03-31 16:50:00,2025-03-31 18:23:00,2025-03-31 16:28:00,Y,lab closed early today per client,35,11.0,0
ORD-25080,2025-03-29 19:28:00,02050,02156,ROUTINE,Children's Hospital,D013,2025-03-29 20:09:00,,2025-03-29 21:07:00,2025-03-30 00:03:00,Y,recipient not available at delivery location,38,14.05,0
ORD-25081,2025-01-22 08:57:00,02185,02180,STAT,Mass General Hospital,D023,2025-01-22 09:01:00,2025-01-22 09:14:00,2025-01-22 10:22:00,2025-01-22 09:39:00,Y,called client re specimen integrity - awaiting callback,170,32.61,0
ORD-25082,03/26/2025 09:09,02050,02188,ROUTINE,Boston Med Ctr,D031,2025-03-26 09:40:00,2025-03-26 09:50:00,,2025-03-26 13:04:00,Y,"driver ran out of dry ice, needs resupply",43,8.22,0
ORD-25083,02/07/2025 08:07,02105,02038,Routine,Childrens Hospital,D032,2025-02-07 08:48:00,2025-02-07 08:59:00,2025-02-07 10:22:00,2025-02-07 11:43:00,Y,"driver stuck in traffic on 93, running ~20 min late",44,23.62,0
ORD-25084,2025-01-25 13:05:00,02067,02109,Same-Day,BioReference Labs,D033,2025-01-25 13:43:00,2025-01-25 14:17:00,,2025-01-25 15:54:00,Y,driver cannot locate parking at hospital,6,6.76,0
ORD-25085,02/01/2025 15:40,02129,02062,Routine,Boston Med Ctr,D035,2025-02-01 16:04:00,2025-02-01 16:55:00,2025-02-01 18:54:00,2025-02-01 20:38:00,Y,"client changed pickup time, driver redirected",45,9.02,0
ORD-25086,03/01/2025 03:12,02021,02106,RUSH,Quest Diagnostics,D035,2025-03-01 03:45:00,2025-03-01 03:57:00,2025-03-01 04:44:00,2025-03-01 04:34:00,Y,specimen temp excursion possible - driver reports cooler malfunction,26,31.28,0
ORD-25087,2025-02-26 18:47:00,02101,02150,same-day,Tufts Medical,D024,2025-02-26 19:23:00,2025-02-26 19:38:00,,2025-02-26 22:04:00,Y,"driver vehicle breakdown, transfer to DD035 in progress",23,7.18,0
ORD-25088,2025-03-27 09:28:00,02106,02125,ROUTINE,LabCorp,D023,2025-03-27 10:10:00,2025-03-27 10:37:00,2025-03-27 11:47:00,2025-03-27 12:42:00,N,"wrong zip code on order, corrected",30,31.34,0
ORD-25089,01-05-25 07:38 AM,02108,02105,STAT,Mass General Hospital,D024,2025-01-05 08:04:00,,2025-01-05 09:54:00,2025-01-05 08:22:00,Y,called client re specimen integrity - awaiting callback,33,23.73,0
ORD-25090,2025-03-10 09:20:00,02038,02116,STAT,Brigham & Women's,D025,2025-03-10 09:58:00,2025-03-10 10:24:00,2025-03-10 10:54:00,2025-03-10 09:56:00,Y,lab closed early today per client,36,9.05,0
ORD-25091,01-11-25 10:57 AM,01851,02052,Same-Day,Quest Diag,D005,2025-01-11 11:35:00,2025-01-11 12:03:00,2025-01-11 13:27:00,2025-01-11 14:28:00,Y,"elevator down at 15 Elm St, driver using stairs",45,16.61,0
ORD-25092,01-30-25 06:12 AM,02035,02191,STAT,BioReference Labs,D030,2025-01-30 06:50:00,2025-01-30 07:39:00,,2025-01-30 06:54:00,Y,pickup completed but paperwork missing from package,35,30.27,0
ORD-25093,2025-03-16 05:20:00,02109,02187,ROUTINE,LabCorp,D036,2025-03-16 06:03:00,2025-03-16 06:24:00,2025-03-16 07:54:00,2025-03-16 10:28:00,Y,specimen temp excursion possible - driver reports cooler malfunction,12,14.69,0
ORD-25094,01/22/2025 09:45,02200,02194,SAME-DAY,NE Labs,D041,2025-01-22 10:23:00,2025-01-22 10:41:00,2025-01-22 11:31:00,2025-01-22 11:56:00,Y,"driver vehicle breakdown, transfer to DD038 in progress",42,26.57,0
ORD-25095,2025-03-20 09:59:00,02184,02104,STAT,Emerson Hospital,D017,2025-03-20 10:43:00,2025-03-20 11:42:00,2025-03-20 12:23:00,2025-03-20 10:29:00,Y,"wrong zip code on order, corrected",39,36.55,0
ORD-25096,03-04-25 08:51 AM,02053,02186,STAT,Northeast Laboratory,D027,2025-03-04 09:24:00,2025-03-04 09:47:00,2025-03-04 11:01:00,2025-03-04 09:48:00,Y,pickup completed but paperwork missing from package,27,8.88,0
ORD-25097,02/18/2025 11:06,02111,02118,RUSH,Mass General Hospital,D004,2025-02-18 11:27:00,2025-02-18 12:16:00,2025-02-18 13:20:00,2025-02-18 13:03:00,N,"pickup not ready, driver waiting 15+ min",41,10.86,1
ORD-25098,03/08/2025 11:56,01810,02113,Same-Day,Tufts Med Center,D016,2025-03-08 12:12:00,,2025-03-08 14:13:00,2025-03-08 15:12:00,Y,"wrong zip code on order, corrected",35,4.77,0
ORD-25099,01/15/2025 10:56,02067,02071,Rush,Northeast Laboratory,D037,2025-01-15 11:34:00,2025-01-15 12:07:00,,2025-01-15 12:28:00,Y,"driver ran out of dry ice, needs resupply",22,25.38,0
ORD-25100,2025-03-21 06:06:00,02171,02150,ROUTINE,LabCorp,D013,2025-03-21 06:47:00,2025-03-21 07:22:00,,2025-03-21 09:41:00,Y,,35,9.49,0
ORD-25101,2025-03-08 07:59:00,01879,02169,same-day,Cape Cod Hospital,D038,2025-03-08 08:23:00,2025-03-08 09:05:00,2025-03-08 10:24:00,2025-03-08 10:37:00,Y,"driver stuck in traffic on 93, running ~20 min late",28,8.17,0
ORD-25102,2025/02/24 12:50,02190,02053,ROUTINE,St. Elizabeth's Medical,D038,2025-02-24 13:29:00,,2025-02-24 15:09:00,2025-02-24 18:04:00,Y,"client called to confirm - specimen critical, needs STAT upgrade",29,27.3,0
ORD-25103,01/06/2025 12:44,01810,02184,RUSH,Boston Med Ctr,D014,2025-01-06 13:13:00,2025-01-06 14:12:00,2025-01-06 15:31:00,2025-01-06 14:38:00,Y,specimen temp excursion possible - driver reports cooler malfunction,13,23.29,0
ORD-25104,03/27/2025 11:24,01886,02186,SAME-DAY,Quest Diag,D017,2025-03-27 12:06:00,2025-03-27 12:28:00,2025-03-27 13:44:00,2025-03-27 14:02:00,N,lab closed early today per client,23,27.62,0
ORD-25105,2025/03/04 09:59,02150,02140,RUSH,Providence Health,D025,2025-03-04 10:27:00,2025-03-04 10:59:00,2025-03-04 12:58:00,2025-03-04 11:17:00,N,"elevator down at 15 Elm St, driver using stairs",10,19.32,0
ORD-25106,2025-03-04 08:52:00,02198,02199,ROUTINE,Boston Med Ctr,D038,2025-03-04 09:10:00,2025-03-04 09:23:00,2025-03-04 10:09:00,2025-03-04 14:35:00,Y,recipient not available at delivery location,31,20.33,0
ORD-25107,2025/03/30 15:00,02197,02124,Rush,Tufts Medical,D013,2025-03-30 15:21:00,2025-03-30 15:49:00,2025-03-30 16:45:00,2025-03-30 16:05:00,Y,specimen labeled incorrectly by client,39,32.99,0
ORD-25108,2025-01-06 18:11:00,02186,02126,SAME-DAY,Northeast Laboratory,D026,2025-01-06 18:45:00,2025-01-06 19:42:00,2025-01-06 20:20:00,2025-01-06 22:03:00,N,lab closed early today per client,41,35.6,0
ORD-25109,2025-03-01 22:34:00,02192,02120,routine,Childrens Hospital,D008,2025-03-01 22:58:00,2025-03-01 23:54:00,2025-03-02 00:29:00,2025-03-02 02:21:00,N,"pickup not ready, driver waiting 15+ min",23,29.87,1
ORD-25110,2025-03-24 18:52:00,02059,02113,Rush,Boston Medical Center,D009,2025-03-24 19:25:00,,2025-03-24 20:46:00,2025-03-24 20:20:00,Y,"pickup not ready, driver waiting 15+ min",24,23.69,0
ORD-25111,02/04/2025 13:44,02141,02118,rush,Brigham & Women's,D033,2025-02-04 14:06:00,2025-02-04 14:23:00,2025-02-04 16:06:00,2025-02-04 15:07:00,Y,specimen labeled incorrectly by client,13,19.74,0
ORD-25112,2025-03-20 09:44:00,02113,02067,ROUTINE,Lowell General,D016,2025-03-20 10:25:00,2025-03-20 10:40:00,2025-03-20 12:35:00,2025-03-20 14:16:00,N,delayed at security checkpoint - id verification required,12,22.85,0
ORD-25113,03/16/2025 12:10,02120,02184,STAT,Brigham and Womens,D032,2025-03-16 12:18:00,2025-03-16 12:56:00,2025-03-16 14:16:00,2025-03-16 12:56:00,Y,delayed at security checkpoint - id verification required,8,27.04,0
ORD-25114,02/10/2025 14:25,01801,02066,stat,NE Labs,D023,2025-02-10 14:32:00,2025-02-10 14:45:00,,2025-02-10 15:24:00,Y,lab closed early today per client,31,9.04,0
ORD-25115,2025/03/25 21:41,02071,02156,rush,Labcorp Inc,D035,2025-03-25 21:52:00,,2025-03-26 00:02:00,2025-03-25 23:06:00,Y,pickup completed but paperwork missing from package,19,29.83,0
ORD-25116,2025-02-09 11:46:00,02122,02156,routine,Mass General Hospital,D010,2025-02-09 12:06:00,2025-02-09 13:02:00,,2025-02-09 17:35:00,Y,dispatcher note: double-check temp on this one before logging,6,6.75,0
ORD-25117,03-19-25 03:38 AM,02190,02107,Stat,Northeast Laboratory,D015,2025-03-19 04:15:00,2025-03-19 05:13:00,,2025-03-19 04:24:00,Y,specimen labeled incorrectly by client,41,24.53,0
ORD-25118,03/29/2025 16:15,01867,02047,ROUTINE,Children's Hospital,D004,2025-03-29 16:53:00,2025-03-29 17:50:00,2025-03-29 19:20:00,2025-03-29 21:04:00,Y,specimen temp excursion possible - driver reports cooler malfunction,27,26.99,0
ORD-25119,2025-03-10 09:26:00,02053,02156,stat,BioReference Labs,D015,2025-03-10 09:48:00,2025-03-10 10:07:00,2025-03-10 11:52:00,2025-03-10 10:13:00,Y,GPS routing error sent driver to wrong building,40,17.51,0
ORD-25120,02/03/2025 08:41,02109,02155,STAT,Cape Cod Hospital,D004,2025-02-03 09:01:00,2025-02-03 09:54:00,,2025-02-03 09:13:00,N,dispatcher note: double-check temp on this one before logging,42,23.22,0
ORD-25121,,02198,02128,Same-Day,Boston Medical Center,D031,2025-02-13 10:16:00,2025-02-13 11:04:00,2025-02-13 12:48:00,2025-02-13 12:28:00,Y,dispatcher note: double-check temp on this one before logging,23,22.38,0
ORD-25122,2025-02-16 09:23:00,02116,02187,STAT,Cape Cod Hospital,D021,2025-02-16 09:39:00,2025-02-16 10:09:00,2025-02-16 11:11:00,2025-02-16 10:00:00,Y,"driver stuck in traffic on 93, running ~20 min late",21,24.07,0
ORD-25123,02/24/2025 09:12,02072,02200,routine,Tufts Medical,D022,2025-02-24 09:31:00,2025-02-24 10:12:00,2025-02-24 12:04:00,2025-02-24 14:17:00,Y,pickup completed but paperwork missing from package,27,28.63,0
ORD-25124,2025-03-05 07:56:00,02138,02108,ROUTINE,NE Labs,D004,2025-03-05 07:59:00,2025-03-05 08:17:00,2025-03-05 09:24:00,2025-03-05 11:34:00,N,specimen container damaged on pickup,34,25.2,0
ORD-25125,2025-03-21 18:42:00,01801,02196,ROUTINE,Northeast Labs,UNASSIGNED,2025-03-21 19:02:00,,2025-03-21 20:53:00,2025-03-22 00:34:00,Y,,16,7.73,0
ORD-25126,2025-01-21 08:39:00,02180,02152,RUSH,Labcorp Inc,D026,2025-01-21 09:11:00,2025-01-21 09:36:00,2025-01-21 11:03:00,2025-01-21 10:22:00,Y,"wrong address on manifest, corrected enroute",7,17.21,0
ORD-25127,,01880,02111,ROUTINE,Children's Hospital,D022,2025-03-13 12:19:00,2025-03-13 13:02:00,2025-03-13 13:29:00,2025-03-13 17:37:00,Y,"client changed pickup time, driver redirected",22,6.99,0
ORD-25128,02-06-25 06:36 PM,01886,02145,STAT,Brigham and Womens,D026,2025-02-06 18:43:00,2025-02-06 19:03:00,2025-02-06 19:56:00,2025-02-06 19:33:00,Y,,39,29.81,0
ORD-25129,01-19-25 04:44 PM,02118,02066,same-day,Northeast Laboratory,D015,2025-01-19 16:51:00,2025-01-19 17:39:00,2025-01-19 18:37:00,2025-01-19 19:34:00,Y,"pickup not ready, driver waiting 15+ min",6,30.75,0
ORD-25130,2025-02-28 11:22:00,02072,02180,stat,Providence Health,D006,2025-02-28 12:04:00,2025-02-28 12:29:00,2025-02-28 13:21:00,2025-02-28 11:56:00,Y,,45,17.55,0
ORD-25131,2025/02/17 06:00,02108,02153,Routine,Boston Medical Center,D012,2025-02-17 06:30:00,2025-02-17 07:15:00,2025-02-17 08:27:00,2025-02-17 09:06:00,N,"driver ran out of dry ice, needs resupply",10,30.78,0
ORD-25132,01-03-25 09:24 AM,02150,02199,SAME-DAY,Mass General Hospital,D011,2025-01-03 09:51:00,2025-01-03 10:09:00,2025-01-03 10:45:00,2025-01-03 11:42:00,N,GPS routing error sent driver to wrong building,22,20.72,1
ORD-25133,2025-02-03 19:46:00,02131,02030,stat,Boston Medical Center,D001,2025-02-03 20:14:00,2025-02-03 21:03:00,2025-02-03 22:00:00,2025-02-03 20:30:00,Y,,43,15.24,0
ORD-25134,03/31/2025 07:20,02102,02145,RUSH,South Shore Hospital,D037,2025-03-31 07:38:00,2025-03-31 08:12:00,2025-03-31 09:08:00,2025-03-31 08:43:00,N,delayed at security checkpoint - id verification required,17,22.78,0
ORD-25135,2025-03-13 03:46:00,02148,02130,Rush,Quest Diagnostics,D005,2025-03-13 04:15:00,2025-03-13 04:56:00,2025-03-13 06:37:00,2025-03-13 05:02:00,Y,"elevator down at 15 Elm St, driver using stairs",32,6.98,0
ORD-25136,2025-03-19 11:25:00,02197,02053,Rush,Northeast Laboratory,D024,2025-03-19 12:02:00,2025-03-19 12:52:00,2025-03-19 14:23:00,2025-03-19 12:40:00,Y,called client re specimen integrity - awaiting callback,15,5.98,0
ORD-25137,2025/03/25 14:25,02060,02180,STAT,Boston Medical Center,D033,2025-03-25 15:01:00,2025-03-25 15:48:00,2025-03-25 17:14:00,2025-03-25 15:06:00,Y,dispatcher note: double-check temp on this one before logging,42,9.55,0
ORD-25138,2025-01-05 11:18:00,01850,02116,routine,Cape Cod Hospital,D020,2025-01-05 11:42:00,2025-01-05 12:42:00,2025-01-05 13:55:00,2025-01-05 16:19:00,N,pickup completed but paperwork missing from package,33,14.56,0
ORD-25139,2025-01-16 02:21:00,02142,02125,SAME-DAY,Cape Cod Hospital,D012,2025-01-16 02:59:00,2025-01-16 03:30:00,2025-01-16 04:05:00,2025-01-16 04:50:00,Y,"wrong zip code on order, corrected",16,26.52,0
ORD-25140,2025/02/21 03:39,02109,02021,Rush,Northeast Labs,D014,2025-02-21 03:59:00,2025-02-21 04:54:00,,2025-02-21 04:45:00,Y,"driver ran out of dry ice, needs resupply",16,11.1,0
ORD-25141,2025-01-16 08:55:00,02136,02145,ROUTINE,St. Elizabeth's Medical,D008,2025-01-16 09:20:00,2025-01-16 09:59:00,2025-01-16 10:59:00,2025-01-16 14:55:00,Y,,44,27.02,0
ORD-25142,02/11/2025 06:19,02071,02053,STAT,Labcorp Inc,D009,2025-02-11 06:58:00,2025-02-11 07:35:00,2025-02-11 08:39:00,2025-02-11 07:11:00,Y,,16,20.9,0
ORD-25143,2025-01-19 07:53:00,01840,02152,Same-Day,Tufts Medical,D025,2025-01-19 08:31:00,2025-01-19 09:22:00,2025-01-19 10:41:00,2025-01-19 10:46:00,Y,driver reports ice on roads in reading area,36,23.44,0
ORD-25144,01/30/2025 09:17,02050,02125,Routine,Providence Health,D032,2025-01-30 09:55:00,2025-01-30 10:12:00,2025-01-30 11:32:00,2025-01-30 14:36:00,Y,called client re specimen integrity - awaiting callback,39,5.89,0
ORD-25145,02/27/2025 12:27,02185,02045,Routine,Quest Diagnostics,D003,2025-02-27 12:58:00,2025-02-27 13:30:00,2025-02-27 14:18:00,2025-02-27 15:57:00,Y,specimen labeled incorrectly by client,18,24.2,0
ORD-25146,2025-02-15 17:39:00,01880,02030,STAT,Brigham and Womens,D004,2025-02-15 18:18:00,2025-02-15 19:02:00,2025-02-15 20:01:00,2025-02-15 18:19:00,Y,lab closed early today per client,23,36.41,0
ORD-25147,2025/03/08 22:43,01864,02067,Routine,Northeast Laboratory,D009,2025-03-08 22:54:00,2025-03-08 23:13:00,2025-03-08 23:59:00,2025-03-09 04:36:00,Y,package refused by receiving staff - no signature authority,41,25.53,0
ORD-25148,02-19-25 10:40 AM,02163,02113,Rush,Cape Cod Hospital,D024,2025-02-19 11:12:00,2025-02-19 11:42:00,2025-02-19 12:59:00,2025-02-19 12:34:00,Y,pickup completed but paperwork missing from package,34,27.86,0
ORD-25149,01/10/2025 16:25,02106,02131,ROUTINE,Quest Diag,D022,2025-01-10 17:03:00,2025-01-10 17:21:00,2025-01-10 18:49:00,2025-01-10 20:52:00,Y,dispatcher note: double-check temp on this one before logging,8,25.48,0
ORD-25150,2025/03/01 01:59,02108,02186,STAT,Children's Hospital,D009,2025-03-01 02:43:00,2025-03-01 03:03:00,2025-03-01 03:56:00,2025-03-01 02:31:00,Y,driver cannot locate parking at hospital,10,34.78,0
ORD-25151,01/23/2025 04:40,02145,02067,stat,Emerson Hospital,D007,2025-01-23 04:43:00,,2025-01-23 06:05:00,2025-01-23 05:26:00,Y,"driver stuck in traffic on 93, running ~20 min late",5,31.87,0
ORD-25152,02/25/2025 14:30,02101,02113,Routine,Boston Medical Center,D024,2025-02-25 14:52:00,2025-02-25 15:26:00,2025-02-25 15:58:00,2025-02-25 18:04:00,Y,"driver called in sick mid-route, reassigning trips",14,23.37,0
ORD-25153,2025-03-21 13:28:00,02026,02035,Routine,Children's Hospital,D029,2025-03-21 13:44:00,2025-03-21 14:00:00,2025-03-21 14:26:00,2025-03-21 18:06:00,Y,GPS routing error sent driver to wrong building,25,12.8,0
ORD-25154,2025-03-25 05:35:00,02150,02026,RUSH,South Shore Hospital,UNASSIGNED,2025-03-25 06:20:00,2025-03-25 06:43:00,2025-03-25 07:36:00,2025-03-25 07:22:00,Y,"wrong zip code on order, corrected",8,31.09,0
ORD-25155,02/01/2025 11:07,02136,02025,STAT,Northeast Labs,D021,2025-02-01 11:18:00,2025-02-01 12:04:00,2025-02-01 13:08:00,2025-02-01 11:42:00,Y,dispatcher note: double-check temp on this one before logging,154,4.96,0
ORD-25156,2025/01/29 03:03,02102,02192,RUSH,South Shore Hospital,D027,2025-01-29 03:33:00,,2025-01-29 05:52:00,2025-01-29 04:42:00,N,"wrong address on manifest, corrected enroute",24,35.35,0
ORD-25157,2025-01-21 12:25:00,02156,02045,ROUTINE,NE Labs,D028,2025-01-21 12:43:00,,2025-01-21 13:30:00,2025-01-21 17:21:00,Y,specimen temp excursion possible - driver reports cooler malfunction,24,26.54,0
ORD-25158,01/24/2025 06:45,01803,02124,ROUTINE,LabCorp,D017,2025-01-24 06:58:00,2025-01-24 07:16:00,2025-01-24 08:18:00,2025-01-24 10:15:00,Y,"driver stuck in traffic on 93, running ~20 min late",26,13.61,0
ORD-25159,2025-01-10 08:36:00,02116,02186,ROUTINE,Northeast Laboratory,D037,2025-01-10 08:49:00,2025-01-10 09:09:00,2025-01-10 10:11:00,2025-01-10 14:02:00,Y,recipient not available at delivery location,19,4.59,0
ORD-25160,2025-01-03 08:30:00,02196,02122,stat,Northeast Laboratory,D027,2025-01-03 08:47:00,2025-01-03 09:12:00,2025-01-03 10:08:00,2025-01-03 09:08:00,Y,delayed at security checkpoint - id verification required,28,27.06,0
ORD-25161,2025-01-08 07:51:00,01832,02170,STAT,Childrens Hospital,D020,2025-01-08 08:14:00,2025-01-08 08:59:00,2025-01-08 09:25:00,2025-01-08 08:30:00,Y,lab closed early today per client,44,16.84,0
ORD-25162,03/06/2025 23:49,02194,02197,Routine,Mass General Hospital,D027,2025-03-06 23:53:00,2025-03-07 00:37:00,2025-03-07 01:21:00,2025-03-07 02:51:00,Y,"driver stuck in traffic on 93, running ~20 min late",29,28.86,0
ORD-25163,2025-01-15 08:15:00,01841,02121,Routine,NE Labs,D015,2025-01-15 08:51:00,2025-01-15 09:45:00,2025-01-15 10:52:00,2025-01-15 11:36:00,Y,specimen container damaged on pickup,13,17.71,0
ORD-25164,03-18-25 12:27 PM,01863,02134,RUSH,Quest Diag,D026,2025-03-18 12:50:00,2025-03-18 13:28:00,,2025-03-18 13:39:00,N,dispatcher note: double-check temp on this one before logging,42,8.04,0
ORD-25165,2025-02-11 10:34:00,02163,02130,rush,Childrens Hospital,D008,2025-02-11 10:42:00,2025-02-11 11:35:00,2025-02-11 12:10:00,2025-02-11 12:12:00,N,,25,28.32,0
ORD-25166,02/21/2025 11:43,02180,02126,STAT,Labcorp Inc,D036,2025-02-21 12:21:00,2025-02-21 12:37:00,2025-02-21 13:23:00,2025-02-21 12:17:00,N,specimen temp excursion possible - driver reports cooler malfunction,19,32.09,0
ORD-25167,2025-03-23 19:05:00,02045,02110,STAT,NE Labs,D029,2025-03-23 19:16:00,2025-03-23 19:47:00,2025-03-23 20:13:00,2025-03-23 19:36:00,N,delayed at security checkpoint - id verification required,32,17.73,1
ORD-25168,03/30/2025 10:22,02001,02140,RUSH,Boston Med Ctr,UNASSIGNED,2025-03-30 11:04:00,2025-03-30 11:29:00,2025-03-30 13:02:00,2025-03-30 12:18:00,Y,specimen temp excursion possible - driver reports cooler malfunction,10,9.1,0
ORD-25169,2025-01-27 13:51:00,02135,02197,routine,Labcorp Inc,D023,2025-01-27 14:24:00,2025-01-27 15:24:00,2025-01-27 16:48:00,2025-01-27 18:59:00,Y,driver cannot locate parking at hospital,425,11.84,0
ORD-25170,2025-02-06 04:30:00,02163,02019,same-day,Brigham & Women's,D016,2025-02-06 04:50:00,2025-02-06 05:50:00,,2025-02-06 06:58:00,Y,,29,32.61,0
ORD-25171,01/24/2025 07:37,02152,02054,RUSH,Providence Health,UNASSIGNED,2025-01-24 08:02:00,2025-01-24 08:48:00,2025-01-24 10:15:00,2025-01-24 09:30:00,Y,,36,10.38,0
ORD-25172,2025-01-06 06:14:00,01810,02195,ROUTINE,Quest Diag,D013,2025-01-06 06:25:00,2025-01-06 07:20:00,2025-01-06 08:18:00,2025-01-06 10:36:00,N,package refused by receiving staff - no signature authority,42,9.25,1
ORD-25173,2025-03-10 17:04:00,02199,02047,Rush,Boston Medical Center,D021,2025-03-10 17:15:00,2025-03-10 18:11:00,2025-03-10 18:46:00,2025-03-10 18:35:00,Y,"driver vehicle breakdown, transfer to DD036 in progress",44,11.98,0
ORD-25174,03/18/2025 16:24,02144,02142,STAT,Cape Cod Hospital,UNASSIGNED,2025-03-18 17:03:00,2025-03-18 18:02:00,,2025-03-18 17:13:00,Y,,44,23.45,0
ORD-25175,03/06/2025 07:47,02062,02145,STAT,NE Labs,D041,2025-03-06 08:11:00,2025-03-06 08:21:00,2025-03-06 09:33:00,2025-03-06 08:19:00,Y,,11,6.11,0
ORD-25176,2025/02/27 15:10,02116,02156,RUSH,Labcorp Inc,D031,2025-02-27 15:49:00,2025-02-27 16:47:00,2025-02-27 18:25:00,2025-02-27 16:14:00,Y,specimen temp excursion possible - driver reports cooler malfunction,253,36.38,0
ORD-25177,2025-01-11 09:56:00,02151,02110,ROUTINE,NE Labs,D040,2025-01-11 10:29:00,2025-01-11 10:40:00,2025-01-11 12:25:00,2025-01-11 15:31:00,Y,"driver vehicle breakdown, transfer to DD004 in progress",11,37.14,0
ORD-25178,2025/02/23 14:46,02124,02138,ROUTINE,Quest Diagnostics,D004,2025-02-23 15:14:00,2025-02-23 15:59:00,2025-02-23 17:27:00,2025-02-23 19:18:00,N,"wrong address on manifest, corrected enroute",23,25.44,0
ORD-25179,2025-01-14 02:10:00,01850,02188,routine,Quest Diagnostics,D031,2025-01-14 02:44:00,,2025-01-14 04:49:00,2025-01-14 05:57:00,Y,redelivery needed: building locked,28,5.99,0
ORD-25180,2025/02/27 11:14,02127,02108,STAT,South Shore Hospital,D006,2025-02-27 11:59:00,2025-02-27 12:43:00,2025-02-27 13:42:00,2025-02-27 11:51:00,Y,,29,18.52,0
ORD-25181,2025-03-11 14:59:00,02191,02134,ROUTINE,NE Labs,D003,2025-03-11 15:34:00,2025-03-11 16:17:00,2025-03-11 17:45:00,2025-03-11 20:37:00,N,dispatcher note: double-check temp on this one before logging,33,37.48,0
ORD-25182,01/26/2025 06:27,02143,02180,stat,Emerson Hospital,D039,2025-01-26 06:46:00,2025-01-26 07:42:00,,2025-01-26 07:09:00,Y,"driver ran out of dry ice, needs resupply",25,21.91,0
ORD-25183,2025-01-03 15:39:00,02170,02176,STAT,Boston Med Ctr,D038,2025-01-03 16:19:00,2025-01-03 16:35:00,2025-01-03 18:27:00,2025-01-03 16:12:00,Y,,39,33.91,0
ORD-25184,2025-02-04 10:31:00,02113,02105,STAT,Labcorp Inc,D039,2025-02-04 10:59:00,2025-02-04 11:34:00,2025-02-04 11:53:00,2025-02-04 11:08:00,N,"client changed pickup time, driver redirected",22,5.18,0
ORD-25185,2025-02-09 09:53:00,02145,02052,STAT,Mass General Hospital,D029,2025-02-09 10:16:00,2025-02-09 11:12:00,2025-02-09 12:01:00,2025-02-09 10:29:00,Y,,31,29.94,0
ORD-25186,02-18-25 04:32 PM,01843,02144,Routine,Labcorp Inc,D034,2025-02-18 17:11:00,2025-02-18 17:32:00,2025-02-18 17:50:00,2025-02-18 19:46:00,Y,driver reports ice on roads in reading area,8,28.11,0
ORD-25187,2025-02-06 09:29:00,02136,02118,ROUTINE,Mass General Hospital,D039,2025-02-06 10:00:00,2025-02-06 10:40:00,2025-02-06 11:17:00,2025-02-06 13:10:00,Y,driver cannot locate parking at hospital,10,17.45,0
ORD-25188,2025/01/22 17:49,02188,02132,ROUTINE,Lowell General,D027,2025-01-22 18:24:00,2025-01-22 19:23:00,2025-01-22 19:40:00,2025-01-22 22:50:00,Y,"wrong zip code on order, corrected",16,4.78,0
ORD-25189,02-03-25 01:19 PM,02148,02043,RUSH,Labcorp Inc,D030,2025-02-03 13:38:00,2025-02-03 14:17:00,2025-02-03 14:59:00,2025-02-03 14:58:00,Y,recipient not available at delivery location,5,26.69,0
ORD-25190,2025-02-18 12:38:00,02053,02052,STAT,NE Labs,D018,2025-02-18 13:21:00,2025-02-18 13:48:00,2025-02-18 14:44:00,2025-02-18 13:36:00,Y,traffic accident on route 1 delay,14,12.55,0
ORD-25191,2025/01/09 16:51,02103,02047,RUSH,Boston Med Ctr,D032,2025-01-09 17:12:00,2025-01-09 17:48:00,2025-01-09 18:36:00,2025-01-09 18:28:00,Y,delayed at security checkpoint - id verification required,17,28.4,0
ORD-25192,2025-03-30 12:50:00,02199,02048,RUSH,Quest Diagnostics,D036,2025-03-30 13:04:00,2025-03-30 13:20:00,2025-03-30 14:12:00,2025-03-30 14:36:00,Y,dispatcher note: double-check temp on this one before logging,16,34.64,0
ORD-25193,03/26/2025 06:22,02190,02144,Rush,Quest Diag,D038,2025-03-26 06:43:00,2025-03-26 07:00:00,2025-03-26 08:14:00,2025-03-26 07:59:00,Y,"client called to confirm - specimen critical, needs STAT upgrade",9,11.02,0
ORD-25194,2025-01-17 17:24:00,02104,02107,SAME-DAY,Boston Med Ctr,D013,2025-01-17 17:48:00,2025-01-17 18:34:00,2025-01-17 19:41:00,2025-01-17 19:42:00,Y,"elevator down at 15 Elm St, driver using stairs",16,20.83,0
ORD-25195,2025-03-23 22:20:00,01801,02185,RUSH,Brigham & Women's,D011,2025-03-23 22:54:00,2025-03-23 23:52:00,2025-03-24 01:47:00,2025-03-23 23:47:00,Y,redelivery needed: building locked,32,17.34,0
ORD-25196,2025-01-06 12:46:00,01803,02148,Routine,Tufts Med Center,D001,2025-01-06 13:29:00,2025-01-06 13:54:00,2025-01-06 15:42:00,2025-01-06 17:05:00,N,redelivery needed: building locked,37,10.1,0
ORD-25197,02-09-25 08:29 PM,02131,02195,RUSH,Lowell General,D022,2025-02-09 21:03:00,2025-02-09 22:01:00,2025-02-09 23:01:00,2025-02-09 22:27:00,Y,"driver stuck in traffic on 93, running ~20 min late",19,37.49,0
ORD-25198,2025-01-29 15:37:00,01862,02153,Routine,Northeast Laboratory,D041,2025-01-29 15:56:00,2025-01-29 16:40:00,2025-01-29 18:33:00,2025-01-29 18:49:00,Y,"wrong zip code on order, corrected",6,8.38,0
ORD-25199,02/27/2025 10:35,02145,02122,stat,Lowell General,D020,2025-02-27 11:04:00,2025-02-27 11:20:00,2025-02-27 12:59:00,2025-02-27 11:24:00,Y,GPS routing error sent driver to wrong building,11,25.19,0
ORD-25200,2025-02-07 06:06:00,02132,02129,Routine,Tufts Med Center,D023,2025-02-07 06:35:00,,2025-02-07 07:47:00,2025-02-07 09:59:00,Y,"client changed pickup time, driver redirected",26,4.93,0
ORD-25201,2025-01-13 18:53:00,02116,02122,Same-Day,Tufts Med Center,D007,2025-01-13 19:12:00,2025-01-13 19:36:00,2025-01-13 21:13:00,2025-01-13 21:26:00,Y,recipient not available at delivery location,16,33.05,0
ORD-25202,2025-02-17 16:20:00,01860,02114,routine,Northeast Laboratory,UNASSIGNED,2025-02-17 16:31:00,2025-02-17 17:22:00,2025-02-17 19:01:00,2025-02-17 21:12:00,Y,driver cannot locate parking at hospital,10,15.98,0
ORD-25203,01/16/2025 10:29,02101,02053,routine,Children's Hospital,D011,2025-01-16 10:39:00,2025-01-16 11:33:00,2025-01-16 12:04:00,2025-01-16 14:09:00,N,,42,23.56,0
ORD-25204,2025-03-21 10:22:00,02189,02052,SAME-DAY,Cape Cod Hospital,D009,2025-03-21 10:55:00,2025-03-21 11:12:00,2025-03-21 12:29:00,2025-03-21 12:30:00,Y,"pickup not ready, driver waiting 15+ min",5,27.21,0
ORD-25205,2025/03/16 14:14,02141,02150,ROUTINE,South Shore Hospital,D007,2025-03-16 14:44:00,2025-03-16 15:40:00,2025-03-16 17:19:00,2025-03-16 20:07:00,Y,package refused by receiving staff - no signature authority,40,25.03,0
ORD-25206,2025-01-03 13:10:00,02113,02191,SAME-DAY,NE Labs,D021,2025-01-03 13:28:00,,2025-01-03 14:52:00,2025-01-03 16:32:00,Y,,20,19.38,0
ORD-25207,2025-03-16 10:54:00,02056,02118,same-day,Cape Cod Hospital,D007,2025-03-16 11:22:00,2025-03-16 11:34:00,,2025-03-16 13:05:00,Y,"client called to confirm - specimen critical, needs STAT upgrade",45,21.53,0
ORD-25208,2025/01/28 13:29,02067,02107,routine,Childrens Hospital,D040,2025-01-28 14:10:00,2025-01-28 15:05:00,2025-01-28 16:20:00,2025-01-28 16:58:00,N,"driver called in sick mid-route, reassigning trips",301,32.3,0
ORD-25209,02-08-25 12:23 PM,01832,02125,ROUTINE,South Shore Hospital,D027,2025-02-08 12:32:00,2025-02-08 13:21:00,2025-02-08 14:08:00,2025-02-08 17:03:00,Y,,17,8.11,0
ORD-25210,2025/02/24 04:40,02130,02118,Routine,Childrens Hospital,D038,2025-02-24 05:15:00,,2025-02-24 06:28:00,2025-02-24 10:01:00,Y,,42,21.53,0
ORD-25211,01-24-25 02:11 PM,01863,02115,Rush,St. Elizabeth's Medical,D021,2025-01-24 14:46:00,2025-01-24 15:22:00,2025-01-24 16:26:00,2025-01-24 15:59:00,Y,redelivery needed: building locked,26,19.67,0
ORD-25212,01-19-25 07:38 AM,02153,02193,RUSH,South Shore Hospital,D021,2025-01-19 08:16:00,2025-01-19 08:39:00,2025-01-19 10:14:00,2025-01-19 08:56:00,Y,,13,26.28,0
ORD-25213,2025-01-24 11:44:00,02148,02116,Routine,BioReference Labs,D037,2025-01-24 12:29:00,2025-01-24 13:05:00,2025-01-24 14:50:00,2025-01-24 17:00:00,Y,,32,22.01,0
ORD-25214,01-05-25 10:03 AM,02021,02139,Routine,Brigham & Women's,D017,2025-01-05 10:15:00,2025-01-05 11:09:00,2025-01-05 11:31:00,2025-01-05 15:21:00,N,,33,33.58,0
ORD-25215,2025-01-30 15:35:00,02119,02054,RUSH,Lowell General,D025,2025-01-30 16:02:00,2025-01-30 17:02:00,2025-01-30 18:10:00,2025-01-30 17:10:00,N,pickup completed but paperwork missing from package,21,33.61,0
ORD-25216,2025-02-27 16:58:00,02148,02043,RUSH,Providence Health,D039,2025-02-27 17:13:00,2025-02-27 18:09:00,2025-02-27 20:03:00,2025-02-27 18:09:00,Y,"wrong address on manifest, corrected enroute",16,29.13,0
ORD-25217,01/17/2025 10:27,02045,02119,STAT,MGH,UNASSIGNED,2025-01-17 10:59:00,,2025-01-17 13:03:00,2025-01-17 11:16:00,N,,45,26.67,0
ORD-25218,03-16-25 12:04 PM,02056,02195,stat,Brigham & Women's,D033,2025-03-16 12:17:00,2025-03-16 13:01:00,2025-03-16 14:09:00,2025-03-16 12:41:00,Y,"driver called in sick mid-route, reassigning trips",26,14.33,0
ORD-25219,2025/03/22 12:35,02139,02102,STAT,LabCorp,D040,2025-03-22 13:17:00,2025-03-22 13:29:00,2025-03-22 14:15:00,2025-03-22 13:34:00,Y,recipient not available at delivery location,29,28.75,0
ORD-25220,01-05-25 06:52 PM,02119,02193,rush,Northeast Laboratory,D013,2025-01-05 19:15:00,2025-01-05 19:30:00,2025-01-05 20:50:00,2025-01-05 20:41:00,Y,"driver stuck in traffic on 93, running ~20 min late",45,26.96,0
ORD-25221,2025/01/29 17:27,02025,02196,routine,Cape Cod Hospital,D005,2025-01-29 17:39:00,2025-01-29 18:18:00,,2025-01-29 20:45:00,N,,21,23.76,0
ORD-25222,2025-02-04 10:28:00,02107,02145,STAT,Lowell General,D001,2025-02-04 11:12:00,,2025-02-04 13:48:00,2025-02-04 10:59:00,Y,"wrong address on manifest, corrected enroute",27,8.06,0
ORD-25223,03/30/2025 09:05,02197,02184,RUSH,Lowell General,UNASSIGNED,2025-03-30 09:18:00,2025-03-30 09:42:00,2025-03-30 11:05:00,2025-03-30 10:56:00,Y,lab closed early today per client,45,27.19,0
ORD-25224,2025-03-25 09:00:00,02126,02121,STAT,Northeast Labs,D026,2025-03-25 09:37:00,2025-03-25 09:52:00,2025-03-25 11:17:00,2025-03-25 09:58:00,Y,traffic accident on route 1 delay,31,33.02,0
ORD-25225,2025-01-20 07:14:00,02043,02128,STAT,Lowell General,D004,2025-01-20 07:52:00,2025-01-20 08:43:00,2025-01-20 09:57:00,2025-01-20 07:46:00,Y,traffic accident on route 1 delay,42,15.58,0
ORD-25226,01/18/2025 14:15,02134,02109,SAME-DAY,Quest Diag,D022,2025-01-18 14:57:00,2025-01-18 15:26:00,2025-01-18 17:05:00,2025-01-18 17:27:00,Y,"pickup not ready, driver waiting 15+ min",32,14.99,0
ORD-25227,2025-01-30 14:41:00,02186,02153,STAT,Cape Cod Hospital,D031,2025-01-30 15:13:00,2025-01-30 15:45:00,2025-01-30 16:57:00,2025-01-30 15:14:00,N,"client called to confirm - specimen critical, needs STAT upgrade",10,33.27,1
ORD-25228,2025/03/11 07:46,01845,02061,STAT,Northeast Labs,D041,2025-03-11 07:50:00,2025-03-11 08:37:00,2025-03-11 10:36:00,2025-03-11 08:22:00,Y,"driver ran out of dry ice, needs resupply",21,37.96,0
ORD-25229,2025-03-03 13:09:00,02030,02072,ROUTINE,Quest Diagnostics,D033,2025-03-03 13:44:00,2025-03-03 14:19:00,,2025-03-03 17:10:00,Y,,44,29.87,0
ORD-25230,2025-01-19 10:11:00,02127,02047,SAME-DAY,Boston Med Ctr,D031,2025-01-19 10:36:00,2025-01-19 11:00:00,2025-01-19 11:20:00,2025-01-19 12:44:00,Y,specimen temp excursion possible - driver reports cooler malfunction,18,31.01,0
ORD-25231,2025/02/20 11:29,01832,02045,RUSH,South Shore Hospital,D041,2025-02-20 11:49:00,2025-02-20 12:15:00,2025-02-20 14:04:00,2025-02-20 12:53:00,Y,called client re specimen integrity - awaiting callback,42,32.49,0
ORD-25232,03/09/2025 08:58,02103,02152,routine,LabCorp,D031,2025-03-09 09:39:00,2025-03-09 10:21:00,2025-03-09 10:36:00,2025-03-09 12:56:00,N,"wrong zip code on order, corrected",22,10.76,0
ORD-25233,2025/01/17 13:26,02150,02116,ROUTINE,Tufts Medical,D038,2025-01-17 13:39:00,,,2025-01-17 18:52:00,Y,package refused by receiving staff - no signature authority,45,34.34,0
ORD-25234,2025/01/20 04:16,02120,02170,ROUTINE,Providence Health,D019,2025-01-20 04:24:00,2025-01-20 05:02:00,2025-01-20 05:44:00,2025-01-20 09:19:00,N,,31,31.12,0
ORD-25235,01/25/2025 13:32,02150,02052,RUSH,Childrens Hospital,D005,2025-01-25 13:49:00,2025-01-25 14:23:00,,2025-01-25 15:05:00,Y,specimen container damaged on pickup,31,24.78,0
ORD-25236,2025-01-24 11:39:00,02191,02196,ROUTINE,Boston Medical Center,D009,2025-01-24 12:20:00,2025-01-24 12:30:00,2025-01-24 13:54:00,2025-01-24 17:25:00,Y,GPS routing error sent driver to wrong building,28,27.87,0
ORD-25237,2025-02-25 08:51:00,02163,02156,RUSH,Cape Cod Hospital,D037,2025-02-25 09:00:00,2025-02-25 09:18:00,2025-02-25 10:27:00,2025-02-25 10:49:00,Y,lab closed early today per client,43,18.19,0
ORD-25238,01-26-25 12:47 AM,02128,02194,STAT,Northeast Labs,D014,2025-01-26 01:10:00,,2025-01-26 02:50:00,2025-01-26 01:35:00,Y,,39,16.75,0
ORD-25239,02-06-25 11:25 PM,02104,02198,Routine,Tufts Medical,D036,2025-02-07 00:03:00,2025-02-07 00:29:00,2025-02-07 01:45:00,2025-02-07 05:25:00,Y,package refused by receiving staff - no signature authority,12,19.46,0
ORD-25240,04/01/2025 20:06,02103,02150,routine,St. Elizabeth's Medical,D004,2025-04-01 20:19:00,,2025-04-01 22:13:00,2025-04-01 23:43:00,Y,"client called to confirm - specimen critical, needs STAT upgrade",32,13.31,0
ORD-25241,02-18-25 05:02 AM,02198,02170,ROUTINE,Tufts Med Center,D039,2025-02-18 05:08:00,2025-02-18 05:29:00,2025-02-18 07:23:00,2025-02-18 08:53:00,Y,,38,5.63,0
ORD-25242,03/19/2025 11:44,01880,02050,STAT,Mass General Hospital,D011,2025-03-19 11:52:00,2025-03-19 12:51:00,2025-03-19 13:41:00,2025-03-19 12:26:00,Y,specimen container damaged on pickup,5,6.8,0
ORD-25243,2025/01/13 12:46,02196,02019,RUSH,MGH,D013,2025-01-13 13:18:00,,2025-01-13 15:10:00,2025-01-13 14:18:00,N,"wrong address on manifest, corrected enroute",37,36.23,0
ORD-25244,02-03-25 05:52 PM,02043,02053,rush,Labcorp Inc,D016,2025-02-03 18:16:00,2025-02-03 18:55:00,2025-02-03 20:49:00,2025-02-03 19:47:00,N,recipient not available at delivery location,21,25.73,0
ORD-25245,03/29/2025 14:51,02066,02194,ROUTINE,South Shore Hospital,D016,2025-03-29 15:12:00,2025-03-29 15:47:00,2025-03-29 16:13:00,2025-03-29 18:10:00,Y,"driver vehicle breakdown, transfer to DD031 in progress",25,34.46,0
ORD-25246,02-05-25 07:47 AM,02195,02128,ROUTINE,Brigham and Womens,D016,2025-02-05 08:06:00,2025-02-05 08:30:00,2025-02-05 09:11:00,2025-02-05 13:25:00,Y,dispatcher note: double-check temp on this one before logging,11,7.13,0
ORD-25247,03-27-25 11:00 AM,02124,02106,routine,LabCorp,D032,2025-03-27 11:39:00,2025-03-27 12:20:00,2025-03-27 13:10:00,2025-03-27 16:10:00,Y,specimen labeled incorrectly by client,41,22.11,0
ORD-25248,02/25/2025 11:34,02062,02169,SAME-DAY,Brigham & Women's,D008,2025-02-25 12:10:00,2025-02-25 12:40:00,,2025-02-25 14:00:00,Y,recipient not available at delivery location,25,33.37,0
ORD-25249,01/25/2025 12:15,02133,02150,RUSH,Tufts Medical,D027,2025-01-25 12:41:00,2025-01-25 13:16:00,2025-01-25 14:17:00,2025-01-25 13:23:00,Y,"driver called in sick mid-route, reassigning trips",19,28.65,0
ORD-25250,2025-02-01 12:54:00,01867,02062,STAT,Northeast Labs,D032,2025-02-01 13:05:00,2025-02-01 13:48:00,2025-02-01 15:23:00,2025-02-01 13:39:00,Y,"driver ran out of dry ice, needs resupply",41,7.82,0
ORD-25251,01/22/2025 04:52,02186,02035,STAT,Cape Cod Hospital,D024,2025-01-22 05:18:00,2025-01-22 06:03:00,2025-01-22 07:29:00,2025-01-22 05:22:00,Y,called client re specimen integrity - awaiting callback,43,23.79,0
ORD-25252,03/26/2025 12:49,02059,02050,ROUTINE,Cape Cod Hospital,D006,2025-03-26 13:16:00,2025-03-26 13:44:00,2025-03-26 15:17:00,2025-03-26 16:31:00,Y,,26,25.01,0
ORD-25253,02/22/2025 17:04,02061,02133,RUSH,Emerson Hospital,D018,2025-02-22 17:45:00,2025-02-22 18:20:00,2025-02-22 19:57:00,2025-02-22 18:59:00,Y,pickup completed but paperwork missing from package,42,19.58,0
ORD-25254,01/23/2025 07:01,02035,02047,Stat,Cape Cod Hospital,D006,2025-01-23 07:17:00,,,2025-01-23 07:59:00,Y,specimen temp excursion possible - driver reports cooler malfunction,6,22.05,0
ORD-25255,01/12/2025 06:39,02139,02163,RUSH,Mass General Hospital,D029,2025-01-12 07:22:00,2025-01-12 07:40:00,2025-01-12 08:11:00,2025-01-12 07:41:00,Y,,25,20.15,0
ORD-25256,2025-03-12 19:35:00,02200,02054,ROUTINE,Providence Health,D041,2025-03-12 20:18:00,2025-03-12 20:55:00,2025-03-12 22:22:00,2025-03-12 23:54:00,Y,"client changed pickup time, driver redirected",39,7.5,0
ORD-25257,02/10/2025 09:16,01803,02101,ROUTINE,Boston Med Ctr,D031,2025-02-10 09:53:00,2025-02-10 10:47:00,2025-02-10 11:03:00,2025-02-10 14:18:00,Y,dispatcher note: double-check temp on this one before logging,32,24.5,0
ORD-25258,2025-01-02 12:12:00,02126,02180,Rush,Brigham & Women's,D025,2025-01-02 12:39:00,,2025-01-02 13:48:00,2025-01-02 13:45:00,Y,,44,27.44,0
ORD-25259,2025/02/07 13:34,02104,02128,SAME-DAY,Brigham & Women's,D008,2025-02-07 14:17:00,2025-02-07 15:06:00,2025-02-07 16:19:00,2025-02-07 16:36:00,Y,"driver stuck in traffic on 93, running ~20 min late",14,22.42,0
ORD-25260,01/25/2025 21:18,02149,02184,Routine,Mass General Hospital,D001,2025-01-25 21:52:00,2025-01-25 22:23:00,2025-01-25 23:05:00,2025-01-26 02:25:00,Y,driver reports ice on roads in reading area,7,32.76,0
ORD-25261,2025-01-20 04:49:00,02124,02188,stat,MGH,D001,2025-01-20 04:59:00,2025-01-20 05:54:00,2025-01-20 07:47:00,2025-01-20 05:33:00,Y,specimen temp excursion possible - driver reports cooler malfunction,17,30.33,0
ORD-25262,2025-03-09 13:13:00,02143,02144,SAME-DAY,Brigham & Women's,D003,2025-03-09 13:51:00,2025-03-09 14:08:00,2025-03-09 15:29:00,2025-03-09 15:38:00,Y,specimen temp excursion possible - driver reports cooler malfunction,18,12.4,0
ORD-25263,02-26-25 09:10 AM,02129,02118,Rush,Mass General Hospital,UNASSIGNED,2025-02-26 09:15:00,2025-02-26 10:15:00,2025-02-26 11:44:00,2025-02-26 10:19:00,Y,"wrong address on manifest, corrected enroute",20,7.56,0
ORD-25264,2025-03-22 09:48:00,01841,02152,ROUTINE,South Shore Hospital,D007,2025-03-22 09:59:00,2025-03-22 10:23:00,2025-03-22 11:40:00,2025-03-22 15:33:00,Y,,33,5.22,0
ORD-25265,02/19/2025 09:08,01832,02190,Routine,BioReference Labs,D032,2025-02-19 09:23:00,2025-02-19 09:44:00,2025-02-19 11:11:00,2025-02-19 14:07:00,Y,,43,23.08,0
ORD-25266,01/10/2025 12:28,02045,02197,RUSH,Northeast Labs,D033,2025-01-10 12:55:00,2025-01-10 13:16:00,2025-01-10 15:04:00,2025-01-10 13:51:00,Y,specimen labeled incorrectly by client,25,26.55,0
ORD-25267,2025-03-11 16:12:00,02116,02072,ROUTINE,St. Elizabeth's Medical,D027,2025-03-11 16:56:00,,2025-03-11 18:09:00,2025-03-11 19:23:00,Y,package refused by receiving staff - no signature authority,16,11.27,0
ORD-25268,2025-03-05 07:02:00,02186,02163,ROUTINE,Tufts Med Center,D038,2025-03-05 07:21:00,2025-03-05 07:54:00,2025-03-05 08:15:00,2025-03-05 10:05:00,Y,traffic accident on route 1 delay,36,32.37,0
ORD-25269,2025-03-02 16:03:00,02153,02176,routine,South Shore Hospital,D040,2025-03-02 16:23:00,2025-03-02 16:35:00,2025-03-02 17:57:00,2025-03-02 19:22:00,Y,specimen container damaged on pickup,11,12.24,0
ORD-25270,02-20-25 07:33 AM,02127,02035,Same-Day,BioReference Labs,D027,2025-02-20 07:42:00,2025-02-20 08:32:00,2025-02-20 10:25:00,2025-02-20 11:02:00,Y,,11,10.54,0
ORD-25271,02/22/2025 11:42,02131,02184,SAME-DAY,Quest Diag,D021,2025-02-22 12:08:00,2025-02-22 13:06:00,2025-02-22 14:13:00,2025-02-22 14:23:00,Y,delayed at security checkpoint - id verification required,39,30.15,0
ORD-25272,2025-02-03 09:28:00,02102,02101,Routine,Quest Diagnostics,D034,2025-02-03 09:39:00,2025-02-03 09:49:00,2025-02-03 10:42:00,2025-02-03 13:48:00,N,,22,21.63,0
ORD-25273,2025-03-16 07:02:00,01876,02120,RUSH,Providence Health,D017,2025-03-16 07:24:00,2025-03-16 08:10:00,2025-03-16 08:36:00,2025-03-16 08:48:00,N,"pickup not ready, driver waiting 15+ min",35,32.16,0
ORD-25274,2025-03-16 16:06:00,02053,02105,Routine,Providence Health,D004,2025-03-16 16:30:00,2025-03-16 17:07:00,2025-03-16 18:06:00,2025-03-16 20:04:00,Y,,43,25.74,0
ORD-25275,2025-03-23 10:19:00,02056,02197,ROUTINE,Quest Diag,D015,2025-03-23 10:31:00,2025-03-23 11:24:00,2025-03-23 11:45:00,2025-03-23 15:13:00,Y,delayed at security checkpoint - id verification required,37,18.97,0
ORD-25276,02/21/2025 07:21,02128,02066,STAT,Labcorp Inc,D026,2025-02-21 07:56:00,2025-02-21 08:55:00,2025-02-21 10:05:00,2025-02-21 08:06:00,Y,"client changed pickup time, driver redirected",30,11.07,0
ORD-25277,03/21/2025 23:33,01845,02139,Routine,Quest Diag,D037,2025-03-21 23:41:00,2025-03-22 00:33:00,2025-03-22 01:02:00,2025-03-22 03:21:00,Y,"client called to confirm - specimen critical, needs STAT upgrade",6,10.17,0
ORD-25278,2025-02-15 13:51:00,01867,02184,STAT,Mass General Hospital,D024,2025-02-15 14:03:00,2025-02-15 14:59:00,2025-02-15 16:50:00,2025-02-15 14:22:00,Y,"client called to confirm - specimen critical, needs STAT upgrade",14,31.97,0
ORD-25279,01/03/2025 09:51,02109,02188,STAT,Brigham and Womens,D014,2025-01-03 10:07:00,2025-01-03 10:50:00,2025-01-03 12:14:00,2025-01-03 10:40:00,Y,package refused by receiving staff - no signature authority,6,34.85,0
ORD-25280,03/10/2025 03:10,02021,02054,ROUTINE,Northeast Laboratory,D001,2025-03-10 03:17:00,2025-03-10 04:09:00,2025-03-10 05:13:00,2025-03-10 08:58:00,Y,recipient not available at delivery location,6,34.09,0
ORD-25281,2025-02-20 08:24:00,02148,02114,SAME-DAY,Tufts Medical,D035,2025-02-20 08:32:00,2025-02-20 08:54:00,2025-02-20 09:32:00,2025-02-20 12:22:00,Y,specimen temp excursion possible - driver reports cooler malfunction,20,14.72,0
ORD-25282,,02143,02152,RUSH,Quest Diagnostics,D033,2025-03-05 10:30:00,2025-03-05 10:43:00,2025-03-05 12:41:00,2025-03-05 12:06:00,Y,"driver stuck in traffic on 93, running ~20 min late",40,12.06,0
ORD-25283,02/14/2025 18:42,02151,02156,ROUTINE,Lowell General,D041,2025-02-14 18:59:00,2025-02-14 19:24:00,2025-02-14 20:32:00,2025-02-14 23:01:00,Y,"pickup not ready, driver waiting 15+ min",33,11.43,0
ORD-25284,2025/01/19 12:43,02189,02120,RUSH,South Shore Hospital,D009,2025-01-19 13:13:00,2025-01-19 13:32:00,2025-01-19 15:25:00,2025-01-19 13:53:00,Y,"driver ran out of dry ice, needs resupply",39,8.47,0
ORD-25285,02-11-25 04:09 PM,02156,02145,SAME-DAY,Children's Hospital,D020,2025-02-11 16:40:00,2025-02-11 17:30:00,2025-02-11 19:20:00,2025-02-11 19:48:00,Y,package refused by receiving staff - no signature authority,433,25.17,0
ORD-25286,2025-03-20 12:14:00,02032,02052,STAT,NE Labs,D031,2025-03-20 12:25:00,2025-03-20 13:13:00,2025-03-20 14:32:00,2025-03-20 12:49:00,Y,"client changed pickup time, driver redirected",35,10.97,0
ORD-25287,2025/01/06 10:00,02200,02171,stat,Lowell General,D014,2025-01-06 10:07:00,2025-01-06 10:45:00,2025-01-06 11:22:00,2025-01-06 10:40:00,Y,,20,30.5,0
ORD-25288,03-20-25 03:24 PM,02102,02030,SAME-DAY,Providence Health,D034,2025-03-20 16:08:00,,2025-03-20 18:53:00,2025-03-20 18:22:00,Y,specimen temp excursion possible - driver reports cooler malfunction,20,17.75,0
ORD-25289,01-07-25 12:33 PM,01840,02128,RUSH,Labcorp Inc,D019,2025-01-07 13:05:00,2025-01-07 13:42:00,2025-01-07 14:18:00,2025-01-07 14:17:00,Y,package refused by receiving staff - no signature authority,34,19.63,0
ORD-25290,2025-03-07 06:49:00,02193,02054,ROUTINE,Labcorp Inc,D029,2025-03-07 06:53:00,2025-03-07 07:32:00,2025-03-07 08:09:00,2025-03-07 10:40:00,Y,"wrong address on manifest, corrected enroute",21,26.23,0
ORD-25291,01/22/2025 14:07,02148,02185,ROUTINE,NE Labs,D025,2025-01-22 14:42:00,2025-01-22 15:02:00,2025-01-22 16:35:00,2025-01-22 17:50:00,Y,delayed at security checkpoint - id verification required,14,9.34,0
ORD-25292,01-08-25 10:19 AM,02109,02141,ROUTINE,Boston Medical Center,D013,2025-01-08 10:22:00,2025-01-08 11:20:00,2025-01-08 12:54:00,2025-01-08 15:26:00,Y,"driver stuck in traffic on 93, running ~20 min late",43,12.47,0
ORD-25293,2025-03-18 13:29:00,01850,02025,ROUTINE,Mass General Hospital,D018,2025-03-18 14:11:00,2025-03-18 14:56:00,2025-03-18 16:31:00,2025-03-18 17:16:00,N,"wrong zip code on order, corrected",136,26.84,0
ORD-25294,02/09/2025 09:05,02105,02126,STAT,Quest Diagnostics,D039,2025-02-09 09:44:00,2025-02-09 10:29:00,2025-02-09 12:24:00,2025-02-09 09:53:00,Y,specimen temp excursion possible - driver reports cooler malfunction,10,15.31,0
ORD-25295,2025-02-19 16:48:00,02125,02109,RUSH,Boston Med Ctr,D018,2025-02-19 17:12:00,2025-02-19 17:48:00,2025-02-19 19:10:00,2025-02-19 18:27:00,N,delayed at security checkpoint - id verification required,45,7.44,0
ORD-25296,03/20/2025 19:45,02132,02145,Stat,Providence Health,D023,2025-03-20 19:56:00,2025-03-20 20:42:00,2025-03-20 22:15:00,2025-03-20 20:30:00,Y,"driver vehicle breakdown, transfer to DD040 in progress",19,37.31,0
ORD-25297,2025-01-02 06:29:00,01862,02062,routine,St. Elizabeth's Medical,D027,2025-01-02 06:34:00,2025-01-02 07:06:00,2025-01-02 08:03:00,2025-01-02 09:31:00,Y,"elevator down at 15 Elm St, driver using stairs",23,6.77,0
ORD-25298,02-09-25 11:20 AM,01860,02052,RUSH,Labcorp Inc,D040,2025-02-09 11:24:00,2025-02-09 11:46:00,2025-02-09 12:23:00,2025-02-09 13:03:00,Y,"client changed pickup time, driver redirected",7,20.63,0
ORD-25299,2025-03-23 11:55:00,02060,02187,Routine,Children's Hospital,D004,2025-03-23 12:31:00,2025-03-23 13:17:00,2025-03-23 14:10:00,2025-03-23 17:12:00,N,delayed at security checkpoint - id verification required,26,34.25,0
ORD-25300,01/21/2025 08:01,02072,02035,ROUTINE,Brigham & Women's,D025,2025-01-21 08:15:00,2025-01-21 08:32:00,2025-01-21 10:03:00,2025-01-21 14:01:00,Y,"elevator down at 15 Elm St, driver using stairs",7,7.41,0
ORD-25301,2025/02/01 09:53,02026,02195,RUSH,Boston Medical Center,D003,2025-02-01 10:08:00,2025-02-01 10:46:00,2025-02-01 11:12:00,2025-02-01 11:50:00,Y,traffic accident on route 1 delay,26,29.04,0
ORD-25302,03/10/2025 09:20,02190,02114,routine,Tufts Med Center,D009,2025-03-10 09:36:00,2025-03-10 09:48:00,2025-03-10 11:35:00,2025-03-10 14:33:00,N,lab closed early today per client,7,24.41,1
ORD-25303,2025-03-02 18:06:00,02140,02066,RUSH,Providence Health,D041,2025-03-02 18:22:00,2025-03-02 18:44:00,2025-03-02 19:40:00,2025-03-02 19:26:00,Y,"driver called in sick mid-route, reassigning trips",12,9.78,0
ORD-25304,2025-01-16 01:39:00,01854,02130,ROUTINE,BioReference Labs,D010,2025-01-16 02:00:00,2025-01-16 02:25:00,2025-01-16 03:53:00,2025-01-16 06:05:00,Y,specimen temp excursion possible - driver reports cooler malfunction,465,6.19,0
ORD-25305,2025-02-20 04:27:00,02148,02025,SAME-DAY,Emerson Hospital,D029,2025-02-20 05:09:00,2025-02-20 05:38:00,2025-02-20 06:38:00,2025-02-20 08:04:00,Y,"driver ran out of dry ice, needs resupply",10,29.82,0
ORD-25306,2025/03/02 12:05,02196,02054,rush,Childrens Hospital,D030,2025-03-02 12:38:00,2025-03-02 13:02:00,2025-03-02 13:46:00,2025-03-02 13:21:00,Y,redelivery needed: building locked,16,26.78,0
ORD-25307,02/12/2025 10:01,01860,02151,ROUTINE,Brigham & Women's,D023,2025-02-12 10:42:00,2025-02-12 11:00:00,2025-02-12 12:28:00,2025-02-12 13:28:00,Y,"wrong zip code on order, corrected",9,22.35,0
ORD-25308,2025-02-22 12:15:00,02125,02124,same-day,Labcorp Inc,D014,2025-02-22 12:55:00,2025-02-22 13:55:00,2025-02-22 15:05:00,2025-02-22 14:58:00,Y,specimen labeled incorrectly by client,16,7.11,0
ORD-25309,2025-03-16 16:07:00,02111,02148,ROUTINE,Childrens Hospital,D026,2025-03-16 16:14:00,2025-03-16 16:30:00,2025-03-16 18:01:00,2025-03-16 20:44:00,Y,"wrong zip code on order, corrected",8,31.87,0
ORD-25310,2025/03/17 18:40,02155,02121,ROUTINE,Childrens Hospital,D025,2025-03-17 19:22:00,2025-03-17 20:00:00,2025-03-17 21:28:00,2025-03-17 23:01:00,Y,,24,35.88,0
ORD-25311,,02119,02170,routine,Quest Diagnostics,D036,2025-02-15 22:43:00,2025-02-15 23:38:00,2025-02-15 23:53:00,2025-02-16 02:05:00,Y,,6,28.02,0
ORD-25312,2025-02-21 13:45:00,02072,02180,ROUTINE,Lowell General,D009,2025-02-21 14:00:00,2025-02-21 14:34:00,2025-02-21 16:00:00,2025-02-21 18:31:00,N,,13,6.9,1
ORD-25313,03/05/2025 13:08,02138,02176,SAME-DAY,South Shore Hospital,D028,2025-03-05 13:50:00,2025-03-05 14:29:00,2025-03-05 15:07:00,2025-03-05 16:05:00,Y,specimen labeled incorrectly by client,16,4.75,0
ORD-25314,03-06-25 05:15 PM,02047,02171,SAME-DAY,Providence Health,D003,2025-03-06 17:54:00,2025-03-06 18:49:00,2025-03-06 20:05:00,2025-03-06 20:43:00,N,pickup completed but paperwork missing from package,38,37.45,0
ORD-25315,2025/03/02 11:33,01851,02135,ROUTINE,Cape Cod Hospital,D005,2025-03-02 12:16:00,2025-03-02 13:03:00,,2025-03-02 16:00:00,Y,"driver stuck in traffic on 93, running ~20 min late",35,34.85,0
ORD-25316,2025-03-16 15:26:00,02176,02142,RUSH,Northeast Laboratory,D039,2025-03-16 15:48:00,2025-03-16 16:48:00,,2025-03-16 16:56:00,Y,delayed at security checkpoint - id verification required,8,14.27,0
ORD-25317,03/22/2025 03:31,02118,02110,routine,MGH,D040,2025-03-22 03:51:00,,2025-03-22 05:07:00,2025-03-22 07:15:00,Y,pickup completed but paperwork missing from package,14,16.89,0
ORD-25318,01/24/2025 08:44,02001,02195,SAME-DAY,Quest Diag,D010,2025-01-24 09:25:00,2025-01-24 09:44:00,2025-01-24 11:44:00,2025-01-24 11:36:00,Y,specimen labeled incorrectly by client,33,10.1,0
ORD-25319,03/16/2025 15:22,02045,02067,routine,Northeast Laboratory,D026,2025-03-16 15:55:00,2025-03-16 16:35:00,2025-03-16 17:28:00,2025-03-16 20:38:00,Y,"driver called in sick mid-route, reassigning trips",29,9.36,0
ORD-25320,02-26-25 01:59 AM,02072,02050,RUSH,Tufts Med Center,D003,2025-02-26 02:08:00,2025-02-26 02:58:00,2025-02-26 04:21:00,2025-02-26 03:38:00,Y,,22,13.45,0
ORD-25321,2025-01-14 08:37:00,02163,02050,Routine,Cape Cod Hospital,D013,2025-01-14 09:13:00,2025-01-14 10:06:00,2025-01-14 11:04:00,2025-01-14 13:57:00,N,"driver stuck in traffic on 93, running ~20 min late",170,22.1,0
ORD-25322,02/15/2025 08:18,01826,02104,ROUTINE,Northeast Laboratory,D014,2025-02-15 08:59:00,2025-02-15 09:16:00,2025-02-15 10:52:00,2025-02-15 13:52:00,N,"driver called in sick mid-route, reassigning trips",41,10.69,1
ORD-25323,01-25-25 08:29 AM,01845,02038,rush,MGH,D021,2025-01-25 08:48:00,,2025-01-25 10:22:00,2025-01-25 09:53:00,Y,specimen temp excursion possible - driver reports cooler malfunction,21,13.37,0
ORD-25324,02/27/2025 05:59,02102,02126,ROUTINE,Boston Medical Center,D028,2025-02-27 06:15:00,,2025-02-27 08:39:00,2025-02-27 10:05:00,N,"wrong address on manifest, corrected enroute",9,12.89,0
ORD-25325,,01826,02048,Rush,Boston Med Ctr,D026,2025-03-06 08:19:00,2025-03-06 09:01:00,2025-03-06 09:16:00,2025-03-06 09:10:00,Y,,9,4.61,0
ORD-25326,03/31/2025 16:30,02122,02152,RUSH,Quest Diagnostics,D041,2025-03-31 17:14:00,2025-03-31 17:47:00,2025-03-31 18:13:00,2025-03-31 17:35:00,Y,dispatcher note: double-check temp on this one before logging,23,10.42,0
ORD-25327,01/07/2025 21:42,02145,02163,SAME-DAY,Emerson Hospital,D032,2025-01-07 21:50:00,2025-01-07 22:28:00,2025-01-08 00:03:00,2025-01-08 00:06:00,N,delayed at security checkpoint - id verification required,20,6.61,0
ORD-25328,2025/02/10 11:53,01810,02105,RUSH,Quest Diag,D003,2025-02-10 12:21:00,2025-02-10 12:44:00,2025-02-10 13:14:00,2025-02-10 13:22:00,Y,,39,23.91,0
ORD-25329,2025-01-11 03:09:00,01810,02188,SAME-DAY,St. Elizabeth's Medical,D009,2025-01-11 03:12:00,,2025-01-11 04:39:00,2025-01-11 06:50:00,N,"client called to confirm - specimen critical, needs STAT upgrade",15,6.64,0
ORD-25330,2025-01-16 11:51:00,01843,02129,Rush,Cape Cod Hospital,D021,2025-01-16 12:01:00,2025-01-16 12:47:00,2025-01-16 14:29:00,2025-01-16 13:41:00,Y,specimen temp excursion possible - driver reports cooler malfunction,42,6.62,0
ORD-25331,02/06/2025 07:26,02071,02198,STAT,Mass General Hospital,D003,2025-02-06 07:37:00,2025-02-06 08:37:00,2025-02-06 09:04:00,2025-02-06 08:20:00,N,,36,4.74,0
ORD-25332,2025-03-26 12:18:00,02177,02072,ROUTINE,Boston Med Ctr,D041,2025-03-26 12:38:00,2025-03-26 13:16:00,2025-03-26 14:37:00,2025-03-26 17:54:00,Y,"client called to confirm - specimen critical, needs STAT upgrade",16,25.0,0
ORD-25333,01/13/2025 13:50,02105,02101,ROUTINE,Brigham and Womens,D034,2025-01-13 13:59:00,2025-01-13 14:32:00,2025-01-13 16:06:00,2025-01-13 18:59:00,Y,dispatcher note: double-check temp on this one before logging,45,13.76,0
ORD-25334,01-26-25 06:09 AM,02195,02188,ROUTINE,Brigham & Women's,D003,2025-01-26 06:15:00,2025-01-26 06:48:00,2025-01-26 08:25:00,2025-01-26 10:34:00,Y,,34,29.3,0
ORD-25335,,02119,02116,STAT,Mass General Hospital,D038,2025-03-11 08:30:00,2025-03-11 09:06:00,2025-03-11 10:02:00,2025-03-11 08:30:00,Y,recipient not available at delivery location,25,12.44,0
ORD-25336,2025/02/23 17:24,01845,02188,ROUTINE,Northeast Laboratory,D010,2025-02-23 17:40:00,2025-02-23 18:19:00,2025-02-23 19:52:00,2025-02-23 22:21:00,Y,"wrong zip code on order, corrected",27,11.27,0
ORD-25337,01/18/2025 03:36,01864,02116,routine,Childrens Hospital,D022,2025-01-18 03:53:00,2025-01-18 04:41:00,2025-01-18 05:33:00,2025-01-18 09:12:00,Y,delayed at security checkpoint - id verification required,40,7.4,0
ORD-25338,2025-03-09 11:13:00,02186,02187,RUSH,Cape Cod Hospital,D016,2025-03-09 11:31:00,2025-03-09 12:08:00,2025-03-09 13:04:00,2025-03-09 12:50:00,Y,,41,18.5,0
ORD-25339,01-07-25 03:30 AM,02118,02105,Rush,Labcorp Inc,D007,2025-01-07 04:01:00,,2025-01-07 05:44:00,2025-01-07 05:14:00,Y,traffic accident on route 1 delay,13,12.51,0
ORD-25340,01/13/2025 01:42,02148,02186,SAME-DAY,Cape Cod Hospital,D030,2025-01-13 02:14:00,2025-01-13 02:32:00,2025-01-13 04:25:00,2025-01-13 05:23:00,Y,"wrong zip code on order, corrected",34,4.55,0
ORD-25341,03-23-25 05:57 AM,02121,02105,RUSH,MGH,D040,2025-03-23 06:34:00,2025-03-23 07:34:00,2025-03-23 09:02:00,2025-03-23 07:36:00,Y,pickup completed but paperwork missing from package,8,34.99,0
ORD-25342,2025-02-17 18:07:00,02111,02032,STAT,LabCorp,D036,2025-02-17 18:14:00,2025-02-17 19:09:00,2025-02-17 20:35:00,2025-02-17 18:47:00,Y,recipient not available at delivery location,35,29.7,0
ORD-25343,04-01-25 08:47 AM,02059,02152,SAME-DAY,Tufts Med Center,D018,2025-04-01 08:53:00,2025-04-01 09:26:00,2025-04-01 09:49:00,2025-04-01 11:54:00,Y,"client changed pickup time, driver redirected",39,22.35,0
ORD-25344,02-08-25 10:23 AM,02200,02053,routine,NE Labs,D030,2025-02-08 10:31:00,2025-02-08 11:06:00,2025-02-08 11:31:00,2025-02-08 13:42:00,N,driver cannot locate parking at hospital,12,21.13,0
ORD-25345,03/09/2025 20:01,02143,02197,SAME-DAY,Tufts Medical,D029,2025-03-09 20:45:00,2025-03-09 21:13:00,,2025-03-09 23:43:00,Y,specimen container damaged on pickup,26,15.98,0
ORD-25346,2025-03-25 15:31:00,02145,02195,routine,Childrens Hospital,D037,2025-03-25 15:42:00,2025-03-25 16:11:00,2025-03-25 18:07:00,2025-03-25 20:34:00,Y,lab closed early today per client,8,14.03,0
ORD-25347,01-23-25 01:10 PM,02050,02127,same-day,South Shore Hospital,D010,2025-01-23 13:23:00,,2025-01-23 14:25:00,2025-01-23 15:26:00,Y,called client re specimen integrity - awaiting callback,16,28.19,0
ORD-25348,03/28/2025 09:22,02109,02197,same-day,BioReference Labs,D002,2025-03-28 09:50:00,2025-03-28 10:49:00,2025-03-28 12:07:00,2025-03-28 12:02:00,N,pickup completed but paperwork missing from package,39,15.6,0
ORD-25349,2025/03/03 18:48,02128,02048,STAT,Providence Health,D029,2025-03-03 19:12:00,2025-03-03 19:29:00,2025-03-03 21:12:00,2025-03-03 19:22:00,Y,recipient not available at delivery location,436,32.67,0
ORD-25350,02/28/2025 09:20,02138,02128,ROUTINE,Mass General Hospital,D018,2025-02-28 09:35:00,2025-02-28 09:50:00,2025-02-28 10:07:00,2025-02-28 15:11:00,Y,specimen container damaged on pickup,30,15.14,0
ORD-25351,2025/03/20 11:03,02067,02169,STAT,Children's Hospital,D024,2025-03-20 11:06:00,2025-03-20 11:38:00,2025-03-20 12:29:00,2025-03-20 12:00:00,Y,traffic accident on route 1 delay,33,18.42,0
ORD-25352,02-27-25 08:51 AM,02193,02177,Routine,Children's Hospital,D038,2025-02-27 09:32:00,2025-02-27 09:51:00,2025-02-27 10:17:00,2025-02-27 14:05:00,Y,"wrong address on manifest, corrected enroute",42,7.46,0
ORD-25353,2025-02-23 13:17:00,02126,02187,Routine,Boston Med Ctr,D025,2025-02-23 13:38:00,,2025-02-23 15:44:00,2025-02-23 18:46:00,Y,"driver ran out of dry ice, needs resupply",34,31.01,0
ORD-25354,2025/01/21 08:40,02113,02118,ROUTINE,Quest Diagnostics,D032,2025-01-21 09:24:00,,2025-01-21 10:21:00,2025-01-21 11:57:00,Y,called client re specimen integrity - awaiting callback,42,19.11,0
ORD-25355,2025/02/04 13:30,02180,02118,RUSH,Cape Cod Hospital,D017,2025-02-04 13:43:00,2025-02-04 13:56:00,2025-02-04 15:25:00,2025-02-04 15:14:00,N,"driver vehicle breakdown, transfer to DD004 in progress",22,25.81,0
ORD-25356,2025-01-08 09:33:00,01845,02193,stat,Emerson Hospital,D007,2025-01-08 10:14:00,2025-01-08 10:34:00,2025-01-08 12:25:00,2025-01-08 10:29:00,Y,,24,27.88,0
ORD-25357,2025-02-17 06:37:00,01867,02102,STAT,Quest Diagnostics,D032,2025-02-17 07:06:00,,2025-02-17 08:24:00,2025-02-17 07:14:00,Y,,40,32.35,0
ORD-25358,2025-03-10 17:45:00,02155,02116,Rush,NE Labs,D009,2025-03-10 17:49:00,2025-03-10 18:21:00,2025-03-10 19:37:00,2025-03-10 19:37:00,Y,"client called to confirm - specimen critical, needs STAT upgrade",38,15.96,0
ORD-25359,02/09/2025 03:52,01863,02053,STAT,Mass General Hospital,D014,2025-02-09 04:03:00,2025-02-09 04:40:00,2025-02-09 05:05:00,2025-02-09 04:24:00,N,"client changed pickup time, driver redirected",32,8.11,0
ORD-25360,03/08/2025 12:30,02043,02106,STAT,Lowell General,UNASSIGNED,2025-03-08 12:39:00,2025-03-08 12:56:00,2025-03-08 14:51:00,2025-03-08 13:28:00,N,"driver called in sick mid-route, reassigning trips",194,32.84,0
ORD-25361,2025/03/17 09:10,02169,02061,ROUTINE,Tufts Med Center,D007,2025-03-17 09:50:00,2025-03-17 10:00:00,2025-03-17 11:52:00,2025-03-17 13:22:00,N,dispatcher note: double-check temp on this one before logging,170,35.46,0
ORD-25362,03/03/2025 09:37,02142,02115,stat,LabCorp,D028,2025-03-03 09:53:00,2025-03-03 10:17:00,2025-03-03 11:37:00,2025-03-03 10:17:00,N,recipient not available at delivery location,38,30.04,0
ORD-25363,03/14/2025 14:05,01860,02163,RUSH,St. Elizabeth's Medical,D029,2025-03-14 14:22:00,2025-03-14 14:58:00,2025-03-14 16:23:00,2025-03-14 15:17:00,Y,,35,16.81,0
ORD-25364,01-03-25 11:31 PM,02102,02184,ROUTINE,Lowell General,D010,2025-01-03 23:59:00,2025-01-04 00:53:00,2025-01-04 01:59:00,2025-01-04 03:14:00,N,traffic accident on route 1 delay,26,32.77,0
ORD-25365,2025-01-31 16:46:00,02156,02059,Routine,Providence Health,D026,2025-01-31 17:11:00,2025-01-31 18:03:00,2025-01-31 19:18:00,2025-01-31 21:50:00,Y,package refused by receiving staff - no signature authority,34,12.9,0
ORD-25366,,02152,02107,routine,Tufts Medical,D012,2025-03-06 08:35:00,2025-03-06 09:28:00,2025-03-06 11:00:00,2025-03-06 13:47:00,N,"wrong address on manifest, corrected enroute",38,31.06,1
ORD-25367,03/27/2025 11:32,02061,02197,ROUTINE,Northeast Laboratory,D008,2025-03-27 11:59:00,2025-03-27 12:29:00,2025-03-27 13:41:00,2025-03-27 14:41:00,N,"driver ran out of dry ice, needs resupply",24,10.0,0
ORD-25368,02-10-25 02:31 PM,02127,02050,ROUTINE,BioReference Labs,D037,2025-02-10 15:04:00,2025-02-10 15:49:00,2025-02-10 17:04:00,2025-02-10 19:11:00,Y,delayed at security checkpoint - id verification required,29,16.32,0
ORD-25369,2025-02-07 09:01:00,01863,02153,RUSH,Cape Cod Hospital,D041,2025-02-07 09:25:00,2025-02-07 09:41:00,2025-02-07 10:44:00,2025-02-07 10:27:00,Y,"driver called in sick mid-route, reassigning trips",20,26.21,0
ORD-25370,03/18/2025 05:44,02054,02116,RUSH,Northeast Labs,D003,2025-03-18 06:16:00,2025-03-18 06:53:00,2025-03-18 08:32:00,2025-03-18 07:01:00,N,"client changed pickup time, driver redirected",282,17.15,0
ORD-25371,03/16/2025 06:31,02142,02130,RUSH,Tufts Med Center,D022,2025-03-16 06:44:00,2025-03-16 07:13:00,2025-03-16 08:46:00,2025-03-16 08:02:00,Y,,9,22.45,0
ORD-25372,2025/02/07 08:19,02103,02132,ROUTINE,NE Labs,D038,2025-02-07 08:28:00,2025-02-07 08:59:00,2025-02-07 10:29:00,2025-02-07 13:34:00,Y,traffic accident on route 1 delay,27,26.33,0
ORD-25373,2025-02-09 11:19:00,02124,02145,stat,Labcorp Inc,D033,2025-02-09 11:51:00,2025-02-09 12:49:00,2025-02-09 14:29:00,2025-02-09 12:09:00,Y,,16,11.63,0
ORD-25374,2025-03-02 08:40:00,02133,02072,SAME-DAY,Providence Health,D004,2025-03-02 09:16:00,2025-03-02 09:49:00,2025-03-02 10:29:00,2025-03-02 12:15:00,Y,lab closed early today per client,32,33.32,0
ORD-25375,2025-01-10 13:54:00,02184,02141,ROUTINE,MGH,D016,2025-01-10 14:22:00,2025-01-10 14:39:00,,2025-01-10 18:13:00,Y,"driver ran out of dry ice, needs resupply",32,34.84,0
ORD-25376,,02171,02140,ROUTINE,Brigham & Women's,D003,2025-01-27 07:42:00,,2025-01-27 09:48:00,2025-01-27 11:28:00,Y,,9,18.13,0
ORD-25377,02/17/2025 14:56,02199,02060,routine,Mass General Hospital,D033,2025-02-17 15:06:00,2025-02-17 15:58:00,2025-02-17 17:19:00,2025-02-17 20:10:00,Y,,10,8.6,0
ORD-25378,02-11-25 09:37 AM,02177,02066,Routine,Children's Hospital,D007,2025-02-11 09:51:00,2025-02-11 10:18:00,2025-02-11 11:00:00,2025-02-11 15:07:00,N,"driver ran out of dry ice, needs resupply",28,8.28,0
ORD-25379,2025/03/03 14:17,02198,02121,RUSH,South Shore Hospital,D020,2025-03-03 14:21:00,,2025-03-03 16:46:00,2025-03-03 16:08:00,Y,"elevator down at 15 Elm St, driver using stairs",20,17.39,0
ORD-25380,2025/03/24 20:23,02143,02118,ROUTINE,Mass General Hospital,D025,2025-03-24 20:26:00,2025-03-24 20:52:00,2025-03-24 21:57:00,2025-03-25 00:23:00,Y,,15,25.65,0
ORD-25381,03/25/2025 10:02,01850,02190,ROUTINE,Children's Hospital,D022,2025-03-25 10:32:00,2025-03-25 10:48:00,2025-03-25 12:47:00,2025-03-25 15:11:00,N,GPS routing error sent driver to wrong building,43,22.85,0
ORD-25382,2025-03-31 03:03:00,02001,02035,rush,Emerson Hospital,D026,2025-03-31 03:18:00,2025-03-31 03:47:00,2025-03-31 05:22:00,2025-03-31 04:13:00,Y,"elevator down at 15 Elm St, driver using stairs",13,27.47,0
ORD-25383,02-11-25 10:55 AM,02045,02126,ROUTINE,Quest Diag,D013,2025-02-11 11:03:00,2025-02-11 11:36:00,2025-02-11 12:44:00,2025-02-11 16:21:00,Y,"driver stuck in traffic on 93, running ~20 min late",40,25.49,0
ORD-25384,01/13/2025 21:12,02188,02125,STAT,St. Elizabeth's Medical,D017,2025-01-13 21:24:00,2025-01-13 21:57:00,2025-01-13 22:23:00,2025-01-13 21:42:00,Y,GPS routing error sent driver to wrong building,34,21.05,0
ORD-25385,2025/01/30 14:12,02180,02139,RUSH,Tufts Medical,D028,2025-01-30 14:28:00,2025-01-30 14:51:00,2025-01-30 16:22:00,2025-01-30 15:55:00,Y,"driver vehicle breakdown, transfer to DD027 in progress",254,12.39,0
ORD-25386,2025-02-28 18:23:00,02138,02186,STAT,Tufts Medical,D021,2025-02-28 18:51:00,2025-02-28 19:14:00,2025-02-28 20:56:00,2025-02-28 19:16:00,Y,"wrong address on manifest, corrected enroute",11,6.25,0
ORD-25387,2025/02/01 11:22,02199,02048,Same-Day,St. Elizabeth's Medical,D003,2025-02-01 11:25:00,2025-02-01 12:07:00,2025-02-01 12:54:00,2025-02-01 14:12:00,Y,package refused by receiving staff - no signature authority,40,10.51,0
ORD-25388,01/23/2025 11:59,02111,02119,STAT,South Shore Hospital,D010,2025-01-23 12:18:00,,2025-01-23 13:17:00,2025-01-23 12:56:00,Y,driver cannot locate parking at hospital,28,13.98,0
ORD-25389,2025/02/04 13:48,02120,02145,Rush,Brigham & Women's,D032,2025-02-04 14:00:00,2025-02-04 14:52:00,2025-02-04 16:18:00,2025-02-04 15:00:00,N,specimen labeled incorrectly by client,253,9.98,0
ORD-25390,2025-01-16 23:59:00,02108,02152,same-day,BioReference Labs,D032,2025-01-17 00:09:00,2025-01-17 00:28:00,2025-01-17 02:15:00,2025-01-17 03:50:00,Y,,15,32.06,0
ORD-25391,03/15/2025 18:37,01801,02195,Routine,Brigham & Women's,D005,2025-03-15 18:55:00,2025-03-15 19:36:00,2025-03-15 21:29:00,2025-03-15 21:43:00,Y,"driver called in sick mid-route, reassigning trips",12,24.28,0
ORD-25392,,02110,02056,ROUTINE,Childrens Hospital,D018,2025-01-15 16:50:00,2025-01-15 17:00:00,,2025-01-15 21:48:00,Y,"pickup not ready, driver waiting 15+ min",41,33.42,0
ORD-25393,03/25/2025 08:51,01845,02198,Same-Day,Labcorp Inc,D017,2025-03-25 09:05:00,2025-03-25 10:04:00,2025-03-25 10:49:00,2025-03-25 12:40:00,N,redelivery needed: building locked,30,29.71,0
ORD-25394,2025-01-17 09:51:00,02177,02144,SAME-DAY,St. Elizabeth's Medical,D007,2025-01-17 10:17:00,2025-01-17 10:39:00,2025-01-17 11:59:00,2025-01-17 12:51:00,Y,"client called to confirm - specimen critical, needs STAT upgrade",32,18.65,0
ORD-25395,2025-02-18 13:27:00,01851,02106,ROUTINE,Childrens Hospital,D010,2025-02-18 14:01:00,2025-02-18 14:51:00,2025-02-18 16:13:00,2025-02-18 18:26:00,Y,,35,37.47,0
ORD-25396,03/30/2025 18:53,02106,02142,ROUTINE,BioReference Labs,D003,2025-03-30 19:28:00,2025-03-30 20:10:00,2025-03-30 20:38:00,2025-03-31 00:42:00,Y,,21,24.12,0
ORD-25397,03-07-25 01:47 AM,01886,02127,routine,Northeast Laboratory,D020,2025-03-07 02:10:00,2025-03-07 03:06:00,2025-03-07 04:36:00,2025-03-07 07:26:00,Y,"pickup not ready, driver waiting 15+ min",16,7.12,0
ORD-25398,03/20/2025 08:43,02122,02103,STAT,Boston Medical Center,UNASSIGNED,2025-03-20 09:27:00,2025-03-20 10:06:00,2025-03-20 11:22:00,2025-03-20 09:43:00,Y,pickup completed but paperwork missing from package,36,31.74,0
ORD-25399,2025/03/21 09:43,02142,02169,routine,NE Labs,D001,2025-03-21 09:58:00,2025-03-21 10:09:00,2025-03-21 10:38:00,2025-03-21 12:49:00,Y,"wrong zip code on order, corrected",14,19.1,0
ORD-25400,03/23/2025 17:34,02053,02072,rush,Tufts Medical,D008,2025-03-23 17:47:00,2025-03-23 18:44:00,2025-03-23 19:18:00,2025-03-23 19:04:00,N,driver reports ice on roads in reading area,42,14.38,0
ORD-25401,02/21/2025 04:00,02187,02059,Rush,Children's Hospital,D038,2025-02-21 04:41:00,2025-02-21 05:26:00,,2025-02-21 05:25:00,Y,delayed at security checkpoint - id verification required,44,34.82,0
ORD-25402,2025-03-05 08:03:00,02106,02001,RUSH,NE Labs,D027,2025-03-05 08:36:00,2025-03-05 09:17:00,2025-03-05 09:46:00,2025-03-05 09:31:00,Y,"driver stuck in traffic on 93, running ~20 min late",15,10.94,0
ORD-25403,02/15/2025 10:32,02195,02052,RUSH,St. Elizabeth's Medical,D030,2025-02-15 10:43:00,2025-02-15 11:39:00,2025-02-15 12:31:00,2025-02-15 12:25:00,Y,"wrong zip code on order, corrected",28,31.29,0
ORD-25404,01-22-25 01:18 PM,01851,02048,ROUTINE,Brigham & Women's,D039,2025-01-22 13:52:00,2025-01-22 14:52:00,2025-01-22 15:19:00,2025-01-22 17:35:00,Y,"driver ran out of dry ice, needs resupply",8,16.52,0
ORD-25405,02/04/2025 09:10,02189,02192,STAT,NE Labs,D008,2025-02-04 09:52:00,2025-02-04 10:09:00,2025-02-04 10:53:00,2025-02-04 09:50:00,Y,dispatcher note: double-check temp on this one before logging,7,23.16,0
ORD-25406,2025-01-21 17:55:00,02141,02115,Routine,Childrens Hospital,D008,2025-01-21 18:04:00,2025-01-21 18:53:00,2025-01-21 20:48:00,2025-01-21 21:21:00,Y,specimen temp excursion possible - driver reports cooler malfunction,37,25.6,0
ORD-25407,01-28-25 06:10 PM,02148,02184,Routine,Tufts Medical,D007,2025-01-28 18:22:00,2025-01-28 18:55:00,2025-01-28 20:32:00,2025-01-28 22:01:00,Y,GPS routing error sent driver to wrong building,5,31.61,0
ORD-25408,02/14/2025 08:10,02071,02059,Routine,LabCorp,D016,2025-02-14 08:22:00,2025-02-14 09:20:00,2025-02-14 11:11:00,2025-02-14 11:45:00,Y,GPS routing error sent driver to wrong building,31,36.39,0
ORD-25409,2025/03/09 16:23,02108,02121,Routine,South Shore Hospital,D005,2025-03-09 16:31:00,2025-03-09 17:01:00,2025-03-09 17:59:00,2025-03-09 21:14:00,N,dispatcher note: double-check temp on this one before logging,7,25.99,0
ORD-25410,01-09-25 09:45 PM,02191,02194,same-day,Children's Hospital,D036,2025-01-09 22:07:00,2025-01-09 23:04:00,2025-01-10 00:51:00,2025-01-10 01:30:00,Y,specimen container damaged on pickup,44,27.96,0
ORD-25411,2025-02-28 13:56:00,02170,02032,ROUTINE,South Shore Hospital,D026,2025-02-28 14:11:00,,2025-02-28 15:19:00,2025-02-28 17:28:00,Y,"driver ran out of dry ice, needs resupply",23,21.64,0
ORD-25412,2025-02-10 11:48:00,01810,02104,SAME-DAY,BioReference Labs,D016,2025-02-10 12:10:00,2025-02-10 12:47:00,2025-02-10 14:34:00,2025-02-10 13:55:00,Y,driver cannot locate parking at hospital,45,8.65,0
ORD-25413,03/26/2025 19:28,02152,02101,rush,Mass General Hospital,D038,2025-03-26 20:07:00,2025-03-26 20:57:00,2025-03-26 22:43:00,2025-03-26 20:42:00,Y,lab closed early today per client,41,28.43,0
ORD-25414,03/09/2025 15:06,02129,02128,routine,LabCorp,D010,2025-03-09 15:36:00,,2025-03-09 16:58:00,2025-03-09 18:39:00,Y,driver reports ice on roads in reading area,9,22.13,0
ORD-25415,2025-03-18 12:49:00,02045,02019,ROUTINE,Children's Hospital,D032,2025-03-18 13:18:00,2025-03-18 13:38:00,2025-03-18 15:38:00,2025-03-18 17:46:00,N,"elevator down at 15 Elm St, driver using stairs",37,8.45,1
ORD-25416,2025/03/03 03:10,02071,02118,ROUTINE,Children's Hospital,D024,2025-03-03 03:49:00,2025-03-03 04:01:00,2025-03-03 04:53:00,2025-03-03 07:28:00,Y,lab closed early today per client,23,31.01,0
ORD-25417,01/20/2025 15:26,02193,02144,SAME-DAY,Brigham and Womens,D032,2025-01-20 15:29:00,2025-01-20 16:14:00,2025-01-20 16:44:00,2025-01-20 18:19:00,Y,lab closed early today per client,41,15.82,0
ORD-25418,2025/02/19 11:46,01863,02071,STAT,Emerson Hospital,D029,2025-02-19 12:31:00,2025-02-19 12:50:00,2025-02-19 14:02:00,2025-02-19 12:41:00,Y,"client called to confirm - specimen critical, needs STAT upgrade",31,34.66,0
ORD-25419,2025/02/14 12:42,02152,02140,ROUTINE,Brigham & Women's,D037,2025-02-14 13:25:00,2025-02-14 14:24:00,2025-02-14 16:20:00,2025-02-14 16:13:00,Y,"wrong address on manifest, corrected enroute",17,22.65,0
ORD-25420,01/08/2025 20:33,02113,02192,SAME-DAY,Boston Medical Center,D035,2025-01-08 20:47:00,2025-01-08 21:14:00,2025-01-08 21:31:00,2025-01-09 00:03:00,Y,delayed at security checkpoint - id verification required,33,22.37,0
ORD-25421,2025-02-12 10:02:00,02198,02103,RUSH,Brigham & Women's,D034,2025-02-12 10:25:00,,2025-02-12 11:54:00,2025-02-12 11:36:00,N,package refused by receiving staff - no signature authority,16,7.5,0
ORD-25422,2025-02-23 14:03:00,02059,02127,STAT,Northeast Laboratory,D007,2025-02-23 14:26:00,2025-02-23 15:02:00,2025-02-23 15:35:00,2025-02-23 15:03:00,Y,recipient not available at delivery location,8,29.7,0
ORD-25423,03-18-25 08:32 AM,02101,02116,RUSH,Quest Diag,D027,2025-03-18 08:39:00,2025-03-18 08:50:00,2025-03-18 10:06:00,2025-03-18 10:28:00,N,"driver ran out of dry ice, needs resupply",42,12.75,0
ORD-25424,2025-01-18 09:26:00,02187,02038,ROUTINE,Boston Med Ctr,D011,2025-01-18 09:44:00,2025-01-18 10:21:00,2025-01-18 11:44:00,2025-01-18 12:36:00,N,driver reports ice on roads in reading area,44,37.06,1
ORD-25425,2025/03/04 08:16,02072,02151,routine,Brigham and Womens,D033,2025-03-04 08:37:00,2025-03-04 08:57:00,2025-03-04 09:17:00,2025-03-04 12:32:00,N,"elevator down at 15 Elm St, driver using stairs",12,28.79,0
ORD-25426,2025/02/26 08:32,02056,02052,Same-Day,Emerson Hospital,D029,2025-02-26 08:52:00,2025-02-26 09:44:00,2025-02-26 10:30:00,2025-02-26 11:30:00,Y,"pickup not ready, driver waiting 15+ min",6,8.98,0
ORD-25427,2025/01/02 13:00,02142,02126,Rush,South Shore Hospital,D026,2025-01-02 13:37:00,2025-01-02 14:37:00,2025-01-02 15:02:00,2025-01-02 14:34:00,N,,33,16.33,0
ORD-25428,2025/03/19 09:11,02177,02054,same-day,Boston Medical Center,D013,2025-03-19 09:42:00,2025-03-19 10:06:00,2025-03-19 10:22:00,2025-03-19 12:38:00,Y,called client re specimen integrity - awaiting callback,17,25.05,0
ORD-25429,02/09/2025 16:14,02116,02153,STAT,Tufts Medical,D039,2025-02-09 16:30:00,2025-02-09 16:52:00,2025-02-09 17:07:00,2025-02-09 16:47:00,Y,delayed at security checkpoint - id verification required,37,22.98,0
ORD-25430,03-27-25 03:43 PM,02127,02126,STAT,Boston Med Ctr,D009,2025-03-27 16:02:00,2025-03-27 16:26:00,2025-03-27 17:53:00,2025-03-27 16:21:00,N,"driver called in sick mid-route, reassigning trips",6,27.72,0
ORD-25431,2025-02-03 14:56:00,02199,02177,ROUTINE,Emerson Hospital,D021,2025-02-03 15:26:00,2025-02-03 15:53:00,2025-02-03 17:00:00,2025-02-03 20:02:00,Y,dispatcher note: double-check temp on this one before logging,7,12.02,0
ORD-25432,2025-02-06 18:34:00,01801,02169,stat,NE Labs,D002,2025-02-06 18:51:00,2025-02-06 19:28:00,2025-02-06 21:11:00,2025-02-06 19:10:00,N,lab closed early today per client,9,7.74,0
ORD-25433,2025/01/05 12:40,02186,02136,Stat,Tufts Medical,D022,2025-01-05 12:46:00,2025-01-05 13:17:00,2025-01-05 15:17:00,2025-01-05 13:12:00,Y,"client called to confirm - specimen critical, needs STAT upgrade",33,25.45,0
ORD-25434,2025/03/17 06:03,02072,02145,SAME-DAY,South Shore Hospital,D009,2025-03-17 06:09:00,,2025-03-17 08:44:00,2025-03-17 08:58:00,N,"driver called in sick mid-route, reassigning trips",8,14.38,0
ORD-25435,01/14/2025 13:26,02131,02047,ROUTINE,Childrens Hospital,D028,2025-01-14 14:08:00,2025-01-14 14:24:00,2025-01-14 15:58:00,2025-01-14 16:32:00,Y,"pickup not ready, driver waiting 15+ min",42,7.94,0
ORD-25436,03-19-25 02:37 PM,02019,02001,STAT,Tufts Med Center,D027,2025-03-19 15:10:00,2025-03-19 15:59:00,2025-03-19 17:46:00,2025-03-19 15:32:00,N,package refused by receiving staff - no signature authority,24,21.69,0
ORD-25437,2025-02-16 09:56:00,01867,02121,rush,St. Elizabeth's Medical,D024,2025-02-16 09:59:00,2025-02-16 10:46:00,2025-02-16 12:07:00,2025-02-16 11:11:00,Y,,40,18.64,0
ORD-25438,2025/01/27 21:40,02170,02109,RUSH,Lowell General,D030,2025-01-27 22:21:00,2025-01-27 22:52:00,2025-01-28 00:35:00,2025-01-27 23:01:00,Y,GPS routing error sent driver to wrong building,26,19.72,0
ORD-25439,,02030,02053,stat,St. Elizabeth's Medical,D031,2025-01-07 12:22:00,2025-01-07 13:19:00,2025-01-07 15:17:00,2025-01-07 12:54:00,Y,called client re specimen integrity - awaiting callback,5,5.51,0
ORD-25440,01/16/2025 07:28,02129,02071,RUSH,Northeast Labs,D019,2025-01-16 07:42:00,2025-01-16 08:08:00,2025-01-16 08:51:00,2025-01-16 09:03:00,Y,traffic accident on route 1 delay,6,13.27,0
ORD-25441,01/14/2025 02:43,02139,02116,RUSH,Brigham and Womens,D016,2025-01-14 03:09:00,2025-01-14 03:42:00,2025-01-14 05:40:00,2025-01-14 04:34:00,Y,,32,6.69,0
ORD-25442,01-20-25 05:08 PM,02019,02196,RUSH,LabCorp,D028,2025-01-20 17:51:00,2025-01-20 18:03:00,2025-01-20 18:49:00,2025-01-20 19:02:00,Y,,14,6.28,0
ORD-25443,2025-02-06 17:54:00,02129,02190,stat,NE Labs,D040,2025-02-06 18:01:00,2025-02-06 18:43:00,2025-02-06 19:19:00,2025-02-06 18:48:00,Y,"client changed pickup time, driver redirected",38,15.28,0
ORD-25444,02-18-25 11:30 AM,02116,02188,RUSH,Labcorp Inc,D038,2025-02-18 12:14:00,2025-02-18 12:37:00,2025-02-18 12:56:00,2025-02-18 13:25:00,Y,traffic accident on route 1 delay,24,17.13,0
ORD-25445,01/22/2025 19:23,01850,02120,Routine,Quest Diagnostics,D023,2025-01-22 19:40:00,2025-01-22 19:52:00,2025-01-22 21:21:00,2025-01-23 00:12:00,Y,GPS routing error sent driver to wrong building,31,21.17,0
ORD-25446,2025-02-05 10:11:00,02045,02043,STAT,NE Labs,D033,2025-02-05 10:46:00,,2025-02-05 13:01:00,2025-02-05 10:48:00,N,"wrong address on manifest, corrected enroute",222,15.68,0
ORD-25447,02-03-25 09:52 AM,02187,02140,stat,St. Elizabeth's Medical,D035,2025-02-03 10:11:00,2025-02-03 11:10:00,2025-02-03 11:26:00,2025-02-03 10:47:00,Y,redelivery needed: building locked,42,4.9,0
ORD-25448,2025/03/26 11:48,02189,02169,stat,Cape Cod Hospital,D031,2025-03-26 12:05:00,2025-03-26 12:52:00,2025-03-26 14:13:00,2025-03-26 12:41:00,Y,"pickup not ready, driver waiting 15+ min",10,10.79,0
ORD-25449,2025-04-01 10:28:00,02126,02104,RUSH,Providence Health,D020,2025-04-01 10:31:00,2025-04-01 11:23:00,2025-04-01 12:41:00,2025-04-01 11:54:00,Y,dispatcher note: double-check temp on this one before logging,30,27.63,0
ORD-25450,2025-02-09 09:01:00,01826,02120,STAT,Quest Diag,D039,2025-02-09 09:42:00,2025-02-09 10:17:00,2025-02-09 11:45:00,2025-02-09 09:43:00,N,redelivery needed: building locked,17,15.52,0
ORD-25451,03/24/2025 18:05,02142,02198,stat,South Shore Hospital,D002,2025-03-24 18:19:00,2025-03-24 18:33:00,2025-03-24 19:13:00,2025-03-24 18:41:00,Y,"driver called in sick mid-route, reassigning trips",38,6.42,0
ORD-25452,2025/03/09 01:20,02104,02169,STAT,Boston Medical Center,D027,2025-03-09 01:53:00,2025-03-09 02:07:00,2025-03-09 03:57:00,2025-03-09 01:56:00,N,traffic accident on route 1 delay,24,28.27,0
ORD-25453,2025-03-20 12:19:00,02118,02059,ROUTINE,MGH,D010,2025-03-20 12:50:00,2025-03-20 13:25:00,2025-03-20 13:48:00,2025-03-20 16:43:00,Y,,36,23.8,0
ORD-25454,2025/01/13 08:56,02062,02054,routine,Quest Diagnostics,D012,2025-01-13 09:25:00,2025-01-13 09:46:00,2025-01-13 10:32:00,2025-01-13 13:53:00,Y,"driver called in sick mid-route, reassigning trips",16,7.7,0
ORD-25455,2025/04/01 19:15,01879,02140,SAME-DAY,BioReference Labs,D005,2025-04-01 19:31:00,2025-04-01 20:07:00,2025-04-01 21:25:00,2025-04-01 22:02:00,N,recipient not available at delivery location,37,15.42,0
ORD-25456,2025-02-03 08:02:00,01845,02038,ROUTINE,Cape Cod Hospital,D022,2025-02-03 08:30:00,,2025-02-03 09:44:00,2025-02-03 11:36:00,Y,pickup completed but paperwork missing from package,34,6.79,0
ORD-25457,2025/03/13 13:45,01864,02188,routine,Brigham & Women's,D002,2025-03-13 14:26:00,2025-03-13 14:47:00,2025-03-13 15:14:00,2025-03-13 18:25:00,N,"driver called in sick mid-route, reassigning trips",5,9.64,0
ORD-25458,01-29-25 02:57 PM,02026,02184,ROUTINE,Emerson Hospital,D007,2025-01-29 15:24:00,2025-01-29 15:53:00,2025-01-29 17:36:00,2025-01-29 18:09:00,Y,dispatcher note: double-check temp on this one before logging,17,17.05,0
ORD-25459,2025-02-01 07:01:00,01803,02150,routine,Lowell General,D015,2025-02-01 07:10:00,2025-02-01 08:02:00,2025-02-01 09:59:00,2025-02-01 11:47:00,Y,,25,25.5,0
ORD-25460,2025-03-22 08:34:00,02106,02118,stat,Boston Medical Center,D012,2025-03-22 08:37:00,2025-03-22 09:28:00,2025-03-22 10:34:00,2025-03-22 09:18:00,N,"driver called in sick mid-route, reassigning trips",22,16.86,1
ORD-25461,2025-01-29 10:49:00,01854,02059,ROUTINE,Providence Health,D007,2025-01-29 11:30:00,2025-01-29 12:20:00,2025-01-29 13:16:00,2025-01-29 16:46:00,N,"driver vehicle breakdown, transfer to DD041 in progress",25,26.82,1
ORD-25462,2025-01-04 13:37:00,02119,02038,Routine,Tufts Med Center,D001,2025-01-04 13:54:00,2025-01-04 14:43:00,2025-01-04 15:00:00,2025-01-04 17:37:00,Y,dispatcher note: double-check temp on this one before logging,20,6.51,0
ORD-25463,02/18/2025 11:12,02025,02043,STAT,Cape Cod Hospital,D029,2025-02-18 11:36:00,2025-02-18 12:03:00,2025-02-18 12:35:00,2025-02-18 11:43:00,Y,GPS routing error sent driver to wrong building,23,12.17,0
ORD-25464,2025-02-13 09:13:00,02195,02048,same-day,Lowell General,D015,2025-02-13 09:54:00,2025-02-13 10:37:00,2025-02-13 11:40:00,2025-02-13 11:13:00,N,"client changed pickup time, driver redirected",9,6.25,0
ORD-25465,2025-01-28 06:11:00,02185,02130,Stat,NE Labs,D030,2025-01-28 06:33:00,2025-01-28 07:29:00,2025-01-28 08:05:00,2025-01-28 07:00:00,Y,lab closed early today per client,41,25.79,0
ORD-25466,02/05/2025 17:30,02067,02169,RUSH,Tufts Medical,D033,2025-02-05 18:12:00,2025-02-05 18:49:00,2025-02-05 20:38:00,2025-02-05 19:20:00,Y,dispatcher note: double-check temp on this one before logging,29,7.29,0
ORD-25467,2025-02-09 12:09:00,01886,02136,RUSH,Quest Diagnostics,D025,2025-02-09 12:47:00,,2025-02-09 14:59:00,2025-02-09 13:39:00,Y,,376,28.97,0
ORD-25468,2025-02-18 11:59:00,02102,02066,RUSH,Tufts Medical,D038,2025-02-18 12:06:00,2025-02-18 12:18:00,2025-02-18 13:25:00,2025-02-18 13:58:00,Y,traffic accident on route 1 delay,32,30.34,0
ORD-25469,2025-02-15 11:31:00,02071,02054,STAT,Labcorp Inc,D016,2025-02-15 11:49:00,2025-02-15 12:01:00,2025-02-15 13:17:00,2025-02-15 12:23:00,Y,"elevator down at 15 Elm St, driver using stairs",14,19.76,0
ORD-25470,2025-03-30 07:15:00,02200,02047,routine,Northeast Labs,D006,2025-03-30 07:59:00,2025-03-30 08:33:00,2025-03-30 10:19:00,2025-03-30 10:35:00,Y,traffic accident on route 1 delay,32,18.8,0
ORD-25471,03-31-25 09:34 AM,02072,02021,RUSH,Children's Hospital,D006,2025-03-31 09:43:00,2025-03-31 10:29:00,2025-03-31 12:05:00,2025-03-31 10:43:00,Y,traffic accident on route 1 delay,30,4.72,0
ORD-25472,01/23/2025 16:00,02169,02054,Rush,Children's Hospital,D028,2025-01-23 16:13:00,2025-01-23 16:46:00,2025-01-23 17:23:00,2025-01-23 17:31:00,Y,recipient not available at delivery location,33,11.62,0
ORD-25473,2025/01/27 04:11,02019,02138,same-day,Children's Hospital,D040,2025-01-27 04:20:00,,2025-01-27 06:16:00,2025-01-27 06:26:00,Y,"pickup not ready, driver waiting 15+ min",6,20.51,0
ORD-25474,03/29/2025 15:00,02155,02101,ROUTINE,Northeast Laboratory,D034,2025-03-29 15:03:00,2025-03-29 15:51:00,2025-03-29 16:54:00,2025-03-29 19:08:00,Y,"client changed pickup time, driver redirected",26,15.77,0
ORD-25475,2025/03/30 18:20,02199,02153,ROUTINE,Labcorp Inc,D023,2025-03-30 18:44:00,,2025-03-30 20:58:00,2025-03-30 23:02:00,Y,,182,33.61,0
ORD-25476,2025/02/06 20:48,02071,02185,ROUTINE,Lowell General,D033,2025-02-06 21:17:00,,2025-02-06 23:18:00,2025-02-07 01:10:00,N,called client re specimen integrity - awaiting callback,7,29.15,0
ORD-25477,01-31-25 01:25 PM,02171,02111,RUSH,Tufts Medical,D007,2025-01-31 13:52:00,2025-01-31 14:40:00,2025-01-31 15:32:00,2025-01-31 14:58:00,Y,,374,31.19,0
ORD-25478,2025/02/09 16:35,02111,02125,SAME-DAY,Boston Medical Center,D035,2025-02-09 16:53:00,2025-02-09 17:16:00,2025-02-09 18:02:00,2025-02-09 20:04:00,N,GPS routing error sent driver to wrong building,6,35.62,0
ORD-25479,02-06-25 08:16 AM,02200,02048,STAT,Boston Med Ctr,D041,2025-02-06 08:50:00,2025-02-06 09:50:00,2025-02-06 10:16:00,2025-02-06 09:15:00,Y,,43,16.0,0
ORD-25480,2025-02-19 13:50:00,02188,02180,routine,Mass General Hospital,D019,2025-02-19 13:58:00,2025-02-19 14:13:00,2025-02-19 14:42:00,2025-02-19 17:38:00,Y,recipient not available at delivery location,41,33.09,0
ORD-25481,02/19/2025 12:00,02130,02196,stat,Labcorp Inc,D021,2025-02-19 12:26:00,2025-02-19 13:19:00,2025-02-19 15:16:00,2025-02-19 12:51:00,Y,specimen labeled incorrectly by client,11,22.53,0
ORD-25482,2025/03/01 09:52,02186,02132,ROUTINE,Childrens Hospital,D019,2025-03-01 10:04:00,2025-03-01 10:56:00,2025-03-01 12:46:00,2025-03-01 13:00:00,Y,lab closed early today per client,37,8.64,0
ORD-25483,03/16/2025 11:53,02052,02056,Same-Day,Northeast Laboratory,D022,2025-03-16 12:05:00,2025-03-16 13:00:00,2025-03-16 15:00:00,2025-03-16 15:36:00,Y,pickup completed but paperwork missing from package,8,30.5,0
ORD-25484,2025/03/05 14:19,02140,02124,same-day,BioReference Labs,D028,2025-03-05 14:52:00,2025-03-05 15:50:00,,2025-03-05 17:52:00,Y,"elevator down at 15 Elm St, driver using stairs",17,22.86,0
ORD-25485,01-14-25 06:48 AM,02189,02107,routine,South Shore Hospital,D011,2025-01-14 07:27:00,2025-01-14 08:05:00,2025-01-14 08:37:00,2025-01-14 10:25:00,Y,,17,4.81,0
ORD-25486,2025/03/16 06:50,01867,02156,Same-Day,Children's Hospital,D011,2025-03-16 06:56:00,2025-03-16 07:28:00,2025-03-16 07:55:00,2025-03-16 08:56:00,N,specimen container damaged on pickup,26,36.99,0
ORD-25487,02/22/2025 08:07,02115,02143,ROUTINE,Brigham & Women's,D025,2025-02-22 08:52:00,2025-02-22 09:07:00,2025-02-22 10:46:00,2025-02-22 13:53:00,Y,"wrong zip code on order, corrected",33,8.52,0
ORD-25488,01-12-25 06:41 AM,02119,02132,STAT,Providence Health,D031,2025-01-12 07:01:00,,2025-01-12 09:41:00,2025-01-12 07:23:00,Y,"wrong zip code on order, corrected",32,8.7,0
ORD-25489,2025/02/12 05:58,02122,02127,Rush,South Shore Hospital,UNASSIGNED,2025-02-12 06:36:00,2025-02-12 07:20:00,2025-02-12 09:19:00,2025-02-12 07:02:00,Y,delayed at security checkpoint - id verification required,39,30.97,0
ORD-25490,2025/01/17 15:13,02193,02118,stat,St. Elizabeth's Medical,D001,2025-01-17 15:51:00,2025-01-17 16:21:00,2025-01-17 17:33:00,2025-01-17 15:49:00,Y,"wrong address on manifest, corrected enroute",40,29.73,0
ORD-25491,01/12/2025 21:32,02124,02125,Rush,Lowell General,UNASSIGNED,2025-01-12 21:54:00,2025-01-12 22:37:00,2025-01-12 22:57:00,2025-01-12 23:06:00,Y,delayed at security checkpoint - id verification required,36,22.01,0
ORD-25492,02/16/2025 13:32,01852,02047,routine,Mass General Hospital,UNASSIGNED,2025-02-16 13:44:00,2025-02-16 14:07:00,2025-02-16 15:00:00,2025-02-16 17:27:00,Y,driver cannot locate parking at hospital,13,18.64,0
ORD-25493,2025-03-13 08:24:00,01879,02170,rush,MGH,D010,2025-03-13 09:01:00,2025-03-13 09:15:00,2025-03-13 09:56:00,2025-03-13 10:04:00,Y,traffic accident on route 1 delay,28,26.2,0
ORD-25494,2025/03/08 13:26,02056,02180,RUSH,St. Elizabeth's Medical,D018,2025-03-08 13:36:00,2025-03-08 13:53:00,2025-03-08 15:16:00,2025-03-08 14:47:00,Y,called client re specimen integrity - awaiting callback,26,9.4,0
ORD-25495,2025-01-30 08:06:00,02030,02156,Same-Day,Boston Medical Center,D020,2025-01-30 08:46:00,,2025-01-30 11:27:00,2025-01-30 11:19:00,Y,"driver ran out of dry ice, needs resupply",22,34.54,0
ORD-25496,2025-01-23 09:48:00,02062,02062,ROUTINE,BioReference Labs,D026,2025-01-23 10:21:00,2025-01-23 10:39:00,2025-01-23 12:09:00,2025-01-23 13:27:00,Y,package refused by receiving staff - no signature authority,29,13.46,0
ORD-25497,03-24-25 09:45 PM,02142,02026,Rush,Childrens Hospital,D023,2025-03-24 22:17:00,2025-03-24 22:45:00,2025-03-25 00:04:00,2025-03-24 23:45:00,Y,,19,33.24,0
ORD-25498,2025/02/10 10:20,02136,02111,STAT,Mass General Hospital,D011,2025-02-10 10:59:00,2025-02-10 11:14:00,2025-02-10 11:36:00,2025-02-10 11:05:00,Y,"driver stuck in traffic on 93, running ~20 min late",32,35.74,0
ORD-25499,01-19-25 11:32 AM,02142,02196,ROUTINE,Labcorp Inc,UNASSIGNED,2025-01-19 11:47:00,2025-01-19 11:57:00,2025-01-19 13:47:00,2025-01-19 16:00:00,Y,pickup completed but paperwork missing from package,38,5.92,0
ORD-25500,2025/02/28 20:43,02156,02195,SAME-DAY,Brigham & Women's,D009,2025-02-28 21:18:00,2025-02-28 21:31:00,2025-02-28 22:31:00,2025-02-28 23:30:00,Y,"pickup not ready, driver waiting 15+ min",20,33.0,0
ORD-25501,01/17/2025 09:30,02026,02101,Routine,Providence Health,D020,2025-01-17 10:14:00,2025-01-17 10:26:00,2025-01-17 11:46:00,2025-01-17 14:34:00,N,"driver stuck in traffic on 93, running ~20 min late",44,14.49,1
ORD-25502,2025-02-15 18:11:00,01803,02114,Rush,Brigham and Womens,D033,2025-02-15 18:23:00,2025-02-15 18:40:00,,2025-02-15 20:00:00,Y,specimen labeled incorrectly by client,35,14.53,0
ORD-25503,2025/02/25 18:34,01854,02184,ROUTINE,Childrens Hospital,D023,2025-02-25 19:04:00,2025-02-25 19:36:00,2025-02-25 19:51:00,2025-02-25 22:02:00,Y,specimen temp excursion possible - driver reports cooler malfunction,13,29.42,0
ORD-25504,2025/01/06 07:12,02141,02139,STAT,Tufts Medical,D009,2025-01-06 07:35:00,2025-01-06 08:33:00,2025-01-06 10:24:00,2025-01-06 08:05:00,Y,,29,36.58,0
ORD-25505,2025-01-04 06:22:00,02163,02052,Stat,Lowell General,D028,2025-01-04 07:03:00,2025-01-04 07:13:00,2025-01-04 09:02:00,2025-01-04 07:07:00,N,GPS routing error sent driver to wrong building,20,28.93,1
ORD-25506,02/06/2025 15:55,02145,02135,ROUTINE,Children's Hospital,D007,2025-02-06 16:30:00,2025-02-06 16:51:00,2025-02-06 18:24:00,2025-02-06 21:36:00,Y,specimen labeled incorrectly by client,12,5.79,0
ORD-25507,,02021,02113,SAME-DAY,Labcorp Inc,D020,2025-01-26 20:10:00,2025-01-26 20:34:00,2025-01-26 21:18:00,2025-01-26 22:32:00,Y,specimen temp excursion possible - driver reports cooler malfunction,24,16.68,0
ORD-25508,02/15/2025 14:15,01840,02127,STAT,Northeast Laboratory,D021,2025-02-15 14:31:00,2025-02-15 15:11:00,2025-02-15 16:02:00,2025-02-15 14:58:00,N,"client changed pickup time, driver redirected",28,8.24,0
ORD-25509,03/30/2025 12:55,02067,02062,routine,Cape Cod Hospital,D034,2025-03-30 13:36:00,2025-03-30 14:01:00,2025-03-30 15:03:00,2025-03-30 17:33:00,N,recipient not available at delivery location,13,24.66,1
ORD-25510,03-26-25 04:12 PM,02197,02114,STAT,BioReference Labs,D020,2025-03-26 16:45:00,2025-03-26 17:07:00,2025-03-26 18:59:00,2025-03-26 16:46:00,N,"driver ran out of dry ice, needs resupply",21,29.94,0
ORD-25511,2025-03-14 21:57:00,02135,02059,STAT,Children's Hospital,D027,2025-03-14 22:33:00,,2025-03-15 00:52:00,2025-03-14 22:49:00,Y,lab closed early today per client,7,6.54,0
ORD-25512,2025-03-31 07:52:00,02143,02196,SAME-DAY,NE Labs,D033,2025-03-31 08:19:00,2025-03-31 09:18:00,2025-03-31 10:44:00,2025-03-31 10:18:00,Y,"driver vehicle breakdown, transfer to DD037 in progress",18,4.8,0
ORD-25513,03-08-25 10:45 AM,02045,02143,routine,Quest Diagnostics,D036,2025-03-08 10:55:00,,2025-03-08 11:55:00,2025-03-08 13:55:00,Y,,22,13.56,0
ORD-25514,2025/01/08 13:15,02025,02196,STAT,Emerson Hospital,D039,2025-01-08 13:41:00,2025-01-08 13:56:00,2025-01-08 14:52:00,2025-01-08 13:53:00,Y,GPS routing error sent driver to wrong building,44,37.51,0
ORD-25515,2025-03-23 16:52:00,02151,02140,stat,Northeast Labs,D038,2025-03-23 17:01:00,2025-03-23 17:58:00,2025-03-23 19:45:00,2025-03-23 17:30:00,Y,"wrong zip code on order, corrected",43,31.86,0
ORD-25516,2025-01-30 09:13:00,02177,02067,Rush,Childrens Hospital,D028,2025-01-30 09:39:00,,2025-01-30 10:52:00,2025-01-30 10:24:00,Y,"driver vehicle breakdown, transfer to DD013 in progress",41,28.94,0
ORD-25517,03/25/2025 08:19,01886,02169,ROUTINE,Brigham and Womens,D005,2025-03-25 08:49:00,2025-03-25 09:28:00,2025-03-25 10:14:00,2025-03-25 11:44:00,Y,package refused by receiving staff - no signature authority,5,17.16,0
ORD-25518,01-04-25 06:00 AM,02138,02106,STAT,NE Labs,D041,2025-01-04 06:41:00,2025-01-04 07:41:00,2025-01-04 07:57:00,2025-01-04 06:33:00,Y,,26,7.35,0
ORD-25519,2025/01/19 11:36,02180,02124,RUSH,Tufts Medical,D004,2025-01-19 12:13:00,2025-01-19 12:40:00,2025-01-19 14:23:00,2025-01-19 13:28:00,N,"driver ran out of dry ice, needs resupply",23,34.2,0
ORD-25520,01/02/2025 18:01,02101,02121,RUSH,Quest Diagnostics,D025,2025-01-02 18:11:00,2025-01-02 18:31:00,2025-01-02 19:48:00,2025-01-02 19:19:00,Y,"client called to confirm - specimen critical, needs STAT upgrade",26,35.43,0
ORD-25521,01/12/2025 18:38,02106,02195,RUSH,Brigham & Women's,D010,2025-01-12 19:23:00,2025-01-12 19:52:00,2025-01-12 21:34:00,2025-01-12 20:34:00,N,,36,35.75,0
ORD-25522,2025/01/11 15:55,01876,02045,STAT,Boston Med Ctr,D031,2025-01-11 16:02:00,2025-01-11 16:48:00,2025-01-11 17:17:00,2025-01-11 16:29:00,N,package refused by receiving staff - no signature authority,16,16.31,0
ORD-25523,2025-03-04 14:26:00,02136,02149,STAT,Emerson Hospital,D025,2025-03-04 14:55:00,2025-03-04 15:36:00,2025-03-04 17:01:00,2025-03-04 15:13:00,Y,redelivery needed: building locked,10,18.63,0
ORD-25524,03-16-25 03:51 PM,02145,02113,stat,Northeast Labs,D002,2025-03-16 16:17:00,2025-03-16 16:57:00,2025-03-16 18:23:00,2025-03-16 16:22:00,Y,called client re specimen integrity - awaiting callback,13,9.33,0
ORD-25525,2025-03-13 21:58:00,02025,02132,STAT,Boston Med Ctr,D010,2025-03-13 22:25:00,2025-03-13 22:36:00,2025-03-14 00:24:00,2025-03-13 22:29:00,Y,"driver called in sick mid-route, reassigning trips",42,32.55,0
ORD-25526,01/22/2025 03:23,02038,02110,STAT,Children's Hospital,D012,2025-01-22 03:56:00,2025-01-22 04:14:00,2025-01-22 06:04:00,2025-01-22 04:02:00,Y,pickup completed but paperwork missing from package,26,26.1,0
ORD-25527,01/03/2025 08:09,02138,02105,ROUTINE,Brigham & Women's,D001,2025-01-03 08:37:00,2025-01-03 09:30:00,2025-01-03 10:39:00,2025-01-03 12:15:00,Y,specimen container damaged on pickup,24,18.69,0
ORD-25528,2025-01-22 08:05:00,02200,02119,Routine,Labcorp Inc,D015,2025-01-22 08:33:00,2025-01-22 09:30:00,2025-01-22 10:08:00,2025-01-22 11:24:00,Y,driver reports ice on roads in reading area,35,26.0,0
ORD-25529,2025-02-19 07:51:00,02106,02128,RUSH,Boston Medical Center,D039,2025-02-19 08:15:00,2025-02-19 08:40:00,2025-02-19 08:58:00,2025-02-19 08:55:00,Y,"driver stuck in traffic on 93, running ~20 min late",24,11.26,0
ORD-25530,2025/01/06 08:05,02127,02106,ROUTINE,Tufts Medical,D021,2025-01-06 08:13:00,2025-01-06 08:23:00,2025-01-06 09:17:00,2025-01-06 12:46:00,Y,"pickup not ready, driver waiting 15+ min",30,37.12,0
ORD-25531,2025-04-01 14:21:00,02152,02192,STAT,Boston Med Ctr,UNASSIGNED,2025-04-01 14:48:00,2025-04-01 15:35:00,,2025-04-01 14:56:00,N,driver reports ice on roads in reading area,10,7.63,0
ORD-25532,01/29/2025 16:41,02149,02124,same-day,Tufts Med Center,D039,2025-01-29 17:25:00,2025-01-29 18:24:00,2025-01-29 19:45:00,2025-01-29 19:24:00,Y,"client called to confirm - specimen critical, needs STAT upgrade",32,28.38,0
ORD-25533,2025/03/30 10:13,02132,02110,Same-Day,Providence Health,D032,2025-03-30 10:22:00,2025-03-30 10:32:00,2025-03-30 12:30:00,2025-03-30 13:23:00,Y,,10,19.74,0
ORD-25534,01/23/2025 19:10,02128,02153,RUSH,NE Labs,D030,2025-01-23 19:29:00,2025-01-23 19:55:00,2025-01-23 21:10:00,2025-01-23 21:09:00,N,recipient not available at delivery location,41,16.68,0
ORD-25535,02-23-25 05:58 PM,02108,02153,ROUTINE,St. Elizabeth's Medical,D024,2025-02-23 18:06:00,2025-02-23 18:42:00,2025-02-23 20:24:00,2025-02-23 23:52:00,N,"wrong zip code on order, corrected",8,12.7,0
ORD-25536,01/03/2025 07:06,01879,02200,Rush,NE Labs,D030,2025-01-03 07:51:00,2025-01-03 08:23:00,2025-01-03 08:49:00,2025-01-03 09:03:00,Y,recipient not available at delivery location,10,8.13,0
ORD-25537,2025-02-21 15:12:00,01843,02145,RUSH,St. Elizabeth's Medical,D031,2025-02-21 15:22:00,,2025-02-21 16:51:00,2025-02-21 16:42:00,N,traffic accident on route 1 delay,25,37.59,0
ORD-25538,01-09-25 07:23 PM,02113,02131,STAT,Northeast Labs,D028,2025-01-09 19:43:00,2025-01-09 20:33:00,2025-01-09 21:20:00,2025-01-09 20:01:00,Y,lab closed early today per client,33,22.08,0
ORD-25539,2025/03/28 18:11,01851,02177,RUSH,Quest Diagnostics,D023,2025-03-28 18:40:00,2025-03-28 19:20:00,2025-03-28 20:36:00,2025-03-28 19:55:00,Y,,41,4.83,0
ORD-25540,03-19-25 07:46 AM,02133,02121,RUSH,Cape Cod Hospital,D021,2025-03-19 07:49:00,2025-03-19 08:28:00,2025-03-19 09:02:00,2025-03-19 09:06:00,N,"driver called in sick mid-route, reassigning trips",31,28.7,0
ORD-25541,2025/01/18 13:40,01852,02105,stat,Brigham and Womens,D035,2025-01-18 13:53:00,2025-01-18 14:27:00,2025-01-18 15:58:00,2025-01-18 14:16:00,Y,delayed at security checkpoint - id verification required,5,16.69,0
ORD-25542,2025/02/09 18:32,01862,02054,ROUTINE,Childrens Hospital,D023,2025-02-09 18:57:00,2025-02-09 19:34:00,2025-02-09 20:58:00,2025-02-09 22:01:00,Y,driver reports ice on roads in reading area,32,23.02,0
ORD-25543,01/22/2025 12:24,02140,02053,ROUTINE,Emerson Hospital,D040,2025-01-22 12:33:00,,,2025-01-22 17:09:00,N,pickup completed but paperwork missing from package,44,7.84,0
ORD-25544,03/17/2025 16:42,02105,02131,stat,Childrens Hospital,D008,2025-03-17 16:57:00,2025-03-17 17:14:00,2025-03-17 18:29:00,2025-03-17 17:26:00,Y,,311,30.7,0
ORD-25545,03-07-25 08:56 AM,02054,02176,ROUTINE,Northeast Labs,D027,2025-03-07 09:01:00,2025-03-07 09:12:00,2025-03-07 09:28:00,2025-03-07 14:08:00,Y,"client called to confirm - specimen critical, needs STAT upgrade",25,36.63,0
ORD-25546,02/26/2025 08:25,02138,02169,routine,Providence Health,D041,2025-02-26 08:52:00,2025-02-26 09:13:00,2025-02-26 11:01:00,2025-02-26 12:05:00,Y,recipient not available at delivery location,13,25.65,0
ORD-25547,2025/02/21 17:40,02186,02198,STAT,Quest Diag,D006,2025-02-21 17:44:00,2025-02-21 17:54:00,2025-02-21 19:04:00,2025-02-21 18:10:00,Y,"driver ran out of dry ice, needs resupply",10,5.35,0
ORD-25548,2025-01-18 22:40:00,02066,02127,Stat,Mass General Hospital,D035,2025-01-18 22:58:00,2025-01-18 23:57:00,2025-01-19 01:44:00,2025-01-18 23:18:00,Y,driver cannot locate parking at hospital,10,25.52,0
ORD-25549,03/24/2025 22:55,02110,02025,STAT,Boston Med Ctr,D012,2025-03-24 23:03:00,2025-03-24 23:44:00,2025-03-25 00:08:00,2025-03-24 23:31:00,Y,"client changed pickup time, driver redirected",6,20.8,0
ORD-25550,2025-03-23 05:43:00,02192,02145,ROUTINE,Childrens Hospital,D012,2025-03-23 06:05:00,2025-03-23 06:26:00,2025-03-23 06:42:00,2025-03-23 08:51:00,N,"pickup not ready, driver waiting 15+ min",27,25.07,0
ORD-25551,2025/01/22 11:16,02019,02026,STAT,Northeast Labs,D010,2025-01-22 11:32:00,2025-01-22 11:49:00,,2025-01-22 11:50:00,N,pickup completed but paperwork missing from package,13,20.63,0
ORD-25552,02/15/2025 14:41,02153,02191,Rush,Labcorp Inc,D017,2025-02-15 14:55:00,2025-02-15 15:48:00,2025-02-15 16:28:00,2025-02-15 16:06:00,N,,42,31.1,0
ORD-25553,2025-03-05 10:28:00,02153,02139,routine,St. Elizabeth's Medical,D025,2025-03-05 10:58:00,2025-03-05 11:44:00,2025-03-05 12:24:00,2025-03-05 13:44:00,Y,,7,12.98,0
ORD-25554,2025/02/23 09:52,02200,02195,RUSH,Northeast Labs,D021,2025-02-23 10:22:00,2025-02-23 10:43:00,,2025-02-23 11:34:00,Y,package refused by receiving staff - no signature authority,25,15.17,0
ORD-25555,2025-01-03 14:13:00,02171,02148,SAME-DAY,BioReference Labs,D019,2025-01-03 14:54:00,2025-01-03 15:37:00,2025-01-03 16:19:00,2025-01-03 17:44:00,Y,,9,26.15,0
ORD-25556,2025/03/30 15:20,02021,02129,STAT,Tufts Medical,D018,2025-03-30 15:49:00,2025-03-30 16:06:00,2025-03-30 16:36:00,2025-03-30 16:08:00,Y,delayed at security checkpoint - id verification required,6,26.06,0
ORD-25557,2025-03-16 22:58:00,01863,02170,STAT,BioReference Labs,D003,2025-03-16 23:22:00,,2025-03-17 01:10:00,2025-03-16 23:53:00,Y,lab closed early today per client,22,16.09,0
ORD-25558,2025-01-12 12:20:00,01840,02169,RUSH,Childrens Hospital,D008,2025-01-12 12:46:00,,,2025-01-12 13:20:00,N,"pickup not ready, driver waiting 15+ min",32,7.45,0
ORD-25559,2025/02/18 16:34,02198,02053,SAME-DAY,MGH,D003,2025-02-18 16:44:00,,2025-02-18 17:34:00,2025-02-18 19:52:00,Y,redelivery needed: building locked,22,35.48,0
ORD-25560,03/17/2025 11:08,01867,02067,ROUTINE,Children's Hospital,D008,2025-03-17 11:44:00,2025-03-17 12:09:00,2025-03-17 13:31:00,2025-03-17 15:19:00,Y,pickup completed but paperwork missing from package,35,13.34,0
ORD-25561,2025-02-08 14:22:00,02190,02135,ROUTINE,Cape Cod Hospital,D005,2025-02-08 14:29:00,2025-02-08 14:42:00,2025-02-08 16:00:00,2025-02-08 19:21:00,Y,traffic accident on route 1 delay,36,11.49,0
ORD-25562,2025/03/18 15:32,02156,02144,Routine,Emerson Hospital,D033,2025-03-18 15:41:00,2025-03-18 16:05:00,2025-03-18 16:36:00,2025-03-18 20:27:00,Y,specimen container damaged on pickup,17,10.8,0
ORD-25563,02/06/2025 10:43,02190,02001,ROUTINE,Boston Med Ctr,D007,2025-02-06 10:53:00,2025-02-06 11:04:00,2025-02-06 11:49:00,2025-02-06 13:50:00,Y,specimen container damaged on pickup,33,8.46,0
ORD-25564,03/13/2025 05:27,02102,02192,Rush,Quest Diag,D018,2025-03-13 05:53:00,2025-03-13 06:06:00,2025-03-13 06:33:00,2025-03-13 06:54:00,Y,traffic accident on route 1 delay,30,13.74,0
ORD-25565,03/20/2025 11:27,01840,02043,Stat,Boston Medical Center,D004,2025-03-20 11:32:00,2025-03-20 11:59:00,2025-03-20 13:27:00,2025-03-20 12:05:00,N,"client called to confirm - specimen critical, needs STAT upgrade",30,7.89,0
ORD-25566,03/31/2025 08:13,02025,02151,ROUTINE,South Shore Hospital,D001,2025-03-31 08:22:00,2025-03-31 09:04:00,2025-03-31 09:42:00,2025-03-31 12:31:00,Y,"elevator down at 15 Elm St, driver using stairs",20,27.33,0
ORD-25567,2025-01-23 07:57:00,01803,02048,ROUTINE,Quest Diag,UNASSIGNED,2025-01-23 08:16:00,2025-01-23 08:36:00,2025-01-23 09:00:00,2025-01-23 13:29:00,Y,"client changed pickup time, driver redirected",246,20.33,0
ORD-25568,01-07-25 04:36 PM,02052,02133,ROUTINE,Brigham & Women's,D007,2025-01-07 16:45:00,2025-01-07 17:42:00,2025-01-07 18:35:00,2025-01-07 21:05:00,Y,driver cannot locate parking at hospital,36,19.87,0
ORD-25569,2025/02/16 09:21,02169,02047,SAME-DAY,St. Elizabeth's Medical,D018,2025-02-16 09:57:00,,2025-02-16 12:35:00,2025-02-16 13:10:00,Y,package refused by receiving staff - no signature authority,27,12.69,0
ORD-25570,04/01/2025 21:23,01851,02128,SAME-DAY,Labcorp Inc,D018,2025-04-01 22:06:00,2025-04-01 22:50:00,2025-04-02 00:31:00,2025-04-02 01:15:00,Y,driver cannot locate parking at hospital,27,17.6,0
ORD-25571,02/24/2025 19:17,01832,02019,ROUTINE,Quest Diag,D008,2025-02-24 19:47:00,2025-02-24 20:26:00,2025-02-24 22:22:00,2025-02-24 23:45:00,Y,"driver stuck in traffic on 93, running ~20 min late",36,9.43,0
ORD-25572,2025-03-30 07:18:00,02141,02124,RUSH,Quest Diagnostics,D019,2025-03-30 07:21:00,2025-03-30 07:33:00,2025-03-30 08:46:00,2025-03-30 08:25:00,N,lab closed early today per client,5,26.62,1
ORD-25573,02/03/2025 07:56,02188,02192,ROUTINE,BioReference Labs,D006,2025-02-03 08:16:00,2025-02-03 09:12:00,2025-02-03 09:45:00,2025-02-03 11:16:00,Y,specimen temp excursion possible - driver reports cooler malfunction,35,12.83,0
ORD-25574,2025-03-29 13:27:00,02194,02114,SAME-DAY,Quest Diagnostics,D012,2025-03-29 14:06:00,2025-03-29 14:59:00,2025-03-29 16:09:00,2025-03-29 15:44:00,Y,traffic accident on route 1 delay,21,23.07,0
ORD-25575,2025-02-09 09:19:00,02135,02187,ROUTINE,Labcorp Inc,D028,2025-02-09 09:28:00,2025-02-09 10:11:00,2025-02-09 10:43:00,2025-02-09 15:14:00,Y,driver reports ice on roads in reading area,27,18.59,0
ORD-25576,2025-02-23 11:58:00,02163,02176,STAT,Boston Med Ctr,D020,2025-02-23 12:16:00,2025-02-23 12:58:00,2025-02-23 14:27:00,2025-02-23 12:56:00,Y,lab closed early today per client,8,17.65,0
ORD-25577,2025/02/22 14:29,02190,02194,rush,Northeast Laboratory,D018,2025-02-22 15:13:00,2025-02-22 15:44:00,2025-02-22 16:12:00,2025-02-22 16:05:00,Y,"pickup not ready, driver waiting 15+ min",8,24.08,0
ORD-25578,03-08-25 03:03 PM,02120,02121,ROUTINE,Tufts Medical,D041,2025-03-08 15:15:00,2025-03-08 16:05:00,2025-03-08 16:58:00,2025-03-08 18:04:00,Y,"client called to confirm - specimen critical, needs STAT upgrade",17,4.5,0
ORD-25579,03/20/2025 17:33,02025,02115,ROUTINE,Tufts Med Center,D004,2025-03-20 17:43:00,2025-03-20 18:18:00,2025-03-20 19:11:00,2025-03-20 21:33:00,Y,"driver ran out of dry ice, needs resupply",21,27.32,0
ORD-25580,03/27/2025 13:27,01810,02127,STAT,Cape Cod Hospital,D011,2025-03-27 14:02:00,2025-03-27 14:56:00,2025-03-27 16:45:00,2025-03-27 14:06:00,Y,recipient not available at delivery location,42,26.87,0
ORD-25581,02/21/2025 10:51,02105,02177,STAT,Quest Diagnostics,D037,2025-02-21 11:18:00,2025-02-21 12:05:00,2025-02-21 12:21:00,2025-02-21 11:49:00,Y,driver reports ice on roads in reading area,7,16.38,0
ORD-25582,2025-01-19 11:46:00,01803,02124,RUSH,Tufts Med Center,D034,2025-01-19 12:13:00,2025-01-19 12:27:00,2025-01-19 13:47:00,2025-01-19 13:27:00,Y,"pickup not ready, driver waiting 15+ min",34,30.85,0
ORD-25583,02/06/2025 15:42,02102,02109,SAME-DAY,Emerson Hospital,D031,2025-02-06 16:23:00,2025-02-06 16:44:00,2025-02-06 18:23:00,2025-02-06 19:21:00,Y,driver cannot locate parking at hospital,13,24.23,0
ORD-25584,2025/03/17 09:39,01843,02106,STAT,Cape Cod Hospital,D007,2025-03-17 10:24:00,2025-03-17 11:05:00,2025-03-17 11:33:00,2025-03-17 10:33:00,Y,dispatcher note: double-check temp on this one before logging,20,34.01,0
ORD-25585,2025/02/20 15:26,01841,02030,Stat,Northeast Laboratory,D005,2025-02-20 15:57:00,2025-02-20 16:30:00,2025-02-20 18:22:00,2025-02-20 16:25:00,N,recipient not available at delivery location,33,37.63,0
ORD-25586,2025-01-27 07:31:00,02050,02132,stat,Brigham & Women's,D034,2025-01-27 07:46:00,,2025-01-27 08:59:00,2025-01-27 08:04:00,N,,13,16.55,0
ORD-25587,03/12/2025 17:21,02151,02061,ROUTINE,Tufts Medical,D014,2025-03-12 18:00:00,2025-03-12 18:40:00,2025-03-12 20:40:00,2025-03-12 22:44:00,Y,,9,25.45,0
ORD-25588,01-11-25 12:08 PM,02053,02114,STAT,Mass General Hospital,D035,2025-01-11 12:32:00,2025-01-11 12:56:00,2025-01-11 13:13:00,2025-01-11 13:04:00,Y,"elevator down at 15 Elm St, driver using stairs",27,33.69,0
ORD-25589,02/07/2025 05:36,02120,02030,ROUTINE,Labcorp Inc,D035,2025-02-07 05:46:00,2025-02-07 06:26:00,2025-02-07 07:55:00,2025-02-07 11:23:00,N,"pickup not ready, driver waiting 15+ min",31,15.71,0
ORD-25590,01-19-25 08:52 AM,02197,02067,ROUTINE,Northeast Laboratory,D005,2025-01-19 09:31:00,2025-01-19 10:25:00,2025-01-19 11:58:00,2025-01-19 13:20:00,Y,GPS routing error sent driver to wrong building,43,35.63,0
ORD-25591,03/13/2025 11:08,01832,02115,STAT,Tufts Med Center,D023,2025-03-13 11:38:00,2025-03-13 12:07:00,2025-03-13 13:23:00,2025-03-13 11:45:00,N,specimen temp excursion possible - driver reports cooler malfunction,6,31.68,0
ORD-25592,,02114,02107,Rush,Labcorp Inc,D028,2025-02-19 15:17:00,,2025-02-19 17:00:00,2025-02-19 16:26:00,Y,called client re specimen integrity - awaiting callback,27,19.12,0
ORD-25593,2025-01-09 08:05:00,02032,02171,Routine,BioReference Labs,D001,2025-01-09 08:23:00,,2025-01-09 10:35:00,2025-01-09 11:51:00,Y,"pickup not ready, driver waiting 15+ min",27,34.33,0
ORD-25594,2025-02-08 06:25:00,01862,02047,STAT,MGH,D014,2025-02-08 06:59:00,2025-02-08 07:56:00,2025-02-08 09:41:00,2025-02-08 07:22:00,N,"elevator down at 15 Elm St, driver using stairs",24,30.64,0
ORD-25595,03/26/2025 08:57,02145,02197,ROUTINE,Northeast Laboratory,D027,2025-03-26 09:39:00,,2025-03-26 11:23:00,2025-03-26 14:10:00,Y,pickup completed but paperwork missing from package,40,16.98,0
ORD-25596,01-20-25 03:15 AM,02139,02071,rush,Boston Medical Center,UNASSIGNED,2025-01-20 03:20:00,2025-01-20 03:47:00,2025-01-20 04:36:00,2025-01-20 04:20:00,N,,44,5.13,0
ORD-25597,2025-02-27 04:13:00,02140,02180,ROUTINE,Lowell General,D035,2025-02-27 04:38:00,2025-02-27 05:26:00,2025-02-27 05:44:00,2025-02-27 08:20:00,Y,delayed at security checkpoint - id verification required,18,15.92,0
ORD-25598,03-22-25 10:27 AM,02197,02062,Routine,Boston Medical Center,D019,2025-03-22 11:04:00,2025-03-22 11:41:00,2025-03-22 12:55:00,2025-03-22 15:39:00,Y,redelivery needed: building locked,34,35.48,0
ORD-25599,01-18-25 06:17 PM,02200,02140,STAT,Mass General Hospital,D019,2025-01-18 18:41:00,,2025-01-18 20:44:00,2025-01-18 18:55:00,Y,,277,23.54,0
ORD-25600,02/12/2025 16:54,02111,02103,Rush,Childrens Hospital,UNASSIGNED,2025-02-12 17:19:00,2025-02-12 18:09:00,2025-02-12 19:25:00,2025-02-12 17:57:00,Y,"wrong address on manifest, corrected enroute",22,22.97,0
ORD-25601,01-10-25 10:16 AM,02048,02138,SAME-DAY,Boston Med Ctr,D012,2025-01-10 10:28:00,,2025-01-10 12:53:00,2025-01-10 12:20:00,Y,specimen container damaged on pickup,33,5.91,0
ORD-25602,2025/01/31 04:45,02043,02103,ROUTINE,LabCorp,D003,2025-01-31 05:26:00,,2025-01-31 06:43:00,2025-01-31 08:13:00,Y,specimen labeled incorrectly by client,18,16.94,0
ORD-25603,2025-03-30 10:41:00,02050,02121,STAT,St. Elizabeth's Medical,D022,2025-03-30 11:10:00,2025-03-30 11:43:00,2025-03-30 13:21:00,2025-03-30 11:30:00,N,called client re specimen integrity - awaiting callback,7,9.53,0
ORD-25604,01/15/2025 13:51,02149,02062,ROUTINE,Providence Health,D014,2025-01-15 14:18:00,2025-01-15 14:30:00,2025-01-15 15:59:00,2025-01-15 19:37:00,N,"wrong address on manifest, corrected enroute",19,37.93,0
ORD-25605,2025/02/24 12:07,02121,02107,ROUTINE,Lowell General,D029,2025-02-24 12:30:00,2025-02-24 12:52:00,2025-02-24 13:41:00,2025-02-24 16:09:00,Y,,28,15.05,0
ORD-25606,01-16-25 02:28 PM,02191,02171,RUSH,LabCorp,D005,2025-01-16 14:54:00,2025-01-16 15:34:00,2025-01-16 17:12:00,2025-01-16 15:54:00,Y,,13,12.71,0
ORD-25607,02/23/2025 14:42,02045,02141,RUSH,Boston Medical Center,D027,2025-02-23 15:17:00,2025-02-23 16:03:00,2025-02-23 16:36:00,2025-02-23 15:54:00,Y,,181,18.52,0
ORD-25608,03-13-25 02:30 PM,01863,02105,routine,Northeast Labs,D005,2025-03-13 14:41:00,2025-03-13 15:24:00,2025-03-13 16:44:00,2025-03-13 19:00:00,N,"elevator down at 15 Elm St, driver using stairs",40,14.33,0
ORD-25609,02/14/2025 12:39,02150,02106,STAT,LabCorp,D027,2025-02-14 13:22:00,2025-02-14 14:19:00,2025-02-14 15:31:00,2025-02-14 13:24:00,Y,pickup completed but paperwork missing from package,16,24.25,0
ORD-25610,,02130,02155,ROUTINE,Childrens Hospital,D029,2025-03-08 06:11:00,2025-03-08 07:07:00,2025-03-08 08:27:00,2025-03-08 09:21:00,Y,"client changed pickup time, driver redirected",26,21.84,0
ORD-25611,2025/03/10 12:54,02050,02148,Rush,Brigham & Women's,D003,2025-03-10 13:10:00,2025-03-10 13:53:00,2025-03-10 15:03:00,2025-03-10 14:14:00,N,lab closed early today per client,15,13.67,0
ORD-25612,01/23/2025 08:58,02132,02067,STAT,Mass General Hospital,D010,2025-01-23 09:07:00,2025-01-23 09:52:00,2025-01-23 10:33:00,2025-01-23 09:28:00,Y,specimen temp excursion possible - driver reports cooler malfunction,39,11.04,0
ORD-25613,2025-03-05 16:01:00,02050,02001,Rush,Childrens Hospital,D030,2025-03-05 16:22:00,2025-03-05 17:17:00,2025-03-05 17:46:00,2025-03-05 17:29:00,Y,"client changed pickup time, driver redirected",21,9.08,0
ORD-25614,2025/02/06 15:07,02176,02111,Routine,Mass General Hospital,D021,2025-02-06 15:20:00,2025-02-06 15:51:00,2025-02-06 17:10:00,2025-02-06 20:18:00,Y,"wrong address on manifest, corrected enroute",25,5.78,0
ORD-25615,2025-01-14 19:50:00,02019,02199,ROUTINE,Emerson Hospital,UNASSIGNED,2025-01-14 20:33:00,2025-01-14 20:43:00,2025-01-14 22:18:00,2025-01-14 23:46:00,Y,driver cannot locate parking at hospital,35,31.76,0
ORD-25616,2025-03-06 08:12:00,01851,02194,SAME-DAY,Cape Cod Hospital,D028,2025-03-06 08:19:00,2025-03-06 09:04:00,2025-03-06 10:21:00,2025-03-06 10:16:00,Y,driver cannot locate parking at hospital,44,24.06,0
ORD-25617,03-24-25 09:33 AM,02001,02143,routine,Quest Diagnostics,D032,2025-03-24 10:16:00,2025-03-24 11:04:00,2025-03-24 12:09:00,2025-03-24 12:57:00,Y,,23,19.48,0
ORD-25618,02/02/2025 13:07,02056,02047,STAT,South Shore Hospital,D009,2025-02-02 13:40:00,2025-02-02 14:21:00,2025-02-02 16:19:00,2025-02-02 13:37:00,Y,specimen container damaged on pickup,18,30.72,0
ORD-25619,01/09/2025 12:20,02056,02171,Rush,Childrens Hospital,D017,2025-01-09 12:26:00,2025-01-09 13:07:00,2025-01-09 13:56:00,2025-01-09 14:12:00,N,driver reports ice on roads in reading area,31,33.83,0
ORD-25620,2025-03-23 06:39:00,01863,02026,ROUTINE,Cape Cod Hospital,UNASSIGNED,2025-03-23 07:06:00,2025-03-23 08:05:00,2025-03-23 08:31:00,2025-03-23 12:00:00,N,specimen temp excursion possible - driver reports cooler malfunction,38,22.44,0
ORD-25621,03/11/2025 10:45,02176,02124,SAME-DAY,Quest Diag,D036,2025-03-11 11:03:00,2025-03-11 11:15:00,2025-03-11 11:31:00,2025-03-11 13:52:00,N,redelivery needed: building locked,36,13.98,1
ORD-25622,03/23/2025 15:15,02153,02118,routine,Labcorp Inc,D009,2025-03-23 15:35:00,,2025-03-23 16:14:00,2025-03-23 20:01:00,N,pickup completed but paperwork missing from package,39,9.59,0
ORD-25623,2025/02/21 07:38,02170,02148,Rush,Cape Cod Hospital,UNASSIGNED,2025-02-21 07:58:00,,2025-02-21 09:33:00,2025-02-21 09:14:00,Y,lab closed early today per client,32,36.89,0
ORD-25624,2025/03/14 08:18,02122,02192,Stat,Northeast Labs,D026,2025-03-14 08:44:00,2025-03-14 09:28:00,2025-03-14 11:20:00,2025-03-14 09:06:00,Y,redelivery needed: building locked,19,20.47,0
ORD-25625,01/15/2025 13:21,02135,02111,STAT,Brigham & Women's,D032,2025-01-15 14:01:00,2025-01-15 14:16:00,2025-01-15 15:02:00,2025-01-15 14:06:00,Y,,41,6.47,0
ORD-25626,03-06-25 08:19 AM,02185,02122,STAT,South Shore Hospital,D027,2025-03-06 08:22:00,2025-03-06 09:16:00,2025-03-06 10:05:00,2025-03-06 09:04:00,Y,"pickup not ready, driver waiting 15+ min",20,28.25,0
ORD-25627,2025/03/08 12:47,01850,02115,Rush,NE Labs,D001,2025-03-08 13:00:00,2025-03-08 13:57:00,2025-03-08 15:18:00,2025-03-08 14:42:00,Y,specimen temp excursion possible - driver reports cooler malfunction,32,25.48,0
ORD-25628,2025/03/10 11:47,02105,02170,STAT,Boston Medical Center,D019,2025-03-10 12:07:00,2025-03-10 12:37:00,2025-03-10 13:58:00,2025-03-10 12:37:00,N,lab closed early today per client,38,31.39,0
ORD-25629,2025-02-18 11:16:00,02025,02149,SAME-DAY,Cape Cod Hospital,D009,2025-02-18 11:29:00,2025-02-18 12:24:00,,2025-02-18 14:09:00,N,"client changed pickup time, driver redirected",9,4.69,0
ORD-25630,2025-01-27 14:34:00,01852,02108,ROUTINE,St. Elizabeth's Medical,D023,2025-01-27 15:17:00,2025-01-27 15:41:00,,2025-01-27 18:23:00,Y,,32,14.74,0
ORD-25631,03/22/2025 15:59,02124,02043,ROUTINE,NE Labs,D007,2025-03-22 16:15:00,2025-03-22 16:36:00,2025-03-22 17:26:00,2025-03-22 21:12:00,Y,dispatcher note: double-check temp on this one before logging,29,30.36,0
ORD-25632,03-18-25 01:51 PM,02133,02048,SAME-DAY,Brigham and Womens,D015,2025-03-18 14:07:00,2025-03-18 14:56:00,2025-03-18 15:22:00,2025-03-18 17:42:00,N,"wrong address on manifest, corrected enroute",8,31.54,0
ORD-25633,03-03-25 09:32 AM,02035,02199,Rush,Labcorp Inc,D023,2025-03-03 09:54:00,2025-03-03 10:24:00,2025-03-03 11:45:00,2025-03-03 11:25:00,Y,"driver vehicle breakdown, transfer to DD041 in progress",22,32.64,0
ORD-25634,03-14-25 10:44 AM,02143,02118,ROUTINE,Children's Hospital,D012,2025-03-14 10:48:00,2025-03-14 11:27:00,2025-03-14 12:28:00,2025-03-14 15:32:00,Y,"driver ran out of dry ice, needs resupply",17,10.5,0
ORD-25635,2025-01-03 07:23:00,01801,02021,RUSH,Boston Medical Center,D017,2025-01-03 07:58:00,2025-01-03 08:46:00,2025-01-03 09:02:00,2025-01-03 09:04:00,N,specimen temp excursion possible - driver reports cooler malfunction,21,6.42,0
ORD-25636,2025-01-05 17:59:00,02132,02035,rush,Brigham & Women's,D035,2025-01-05 18:08:00,,2025-01-05 19:00:00,2025-01-05 19:08:00,Y,"driver vehicle breakdown, transfer to DD009 in progress",10,32.83,0
ORD-25637,01/09/2025 10:45,01852,02197,RUSH,Brigham and Womens,D002,2025-01-09 11:09:00,2025-01-09 11:39:00,2025-01-09 13:20:00,2025-01-09 12:22:00,Y,called client re specimen integrity - awaiting callback,460,18.01,0
ORD-25638,03/28/2025 14:04,02156,02192,STAT,MGH,D029,2025-03-28 14:09:00,2025-03-28 14:57:00,2025-03-28 15:47:00,2025-03-28 14:39:00,Y,,5,23.28,0
ORD-25639,2025/01/17 09:36,01851,02200,SAME-DAY,NE Labs,D006,2025-01-17 09:50:00,2025-01-17 10:05:00,2025-01-17 11:53:00,2025-01-17 11:38:00,Y,,5,17.05,0
ORD-25640,01/12/2025 17:15,02143,02043,Same-Day,Brigham and Womens,D009,2025-01-12 17:37:00,2025-01-12 18:11:00,2025-01-12 18:32:00,2025-01-12 19:32:00,Y,GPS routing error sent driver to wrong building,19,13.64,0
ORD-25641,01/27/2025 07:18,02108,02138,STAT,LabCorp,D023,2025-01-27 08:02:00,2025-01-27 08:40:00,2025-01-27 10:01:00,2025-01-27 07:53:00,N,,42,22.52,1
ORD-25642,2025/04/01 10:41,02171,02141,stat,South Shore Hospital,D036,2025-04-01 11:01:00,2025-04-01 11:43:00,2025-04-01 12:09:00,2025-04-01 11:25:00,Y,,12,25.64,0
ORD-25643,03/03/2025 07:37,02127,02156,ROUTINE,Northeast Laboratory,D007,2025-03-03 08:20:00,2025-03-03 08:30:00,2025-03-03 09:30:00,2025-03-03 12:03:00,Y,recipient not available at delivery location,16,14.76,0
ORD-25644,,02177,02030,rush,Providence Health,D026,2025-03-02 13:21:00,2025-03-02 13:47:00,2025-03-02 14:33:00,2025-03-02 14:18:00,Y,lab closed early today per client,7,33.89,0
ORD-25645,03-07-25 06:27 AM,02128,02170,ROUTINE,Brigham & Women's,D020,2025-03-07 07:08:00,2025-03-07 07:51:00,2025-03-07 09:35:00,2025-03-07 10:02:00,N,"pickup not ready, driver waiting 15+ min",8,14.86,0
ORD-25646,2025-02-15 11:10:00,02140,02121,stat,Brigham & Women's,D006,2025-02-15 11:24:00,2025-02-15 11:47:00,2025-02-15 12:32:00,2025-02-15 11:44:00,Y,,201,16.05,0
ORD-25647,03-03-25 12:25 PM,02195,02188,ROUTINE,Childrens Hospital,D007,2025-03-03 12:52:00,2025-03-03 13:22:00,2025-03-03 13:53:00,2025-03-03 16:48:00,Y,,32,22.39,0
ORD-25648,2025/02/15 11:47,01821,02132,SAME-DAY,Brigham & Women's,D024,2025-02-15 12:13:00,2025-02-15 12:55:00,2025-02-15 13:53:00,2025-02-15 15:23:00,Y,"wrong address on manifest, corrected enroute",19,10.8,0
ORD-25649,01/29/2025 09:05,02139,02127,Rush,Quest Diagnostics,D031,2025-01-29 09:10:00,2025-01-29 09:46:00,2025-01-29 10:34:00,2025-01-29 10:38:00,Y,driver reports ice on roads in reading area,10,29.04,0
ORD-25650,2025/03/26 17:51,01879,02145,STAT,Tufts Med Center,D030,2025-03-26 17:54:00,2025-03-26 18:45:00,2025-03-26 20:02:00,2025-03-26 18:45:00,N,GPS routing error sent driver to wrong building,21,8.38,0
ORD-25651,2025-02-28 11:49:00,02060,02196,same-day,Boston Medical Center,D028,2025-02-28 12:26:00,2025-02-28 13:00:00,2025-02-28 14:52:00,2025-02-28 13:49:00,Y,,42,21.75,0
ORD-25652,2025-03-21 14:29:00,02111,02141,STAT,Tufts Medical,D004,2025-03-21 15:10:00,2025-03-21 15:43:00,2025-03-21 17:25:00,2025-03-21 15:08:00,Y,"driver stuck in traffic on 93, running ~20 min late",39,14.32,0
ORD-25653,02/24/2025 01:20,01826,02025,STAT,Cape Cod Hospital,UNASSIGNED,2025-02-24 01:48:00,,2025-02-24 02:55:00,2025-02-24 02:13:00,N,"client changed pickup time, driver redirected",32,16.07,0
ORD-25654,2025/03/22 08:52,02198,02061,routine,Providence Health,D005,2025-03-22 09:15:00,2025-03-22 09:27:00,2025-03-22 10:29:00,2025-03-22 14:35:00,Y,recipient not available at delivery location,29,28.8,0
ORD-25655,02/14/2025 19:47,02103,02103,stat,Cape Cod Hospital,D006,2025-02-14 20:17:00,2025-02-14 21:17:00,2025-02-14 21:46:00,2025-02-14 20:26:00,Y,"driver ran out of dry ice, needs resupply",20,6.14,0
ORD-25656,2025/03/16 11:48,02048,02066,ROUTINE,Brigham & Women's,D003,2025-03-16 12:29:00,2025-03-16 12:50:00,2025-03-16 13:56:00,2025-03-16 16:32:00,Y,,31,13.7,0
ORD-25657,03/02/2025 13:40,02030,02132,STAT,Quest Diag,D040,2025-03-02 14:01:00,2025-03-02 14:56:00,2025-03-02 16:44:00,2025-03-02 14:23:00,Y,"pickup not ready, driver waiting 15+ min",39,35.65,0
ORD-25658,01/03/2025 09:20,02108,02122,rush,Cape Cod Hospital,D035,2025-01-03 09:33:00,2025-01-03 10:07:00,,2025-01-03 11:14:00,Y,"wrong address on manifest, corrected enroute",45,37.5,0
ORD-25659,2025-01-12 08:33:00,02052,02067,RUSH,Lowell General,D010,2025-01-12 09:15:00,2025-01-12 09:35:00,2025-01-12 11:04:00,2025-01-12 09:59:00,Y,"driver stuck in traffic on 93, running ~20 min late",23,20.94,0
ORD-25660,02/01/2025 09:34,02132,02118,STAT,Brigham and Womens,D008,2025-02-01 10:13:00,2025-02-01 10:34:00,2025-02-01 11:26:00,2025-02-01 10:27:00,Y,"driver ran out of dry ice, needs resupply",31,11.79,0
ORD-25661,2025-03-19 08:49:00,01854,02048,SAME-DAY,Emerson Hospital,D021,2025-03-19 09:24:00,2025-03-19 10:08:00,2025-03-19 11:31:00,2025-03-19 11:52:00,Y,lab closed early today per client,33,33.76,0
ORD-25662,2025/02/22 08:34,02156,02187,ROUTINE,Lowell General,D025,2025-02-22 09:14:00,2025-02-22 09:50:00,2025-02-22 11:28:00,2025-02-22 14:16:00,N,specimen labeled incorrectly by client,13,21.36,1
ORD-25663,03/16/2025 15:01,02038,02125,ROUTINE,Tufts Medical,D024,2025-03-16 15:05:00,2025-03-16 15:53:00,2025-03-16 17:43:00,2025-03-16 20:22:00,Y,traffic accident on route 1 delay,15,28.72,0
ORD-25664,02-01-25 07:59 AM,02021,02148,STAT,NE Labs,D014,2025-02-01 08:38:00,2025-02-01 09:17:00,2025-02-01 10:31:00,2025-02-01 08:36:00,Y,driver reports ice on roads in reading area,37,31.42,0
ORD-25665,02/13/2025 17:58,02111,02060,Same-Day,Northeast Labs,D027,2025-02-13 18:34:00,,2025-02-13 20:23:00,2025-02-13 20:31:00,Y,"driver ran out of dry ice, needs resupply",12,24.83,0
ORD-25666,2025-03-11 14:28:00,02150,02108,RUSH,Labcorp Inc,D003,2025-03-11 14:54:00,2025-03-11 15:49:00,2025-03-11 16:55:00,2025-03-11 15:56:00,Y,recipient not available at delivery location,11,13.29,0
ORD-25667,03-17-25 03:07 PM,02067,02171,ROUTINE,Boston Med Ctr,D031,2025-03-17 15:23:00,2025-03-17 15:39:00,2025-03-17 16:27:00,2025-03-17 20:04:00,Y,"client changed pickup time, driver redirected",20,15.97,0
ORD-25668,2025-03-31 10:50:00,02045,02200,RUSH,Northeast Laboratory,D010,2025-03-31 11:26:00,2025-03-31 11:37:00,2025-03-31 12:28:00,2025-03-31 12:13:00,Y,lab closed early today per client,15,14.71,0
ORD-25669,02-27-25 02:09 PM,02144,02119,STAT,Quest Diagnostics,D017,2025-02-27 14:52:00,2025-02-27 15:03:00,2025-02-27 15:47:00,2025-02-27 14:43:00,Y,driver cannot locate parking at hospital,28,29.47,0
ORD-25670,2025/03/09 10:39,02062,02043,STAT,Tufts Med Center,D024,2025-03-09 11:06:00,2025-03-09 11:57:00,2025-03-09 13:14:00,2025-03-09 11:14:00,Y,redelivery needed: building locked,5,6.67,0
ORD-25671,01/30/2025 09:14,02132,02061,Routine,Emerson Hospital,D032,2025-01-30 09:46:00,2025-01-30 10:36:00,2025-01-30 12:03:00,2025-01-30 14:28:00,Y,pickup completed but paperwork missing from package,17,5.6,0
ORD-25672,2025-03-23 06:21:00,02047,02198,Same-Day,Cape Cod Hospital,D006,2025-03-23 06:27:00,2025-03-23 07:13:00,2025-03-23 08:25:00,2025-03-23 10:03:00,Y,"elevator down at 15 Elm St, driver using stairs",20,28.53,0
ORD-25673,01/24/2025 03:38,02048,02113,Routine,Cape Cod Hospital,D005,2025-01-24 03:49:00,,2025-01-24 05:39:00,2025-01-24 09:07:00,Y,"client changed pickup time, driver redirected",34,34.03,0
ORD-25674,01/08/2025 09:40,02114,02116,rush,Tufts Medical,D035,2025-01-08 10:20:00,2025-01-08 11:08:00,2025-01-08 11:50:00,2025-01-08 11:17:00,Y,,12,19.33,0
ORD-25675,2025-03-25 07:51:00,02155,02186,same-day,MGH,D039,2025-03-25 08:11:00,2025-03-25 09:01:00,2025-03-25 10:19:00,2025-03-25 10:56:00,Y,"wrong zip code on order, corrected",24,22.33,0
ORD-25676,2025-02-14 08:35:00,02135,02184,STAT,Brigham & Women's,D021,2025-02-14 09:10:00,2025-02-14 09:51:00,,2025-02-14 09:18:00,Y,recipient not available at delivery location,33,27.51,0
ORD-25677,01-25-25 07:06 AM,02026,02144,ROUTINE,Quest Diag,D031,2025-01-25 07:15:00,2025-01-25 07:44:00,2025-01-25 09:26:00,2025-01-25 12:58:00,N,"driver vehicle breakdown, transfer to DD013 in progress",30,33.05,0
ORD-25678,2025/01/22 09:33,02139,02025,Routine,Cape Cod Hospital,D017,2025-01-22 10:06:00,2025-01-22 10:39:00,2025-01-22 11:32:00,2025-01-22 14:03:00,Y,"pickup not ready, driver waiting 15+ min",33,23.37,0
ORD-25679,02/24/2025 00:25,02104,02152,ROUTINE,Boston Med Ctr,D018,2025-02-24 00:29:00,2025-02-24 01:24:00,2025-02-24 03:23:00,2025-02-24 04:30:00,Y,called client re specimen integrity - awaiting callback,6,31.0,0
ORD-25680,02/12/2025 12:47,02026,02032,ROUTINE,MGH,D016,2025-02-12 13:00:00,2025-02-12 13:56:00,2025-02-12 14:52:00,2025-02-12 17:47:00,Y,specimen temp excursion possible - driver reports cooler malfunction,29,34.95,0
ORD-25681,2025-03-05 08:38:00,01841,02114,STAT,Quest Diag,D024,2025-03-05 09:09:00,2025-03-05 09:26:00,2025-03-05 10:17:00,2025-03-05 09:10:00,Y,dispatcher note: double-check temp on this one before logging,31,33.78,0
ORD-25682,2025-03-18 09:12:00,02108,02135,RUSH,BioReference Labs,D017,2025-03-18 09:50:00,2025-03-18 10:18:00,2025-03-18 11:40:00,2025-03-18 11:01:00,N,,25,16.6,0
ORD-25683,01/29/2025 07:29,02067,02149,stat,South Shore Hospital,D039,2025-01-29 07:33:00,2025-01-29 07:50:00,2025-01-29 08:22:00,2025-01-29 08:24:00,Y,specimen temp excursion possible - driver reports cooler malfunction,38,37.65,0
ORD-25684,2025/02/18 01:27,02118,02148,Routine,Tufts Medical,D022,2025-02-18 02:10:00,,2025-02-18 03:30:00,2025-02-18 06:49:00,Y,"driver ran out of dry ice, needs resupply",15,32.85,0
ORD-25685,2025-01-13 12:29:00,02019,02067,STAT,Lowell General,D018,2025-01-13 13:01:00,2025-01-13 13:58:00,2025-01-13 15:10:00,2025-01-13 13:04:00,Y,"pickup not ready, driver waiting 15+ min",34,27.7,0
ORD-25686,2025-02-26 18:25:00,01801,02032,routine,Northeast Labs,UNASSIGNED,2025-02-26 18:48:00,2025-02-26 19:07:00,2025-02-26 20:16:00,2025-02-27 00:17:00,Y,"driver ran out of dry ice, needs resupply",34,11.21,0
ORD-25687,2025/03/16 19:57,02190,02001,STAT,Boston Med Ctr,D012,2025-03-16 20:06:00,2025-03-16 20:50:00,2025-03-16 21:08:00,2025-03-16 20:51:00,N,called client re specimen integrity - awaiting callback,9,15.06,0
ORD-25688,2025-01-28 07:10:00,02047,02133,SAME-DAY,Brigham and Womens,D002,2025-01-28 07:21:00,2025-01-28 07:38:00,2025-01-28 08:49:00,2025-01-28 10:06:00,Y,,18,19.47,0
ORD-25689,2025-02-22 07:49:00,02180,02118,STAT,Brigham & Women's,D038,2025-02-22 08:25:00,2025-02-22 08:45:00,2025-02-22 09:15:00,2025-02-22 08:34:00,Y,called client re specimen integrity - awaiting callback,25,11.55,0
ORD-25690,2025-01-13 16:23:00,02119,02116,Same-Day,Northeast Labs,UNASSIGNED,2025-01-13 16:52:00,2025-01-13 17:08:00,2025-01-13 18:14:00,2025-01-13 20:10:00,N,,24,27.99,0
ORD-25691,2025/02/20 17:01,02048,02061,ROUTINE,Quest Diag,D016,2025-02-20 17:15:00,2025-02-20 17:25:00,2025-02-20 18:52:00,2025-02-20 22:58:00,Y,specimen temp excursion possible - driver reports cooler malfunction,8,11.53,0
ORD-25692,2025-03-27 09:39:00,01879,02176,STAT,Tufts Med Center,D012,2025-03-27 10:05:00,2025-03-27 11:05:00,2025-03-27 11:34:00,2025-03-27 10:18:00,Y,called client re specimen integrity - awaiting callback,21,5.45,0
ORD-25693,2025-01-05 09:56:00,02152,02121,SAME-DAY,Northeast Laboratory,D039,2025-01-05 10:32:00,,2025-01-05 11:28:00,2025-01-05 12:24:00,N,"wrong address on manifest, corrected enroute",12,20.06,0
ORD-25694,2025-03-11 10:54:00,02136,02101,RUSH,Tufts Medical,D017,2025-03-11 11:05:00,2025-03-11 11:57:00,2025-03-11 12:53:00,2025-03-11 12:36:00,Y,"client changed pickup time, driver redirected",36,33.04,0
ORD-25695,01/27/2025 06:32,02199,02121,stat,NE Labs,D026,2025-01-27 06:53:00,2025-01-27 07:09:00,2025-01-27 08:42:00,2025-01-27 07:25:00,Y,"pickup not ready, driver waiting 15+ min",34,21.92,0
ORD-25696,03-16-25 10:17 PM,01863,02148,Rush,Lowell General,D003,2025-03-16 22:44:00,2025-03-16 22:57:00,2025-03-17 00:32:00,2025-03-16 23:17:00,N,specimen temp excursion possible - driver reports cooler malfunction,20,15.3,0
ORD-25697,2025-03-04 17:12:00,02180,02001,Rush,Brigham and Womens,D017,2025-03-04 17:49:00,2025-03-04 18:06:00,2025-03-04 19:17:00,2025-03-04 18:44:00,Y,"pickup not ready, driver waiting 15+ min",16,31.53,0
ORD-25698,03-05-25 03:29 PM,02141,02150,Routine,MGH,D024,2025-03-05 15:59:00,2025-03-05 16:10:00,2025-03-05 17:47:00,2025-03-05 19:27:00,Y,,12,28.38,0
ORD-25699,2025-01-18 17:19:00,02125,02111,Same-Day,Tufts Med Center,D033,2025-01-18 17:34:00,2025-01-18 18:27:00,,2025-01-18 20:52:00,Y,specimen container damaged on pickup,43,23.36,0
ORD-25700,2025-03-10 11:51:00,02124,02133,ROUTINE,Tufts Med Center,D011,2025-03-10 12:00:00,2025-03-10 12:20:00,2025-03-10 14:02:00,2025-03-10 15:48:00,Y,dispatcher note: double-check temp on this one before logging,14,36.5,0
ORD-25701,02/25/2025 17:17,02200,02170,RUSH,Tufts Med Center,D031,2025-02-25 17:49:00,2025-02-25 18:07:00,2025-02-25 19:03:00,2025-02-25 18:21:00,Y,"driver ran out of dry ice, needs resupply",24,29.07,0
ORD-25702,03-19-25 08:03 PM,01864,02121,ROUTINE,Brigham & Women's,D016,2025-03-19 20:31:00,2025-03-19 20:51:00,2025-03-19 22:46:00,2025-03-19 23:52:00,Y,called client re specimen integrity - awaiting callback,9,36.29,0
ORD-25703,01-19-25 06:07 PM,02129,02050,STAT,Childrens Hospital,D018,2025-01-19 18:30:00,,2025-01-19 19:36:00,2025-01-19 18:40:00,Y,"client called to confirm - specimen critical, needs STAT upgrade",35,19.18,0
ORD-25704,2025-01-17 12:39:00,01845,02067,SAME-DAY,Quest Diag,D003,2025-01-17 13:06:00,2025-01-17 13:23:00,2025-01-17 14:10:00,2025-01-17 15:00:00,Y,"elevator down at 15 Elm St, driver using stairs",36,12.03,0
ORD-25705,2025-01-15 06:46:00,02131,02153,Stat,Lowell General,D028,2025-01-15 07:15:00,,2025-01-15 08:27:00,2025-01-15 07:42:00,Y,driver cannot locate parking at hospital,21,15.52,0
ORD-25706,03/28/2025 16:22,01852,02059,routine,Mass General Hospital,D015,2025-03-28 17:02:00,2025-03-28 17:54:00,2025-03-28 19:04:00,2025-03-28 21:26:00,Y,,41,21.89,0
ORD-25707,03/28/2025 10:38,02186,02043,Same-Day,Providence Health,D016,2025-03-28 11:04:00,2025-03-28 11:57:00,2025-03-28 13:26:00,2025-03-28 14:22:00,Y,pickup completed but paperwork missing from package,7,30.9,0
ORD-25708,03/01/2025 12:33,02103,02035,Routine,Children's Hospital,D002,2025-03-01 12:49:00,,2025-03-01 14:37:00,2025-03-01 15:58:00,Y,GPS routing error sent driver to wrong building,6,32.96,0
ORD-25709,02/03/2025 09:43,02038,02140,rush,Northeast Laboratory,D041,2025-02-03 10:02:00,2025-02-03 11:02:00,2025-02-03 12:55:00,2025-02-03 11:38:00,Y,"pickup not ready, driver waiting 15+ min",30,30.66,0
ORD-25710,01/24/2025 17:54,02066,02030,ROUTINE,Mass General Hospital,D020,2025-01-24 18:03:00,2025-01-24 18:18:00,2025-01-24 20:05:00,2025-01-24 23:01:00,Y,dispatcher note: double-check temp on this one before logging,29,33.18,0
ORD-25711,2025-03-05 09:51:00,02067,02067,STAT,Brigham & Women's,D008,2025-03-05 10:06:00,2025-03-05 10:35:00,2025-03-05 12:04:00,2025-03-05 10:38:00,Y,"driver ran out of dry ice, needs resupply",39,25.22,0
ORD-25712,01-11-25 07:05 AM,02196,02047,Rush,MGH,D022,2025-01-11 07:42:00,2025-01-11 08:17:00,2025-01-11 09:17:00,2025-01-11 08:59:00,Y,,23,37.02,0
ORD-25713,2025/02/12 23:28,02038,02198,STAT,MGH,UNASSIGNED,2025-02-12 23:45:00,2025-02-13 00:09:00,2025-02-13 01:52:00,2025-02-13 00:18:00,Y,package refused by receiving staff - no signature authority,5,36.81,0
ORD-25714,2025-03-21 11:28:00,02125,02200,stat,Brigham & Women's,D038,2025-03-21 11:56:00,2025-03-21 12:42:00,2025-03-21 14:17:00,2025-03-21 12:21:00,Y,,28,13.33,0
ORD-25715,2025/02/18 09:59,02056,02197,RUSH,South Shore Hospital,D016,2025-02-18 10:36:00,,2025-02-18 12:23:00,2025-02-18 11:31:00,Y,"driver ran out of dry ice, needs resupply",25,32.18,0
ORD-25716,01-31-25 02:45 PM,02125,02132,rush,Providence Health,D030,2025-01-31 15:27:00,2025-01-31 16:08:00,,2025-01-31 15:55:00,N,driver reports ice on roads in reading area,40,34.51,0
ORD-25717,01/20/2025 05:22,02150,02140,ROUTINE,Cape Cod Hospital,UNASSIGNED,2025-01-20 06:03:00,2025-01-20 06:40:00,2025-01-20 07:57:00,2025-01-20 10:03:00,Y,driver reports ice on roads in reading area,24,27.1,0
ORD-25718,2025/02/13 08:51,02200,02171,STAT,BioReference Labs,D038,2025-02-13 09:14:00,,2025-02-13 10:18:00,2025-02-13 09:39:00,N,"wrong address on manifest, corrected enroute",44,18.36,1
ORD-25719,01-26-25 08:38 AM,01886,02127,STAT,Tufts Medical,D022,2025-01-26 08:46:00,2025-01-26 09:21:00,2025-01-26 09:48:00,2025-01-26 09:20:00,Y,redelivery needed: building locked,35,16.0,0
ORD-25720,01-14-25 09:11 AM,02191,02136,ROUTINE,Brigham & Women's,D013,2025-01-14 09:28:00,2025-01-14 10:19:00,2025-01-14 11:18:00,2025-01-14 12:35:00,Y,"driver stuck in traffic on 93, running ~20 min late",43,23.16,0
ORD-25721,,02121,02102,STAT,Labcorp Inc,D037,2025-03-30 09:49:00,2025-03-30 10:03:00,2025-03-30 11:05:00,2025-03-30 09:59:00,Y,"driver ran out of dry ice, needs resupply",18,7.75,0
ORD-25722,2025-03-30 18:38:00,01886,02184,Routine,Brigham & Women's,D029,2025-03-30 18:42:00,2025-03-30 18:54:00,2025-03-30 20:28:00,2025-03-30 22:08:00,Y,lab closed early today per client,23,27.38,0
ORD-25723,03/18/2025 11:57,02019,02026,STAT,St. Elizabeth's Medical,D030,2025-03-18 12:42:00,2025-03-18 13:16:00,2025-03-18 14:41:00,2025-03-18 12:48:00,Y,"pickup not ready, driver waiting 15+ min",20,12.52,0
ORD-25724,03/05/2025 07:25,01841,02189,routine,Lowell General,D038,2025-03-05 07:34:00,2025-03-05 07:49:00,2025-03-05 09:10:00,2025-03-05 12:39:00,Y,"elevator down at 15 Elm St, driver using stairs",39,29.86,0
ORD-25725,03/25/2025 07:20,02156,02129,RUSH,Emerson Hospital,D028,2025-03-25 07:47:00,,2025-03-25 08:53:00,2025-03-25 08:55:00,Y,redelivery needed: building locked,24,30.84,0
ORD-25726,02/07/2025 15:44,02185,02106,stat,NE Labs,D038,2025-02-07 16:23:00,2025-02-07 16:44:00,2025-02-07 18:08:00,2025-02-07 16:31:00,N,lab closed early today per client,29,36.8,1
ORD-25727,2025-03-30 17:47:00,02187,02126,ROUTINE,Lowell General,D014,2025-03-30 17:56:00,2025-03-30 18:17:00,2025-03-30 19:30:00,2025-03-30 21:05:00,Y,"client changed pickup time, driver redirected",18,25.04,0
ORD-25728,2025/01/07 19:13,01860,02142,STAT,Mass General Hospital,D022,2025-01-07 19:27:00,2025-01-07 19:51:00,2025-01-07 20:55:00,2025-01-07 19:44:00,N,"client called to confirm - specimen critical, needs STAT upgrade",20,13.15,0
ORD-25729,2025/03/30 12:55,02054,02130,SAME-DAY,Emerson Hospital,D018,2025-03-30 13:24:00,2025-03-30 13:34:00,2025-03-30 15:17:00,2025-03-30 15:30:00,Y,traffic accident on route 1 delay,36,4.85,0
ORD-25730,03-31-25 10:44 AM,01863,02047,ROUTINE,NE Labs,D008,2025-03-31 10:57:00,,2025-03-31 13:34:00,2025-03-31 14:26:00,Y,driver cannot locate parking at hospital,30,14.1,0
ORD-25731,03/15/2025 08:48,02184,02129,Same-Day,BioReference Labs,D013,2025-03-15 08:59:00,2025-03-15 09:11:00,2025-03-15 10:32:00,2025-03-15 11:17:00,N,redelivery needed: building locked,16,27.74,1
ORD-25732,02-26-25 01:28 PM,02108,02025,Routine,Lowell General,D013,2025-02-26 13:44:00,,,2025-02-26 17:07:00,Y,driver cannot locate parking at hospital,16,11.22,0
ORD-25733,03/25/2025 04:24,02052,02192,STAT,Brigham & Women's,D022,2025-03-25 05:09:00,,2025-03-25 07:34:00,2025-03-25 05:20:00,Y,specimen container damaged on pickup,23,9.3,0
ORD-25734,02/11/2025 04:43,02120,02196,STAT,Cape Cod Hospital,D021,2025-02-11 05:09:00,2025-02-11 05:28:00,2025-02-11 05:47:00,2025-02-11 05:13:00,Y,delayed at security checkpoint - id verification required,8,30.25,0
ORD-25735,2025-01-17 17:48:00,02127,02197,STAT,Emerson Hospital,D031,2025-01-17 18:27:00,2025-01-17 19:01:00,2025-01-17 20:38:00,2025-01-17 18:32:00,Y,specimen labeled incorrectly by client,36,16.06,0
ORD-25736,2025/03/24 10:58,02110,02196,SAME-DAY,Mass General Hospital,D041,2025-03-24 11:12:00,2025-03-24 11:38:00,2025-03-24 12:42:00,2025-03-24 13:00:00,Y,lab closed early today per client,14,18.25,0
ORD-25737,03/12/2025 17:25,02135,02152,stat,Labcorp Inc,D027,2025-03-12 17:57:00,2025-03-12 18:35:00,2025-03-12 20:23:00,2025-03-12 18:06:00,Y,"driver called in sick mid-route, reassigning trips",30,22.25,0
ORD-25738,2025-02-02 08:12:00,02200,02061,ROUTINE,St. Elizabeth's Medical,D030,2025-02-02 08:50:00,2025-02-02 09:50:00,2025-02-02 11:42:00,2025-02-02 12:06:00,Y,"client changed pickup time, driver redirected",11,19.65,0
ORD-25739,03/22/2025 10:12,02125,02124,ROUTINE,Tufts Med Center,D029,2025-03-22 10:16:00,2025-03-22 10:39:00,2025-03-22 12:22:00,2025-03-22 14:21:00,Y,"driver called in sick mid-route, reassigning trips",41,25.98,0
ORD-25740,03/16/2025 15:12,02056,02187,Stat,Cape Cod Hospital,D032,2025-03-16 15:35:00,2025-03-16 16:33:00,2025-03-16 18:06:00,2025-03-16 16:10:00,N,recipient not available at delivery location,9,4.79,0
ORD-25741,01/08/2025 09:05,02194,02152,stat,Boston Med Ctr,D020,2025-01-08 09:12:00,2025-01-08 10:01:00,2025-01-08 11:02:00,2025-01-08 10:01:00,Y,"pickup not ready, driver waiting 15+ min",16,7.9,0
ORD-25742,03/14/2025 07:56,02105,02118,ROUTINE,St. Elizabeth's Medical,D036,2025-03-14 08:34:00,2025-03-14 09:14:00,2025-03-14 10:49:00,2025-03-14 11:59:00,Y,"driver called in sick mid-route, reassigning trips",14,7.75,0
ORD-25743,2025-01-07 07:24:00,02114,02125,Routine,Providence Health,D024,2025-01-07 07:55:00,2025-01-07 08:41:00,2025-01-07 10:10:00,2025-01-07 12:29:00,Y,delayed at security checkpoint - id verification required,27,37.59,0
ORD-25744,2025-02-18 05:08:00,02142,02169,SAME-DAY,Boston Medical Center,D013,2025-02-18 05:51:00,2025-02-18 06:19:00,2025-02-18 07:15:00,2025-02-18 07:18:00,Y,,422,18.49,0
ORD-25745,01/23/2025 09:16,02048,02194,SAME-DAY,Northeast Labs,D011,2025-01-23 09:22:00,2025-01-23 09:47:00,2025-01-23 11:25:00,2025-01-23 12:11:00,Y,driver cannot locate parking at hospital,34,15.65,0
ORD-25746,2025-01-06 06:59:00,02152,02001,STAT,Labcorp Inc,D031,2025-01-06 07:26:00,2025-01-06 07:38:00,2025-01-06 08:42:00,2025-01-06 07:41:00,Y,,37,30.77,0
ORD-25747,2025/02/23 14:08,02150,02138,ROUTINE,Tufts Medical,D006,2025-02-23 14:39:00,2025-02-23 14:54:00,2025-02-23 16:34:00,2025-02-23 19:18:00,Y,"driver stuck in traffic on 93, running ~20 min late",13,8.09,0
ORD-25748,01/11/2025 07:04,02176,02134,Routine,NE Labs,UNASSIGNED,2025-01-11 07:07:00,2025-01-11 07:38:00,2025-01-11 09:27:00,2025-01-11 10:43:00,Y,,34,15.59,0
ORD-25749,03/28/2025 06:07,01864,02129,SAME-DAY,NE Labs,D006,2025-03-28 06:10:00,2025-03-28 07:10:00,2025-03-28 08:20:00,2025-03-28 09:38:00,N,"pickup not ready, driver waiting 15+ min",45,20.45,1
ORD-25750,2025-03-06 13:11:00,02151,02050,ROUTINE,Northeast Laboratory,D033,2025-03-06 13:14:00,2025-03-06 13:35:00,2025-03-06 14:00:00,2025-03-06 18:29:00,Y,traffic accident on route 1 delay,12,7.04,0
ORD-25751,2025/01/25 17:48,01879,02169,ROUTINE,Providence Health,D027,2025-01-25 18:23:00,2025-01-25 18:51:00,2025-01-25 20:27:00,2025-01-25 22:16:00,Y,specimen container damaged on pickup,5,36.93,0
ORD-25752,02/03/2025 08:10,01843,02191,RUSH,Cape Cod Hospital,D028,2025-02-03 08:18:00,2025-02-03 09:16:00,2025-02-03 10:57:00,2025-02-03 09:57:00,Y,"pickup not ready, driver waiting 15+ min",42,35.13,0
ORD-25753,2025/04/01 14:43,02127,02138,Routine,Quest Diag,D031,2025-04-01 15:09:00,2025-04-01 15:38:00,2025-04-01 16:56:00,2025-04-01 18:31:00,Y,"driver vehicle breakdown, transfer to DD003 in progress",27,33.98,0
ORD-25754,2025/02/12 19:54,02103,02187,SAME-DAY,Childrens Hospital,D010,2025-02-12 20:21:00,2025-02-12 20:32:00,2025-02-12 21:40:00,2025-02-12 22:42:00,Y,"wrong zip code on order, corrected",14,4.97,0
ORD-25755,2025-03-27 18:09:00,02001,02131,STAT,Labcorp Inc,D018,2025-03-27 18:33:00,2025-03-27 18:44:00,2025-03-27 19:24:00,2025-03-27 19:05:00,Y,"driver ran out of dry ice, needs resupply",22,20.8,0
ORD-25756,03/06/2025 10:54,02141,02108,RUSH,Boston Medical Center,D021,2025-03-06 11:27:00,2025-03-06 11:55:00,2025-03-06 13:27:00,2025-03-06 12:25:00,Y,GPS routing error sent driver to wrong building,277,25.66,0
ORD-25757,2025-02-14 13:43:00,02133,02118,ROUTINE,Tufts Med Center,D024,2025-02-14 13:54:00,2025-02-14 14:40:00,,2025-02-14 18:37:00,Y,specimen labeled incorrectly by client,18,27.56,0
ORD-25758,2025/02/11 13:57,02170,02140,ROUTINE,Providence Health,D013,2025-02-11 14:08:00,2025-02-11 15:08:00,2025-02-11 16:04:00,2025-02-11 17:55:00,Y,"client called to confirm - specimen critical, needs STAT upgrade",20,12.84,0
ORD-25759,03/15/2025 11:01,02191,02114,Rush,Boston Med Ctr,D006,2025-03-15 11:37:00,2025-03-15 12:16:00,2025-03-15 13:33:00,2025-03-15 12:47:00,Y,driver reports ice on roads in reading area,29,31.01,0
ORD-25760,2025/02/06 14:23,01841,02188,Stat,Emerson Hospital,UNASSIGNED,2025-02-06 14:48:00,2025-02-06 15:37:00,2025-02-06 17:37:00,2025-02-06 15:01:00,Y,"client changed pickup time, driver redirected",25,22.47,0
ORD-25761,2025-03-25 07:59:00,01862,02142,Routine,Cape Cod Hospital,D034,2025-03-25 08:34:00,2025-03-25 08:59:00,2025-03-25 09:50:00,2025-03-25 11:01:00,Y,traffic accident on route 1 delay,14,5.47,0
ORD-25762,2025-03-25 15:05:00,02169,02121,rush,Labcorp Inc,D039,2025-03-25 15:36:00,,2025-03-25 17:58:00,2025-03-25 16:22:00,Y,"client called to confirm - specimen critical, needs STAT upgrade",34,24.15,0
ORD-25763,02/12/2025 20:07,02059,02198,ROUTINE,Boston Med Ctr,D025,2025-02-12 20:45:00,2025-02-12 21:35:00,2025-02-12 21:53:00,2025-02-12 23:52:00,Y,,7,15.35,0
ORD-25764,03/15/2025 03:32,02149,02059,STAT,NE Labs,D009,2025-03-15 03:44:00,2025-03-15 04:27:00,2025-03-15 04:55:00,2025-03-15 04:04:00,Y,called client re specimen integrity - awaiting callback,26,16.01,0
ORD-25765,01/10/2025 11:34,02105,02043,Routine,South Shore Hospital,D006,2025-01-10 11:50:00,,2025-01-10 13:22:00,2025-01-10 15:40:00,Y,specimen temp excursion possible - driver reports cooler malfunction,449,32.74,0
ORD-25766,01/30/2025 11:02,02032,02122,Same-Day,Boston Med Ctr,D021,2025-01-30 11:29:00,2025-01-30 12:19:00,,2025-01-30 14:39:00,Y,"driver stuck in traffic on 93, running ~20 min late",31,5.84,0
ORD-25767,2025-03-18 03:14:00,01801,02151,ROUTINE,Providence Health,D033,2025-03-18 03:27:00,2025-03-18 03:50:00,,2025-03-18 08:54:00,Y,lab closed early today per client,22,21.61,0
ORD-25768,2025-01-22 16:48:00,02060,02129,RUSH,MGH,D019,2025-01-22 17:19:00,2025-01-22 17:57:00,2025-01-22 18:15:00,2025-01-22 18:20:00,Y,traffic accident on route 1 delay,16,17.48,0
ORD-25769,01/15/2025 15:55,02156,02200,Routine,Quest Diagnostics,D014,2025-01-15 16:35:00,2025-01-15 17:04:00,,2025-01-15 21:35:00,Y,,21,5.3,0
ORD-25770,2025/01/03 08:11,02025,02191,Same-Day,Labcorp Inc,D030,2025-01-03 08:39:00,2025-01-03 09:37:00,2025-01-03 11:09:00,2025-01-03 11:22:00,Y,,20,8.09,0
ORD-25771,01/02/2025 17:39,01803,02140,SAME-DAY,Quest Diagnostics,D037,2025-01-02 17:52:00,2025-01-02 18:05:00,2025-01-02 18:32:00,2025-01-02 20:33:00,Y,called client re specimen integrity - awaiting callback,9,26.4,0
ORD-25772,02/09/2025 15:57,01867,02138,rush,Brigham and Womens,D041,2025-02-09 16:01:00,,2025-02-09 17:37:00,2025-02-09 17:12:00,Y,,42,13.65,0
ORD-25773,01/04/2025 14:30,02144,02122,stat,Labcorp Inc,D002,2025-01-04 14:35:00,2025-01-04 15:12:00,2025-01-04 16:30:00,2025-01-04 15:00:00,Y,specimen temp excursion possible - driver reports cooler malfunction,9,33.86,0
ORD-25774,2025/02/07 14:12,01821,02048,RUSH,Brigham and Womens,D029,2025-02-07 14:15:00,2025-02-07 14:27:00,2025-02-07 16:05:00,2025-02-07 15:39:00,Y,"elevator down at 15 Elm St, driver using stairs",36,28.47,0
ORD-25775,2025-01-08 08:05:00,02110,02188,ROUTINE,LabCorp,D024,2025-01-08 08:43:00,2025-01-08 09:02:00,2025-01-08 10:26:00,2025-01-08 12:49:00,N,redelivery needed: building locked,28,16.14,0
ORD-25776,03-29-25 03:31 PM,02104,02153,Same-Day,NE Labs,D009,2025-03-29 15:55:00,2025-03-29 16:46:00,2025-03-29 17:46:00,2025-03-29 19:21:00,Y,,7,35.26,0
ORD-25777,2025-03-23 07:21:00,02185,02066,STAT,Providence Health,D014,2025-03-23 07:49:00,2025-03-23 08:25:00,2025-03-23 08:50:00,2025-03-23 08:08:00,N,recipient not available at delivery location,401,26.77,1
ORD-25778,01/31/2025 14:50,01860,02148,Routine,LabCorp,D026,2025-01-31 15:26:00,2025-01-31 16:01:00,2025-01-31 17:40:00,2025-01-31 19:34:00,Y,recipient not available at delivery location,19,19.7,0
ORD-25779,03-31-25 06:12 PM,02193,02192,routine,Tufts Medical,D005,2025-03-31 18:34:00,2025-03-31 19:32:00,2025-03-31 20:17:00,2025-03-31 23:30:00,Y,,135,14.41,0
ORD-25780,01-28-25 07:49 AM,01843,02136,rush,Boston Medical Center,D023,2025-01-28 08:34:00,2025-01-28 08:44:00,2025-01-28 09:50:00,2025-01-28 09:13:00,Y,lab closed early today per client,32,35.31,0
ORD-25781,03-24-25 01:02 PM,01826,02191,RUSH,Northeast Labs,D031,2025-03-24 13:29:00,2025-03-24 14:13:00,2025-03-24 16:04:00,2025-03-24 14:39:00,Y,called client re specimen integrity - awaiting callback,36,17.23,0
ORD-25782,2025-03-05 15:05:00,02124,02113,STAT,Cape Cod Hospital,D041,2025-03-05 15:14:00,2025-03-05 15:48:00,2025-03-05 17:01:00,2025-03-05 15:50:00,N,lab closed early today per client,40,33.13,1
ORD-25783,02/23/2025 06:43,02189,02050,Routine,Tufts Med Center,D033,2025-02-23 06:57:00,2025-02-23 07:24:00,2025-02-23 08:38:00,2025-02-23 12:00:00,Y,specimen temp excursion possible - driver reports cooler malfunction,21,27.89,0
ORD-25784,03/05/2025 07:28,01879,02106,RUSH,Quest Diag,D010,2025-03-05 07:35:00,2025-03-05 08:15:00,,2025-03-05 09:17:00,Y,"wrong zip code on order, corrected",16,5.97,0
ORD-25785,01-25-25 08:55 AM,02187,02191,stat,Childrens Hospital,D008,2025-01-25 09:04:00,2025-01-25 09:22:00,2025-01-25 09:58:00,2025-01-25 09:44:00,Y,driver reports ice on roads in reading area,36,27.91,0
ORD-25786,01-04-25 02:57 PM,02136,02197,STAT,Tufts Medical,UNASSIGNED,2025-01-04 15:27:00,2025-01-04 16:21:00,,2025-01-04 15:35:00,Y,"driver called in sick mid-route, reassigning trips",27,21.49,0
ORD-25787,02/02/2025 18:56,01821,02124,STAT,Brigham & Women's,D029,2025-02-02 19:41:00,2025-02-02 20:14:00,2025-02-02 21:38:00,2025-02-02 19:51:00,Y,delayed at security checkpoint - id verification required,31,5.83,0
ORD-25788,01-27-25 07:08 AM,02102,02102,RUSH,Tufts Med Center,D008,2025-01-27 07:44:00,2025-01-27 08:11:00,,2025-01-27 09:04:00,Y,"pickup not ready, driver waiting 15+ min",20,31.34,0
ORD-25789,2025-01-26 13:30:00,01852,02126,Rush,Emerson Hospital,D005,2025-01-26 13:42:00,2025-01-26 14:00:00,2025-01-26 15:40:00,2025-01-26 15:18:00,N,specimen container damaged on pickup,9,12.78,0
ORD-25790,2025/03/23 09:14,02104,02108,Routine,Northeast Laboratory,D026,2025-03-23 09:18:00,2025-03-23 10:10:00,2025-03-23 10:49:00,2025-03-23 14:09:00,Y,,19,8.77,0
ORD-25791,2025/03/21 20:32,02138,02067,ROUTINE,Mass General Hospital,D019,2025-03-21 21:06:00,2025-03-21 21:20:00,,2025-03-21 23:48:00,Y,"elevator down at 15 Elm St, driver using stairs",14,5.84,0
ORD-25792,02-06-25 10:29 AM,02196,02150,RUSH,BioReference Labs,D020,2025-02-06 11:02:00,2025-02-06 11:43:00,2025-02-06 13:03:00,2025-02-06 12:13:00,Y,"driver ran out of dry ice, needs resupply",43,30.82,0
ORD-25793,01-19-25 11:05 AM,02061,02196,ROUTINE,Emerson Hospital,D041,2025-01-19 11:25:00,2025-01-19 11:53:00,2025-01-19 12:42:00,2025-01-19 15:27:00,Y,delayed at security checkpoint - id verification required,17,14.76,0
ORD-25794,02/13/2025 11:26,02131,02177,ROUTINE,Brigham and Womens,D009,2025-02-13 11:47:00,2025-02-13 12:40:00,2025-02-13 13:19:00,2025-02-13 16:47:00,Y,,34,10.31,0
ORD-25795,2025-02-08 13:13:00,02136,02150,stat,Emerson Hospital,D024,2025-02-08 13:31:00,2025-02-08 14:11:00,2025-02-08 15:16:00,2025-02-08 13:57:00,Y,package refused by receiving staff - no signature authority,21,12.96,0
ORD-25796,,02019,02136,SAME-DAY,Childrens Hospital,D036,2025-02-19 17:05:00,2025-02-19 17:32:00,2025-02-19 19:32:00,2025-02-19 18:59:00,N,GPS routing error sent driver to wrong building,45,24.44,0
ORD-25797,02/20/2025 09:08,02067,02071,routine,Northeast Laboratory,D005,2025-02-20 09:28:00,2025-02-20 10:13:00,2025-02-20 10:41:00,2025-02-20 12:32:00,Y,"driver called in sick mid-route, reassigning trips",32,34.36,0
ORD-25798,03/15/2025 04:07,02134,02060,RUSH,Children's Hospital,D015,2025-03-15 04:49:00,2025-03-15 05:35:00,2025-03-15 07:07:00,2025-03-15 05:29:00,Y,package refused by receiving staff - no signature authority,6,15.11,0
ORD-25799,2025-01-30 07:52:00,02124,02030,STAT,Brigham & Women's,D040,2025-01-30 08:12:00,2025-01-30 08:53:00,2025-01-30 10:51:00,2025-01-30 08:35:00,N,driver reports ice on roads in reading area,44,10.31,0
ORD-25800,01/15/2025 00:42,02129,02025,routine,Childrens Hospital,D007,2025-01-15 00:50:00,2025-01-15 01:45:00,2025-01-15 02:52:00,2025-01-15 05:20:00,Y,dispatcher note: double-check temp on this one before logging,259,11.37,0
ORD-25801,2025/03/29 11:50,02061,02148,STAT,Tufts Med Center,D029,2025-03-29 12:31:00,2025-03-29 13:04:00,,2025-03-29 12:46:00,Y,redelivery needed: building locked,15,11.44,0
ORD-25802,02/11/2025 09:17,02052,02133,RUSH,Tufts Medical,D037,2025-02-11 09:35:00,,2025-02-11 12:06:00,2025-02-11 10:18:00,Y,called client re specimen integrity - awaiting callback,28,20.95,0
ORD-25803,2025-02-28 18:05:00,02062,02133,RUSH,MGH,D011,2025-02-28 18:22:00,2025-02-28 19:13:00,2025-02-28 20:42:00,2025-02-28 19:17:00,Y,redelivery needed: building locked,28,12.16,0
ORD-25804,2025-01-22 06:44:00,02043,02111,ROUTINE,MGH,D019,2025-01-22 06:56:00,2025-01-22 07:23:00,2025-01-22 08:33:00,2025-01-22 11:28:00,Y,specimen container damaged on pickup,9,7.59,0
ORD-25805,01-08-25 12:50 PM,02189,02062,STAT,BioReference Labs,D028,2025-01-08 13:03:00,2025-01-08 13:14:00,2025-01-08 13:59:00,2025-01-08 13:42:00,N,dispatcher note: double-check temp on this one before logging,11,30.74,0
ORD-25806,03-02-25 12:23 PM,01876,02196,SAME-DAY,Mass General Hospital,D021,2025-03-02 12:36:00,2025-03-02 13:03:00,,2025-03-02 15:27:00,Y,redelivery needed: building locked,13,20.21,0
ORD-25807,2025/01/18 08:38,02128,02140,rush,Childrens Hospital,D008,2025-01-18 08:56:00,2025-01-18 09:46:00,,2025-01-18 10:02:00,N,lab closed early today per client,34,20.91,0
ORD-25808,2025/03/13 12:25,02111,02043,Same-Day,LabCorp,D037,2025-03-13 12:53:00,2025-03-13 13:19:00,2025-03-13 15:10:00,2025-03-13 15:29:00,Y,package refused by receiving staff - no signature authority,7,24.59,0
ORD-25809,2025-02-18 16:07:00,02104,02156,RUSH,LabCorp,UNASSIGNED,2025-02-18 16:41:00,,2025-02-18 18:19:00,2025-02-18 17:47:00,Y,driver reports ice on roads in reading area,42,29.6,0
ORD-25810,03/26/2025 16:25,01810,02133,SAME-DAY,MGH,D030,2025-03-26 16:57:00,2025-03-26 17:20:00,2025-03-26 18:22:00,2025-03-26 18:31:00,Y,package refused by receiving staff - no signature authority,45,14.4,0
ORD-25811,2025-01-08 09:58:00,02139,02180,STAT,Quest Diagnostics,D033,2025-01-08 10:36:00,2025-01-08 10:48:00,2025-01-08 12:04:00,2025-01-08 10:43:00,N,"pickup not ready, driver waiting 15+ min",17,21.48,1
ORD-25812,2025-01-14 07:45:00,01841,02104,ROUTINE,Emerson Hospital,D002,2025-01-14 08:16:00,2025-01-14 08:47:00,2025-01-14 09:53:00,2025-01-14 13:24:00,Y,called client re specimen integrity - awaiting callback,8,24.12,0
ORD-25813,02-27-25 03:27 PM,01826,02048,Routine,Cape Cod Hospital,D033,2025-02-27 15:34:00,2025-02-27 16:08:00,2025-02-27 16:42:00,2025-02-27 21:09:00,Y,package refused by receiving staff - no signature authority,17,17.36,0
ORD-25814,02/21/2025 08:02,01864,02128,Rush,Brigham and Womens,D010,2025-02-21 08:32:00,2025-02-21 09:18:00,2025-02-21 10:43:00,2025-02-21 09:02:00,Y,"driver vehicle breakdown, transfer to DD003 in progress",21,30.86,0
ORD-25815,2025/01/30 11:10,02116,02116,STAT,Childrens Hospital,D022,2025-01-30 11:52:00,2025-01-30 12:25:00,2025-01-30 14:13:00,2025-01-30 11:48:00,Y,"driver ran out of dry ice, needs resupply",26,15.44,0
ORD-25816,01-21-25 02:53 PM,02120,02052,RUSH,St. Elizabeth's Medical,D016,2025-01-21 15:10:00,2025-01-21 15:21:00,2025-01-21 17:20:00,2025-01-21 16:53:00,Y,"client changed pickup time, driver redirected",30,24.32,0
ORD-25817,2025-02-03 06:09:00,02187,02132,SAME-DAY,Mass General Hospital,D010,2025-02-03 06:18:00,2025-02-03 07:02:00,2025-02-03 08:46:00,2025-02-03 09:00:00,Y,"pickup not ready, driver waiting 15+ min",24,9.94,0
ORD-25818,03/04/2025 20:42,02056,02108,Rush,Children's Hospital,D031,2025-03-04 20:46:00,,2025-03-04 22:16:00,2025-03-04 22:38:00,Y,,30,18.08,0
ORD-25819,2025/02/01 08:39,02061,02124,ROUTINE,Providence Health,D006,2025-02-01 08:48:00,2025-02-01 09:03:00,,2025-02-01 13:57:00,Y,,10,31.09,0
ORD-25820,,01886,02105,STAT,LabCorp,D023,2025-04-01 13:48:00,,2025-04-01 15:31:00,2025-04-01 13:43:00,N,delayed at security checkpoint - id verification required,10,25.08,0
ORD-25821,2025-01-26 16:57:00,02115,02115,RUSH,Quest Diagnostics,D034,2025-01-26 17:04:00,2025-01-26 17:32:00,2025-01-26 19:05:00,2025-01-26 18:51:00,Y,"wrong zip code on order, corrected",37,24.82,0
ORD-25822,2025/03/31 08:25,02141,02124,ROUTINE,Childrens Hospital,D033,2025-03-31 08:47:00,2025-03-31 09:38:00,2025-03-31 10:30:00,2025-03-31 12:25:00,Y,,24,11.55,0
ORD-25823,03/02/2025 07:09,01841,02021,SAME-DAY,Boston Med Ctr,D029,2025-03-02 07:20:00,,2025-03-02 08:50:00,2025-03-02 10:37:00,Y,specimen labeled incorrectly by client,35,8.61,0
ORD-25824,2025-03-25 14:42:00,02130,02143,SAME-DAY,Brigham and Womens,D003,2025-03-25 15:08:00,2025-03-25 15:43:00,,2025-03-25 16:46:00,Y,,21,31.72,0
ORD-25825,03-02-25 01:25 PM,02189,02148,rush,Quest Diag,D028,2025-03-02 14:10:00,2025-03-02 15:08:00,2025-03-02 16:03:00,2025-03-02 14:25:00,Y,"driver vehicle breakdown, transfer to DD017 in progress",31,33.83,0
ORD-25826,02/13/2025 07:56,02119,02026,ROUTINE,MGH,D012,2025-02-13 08:25:00,,2025-02-13 09:43:00,2025-02-13 12:23:00,Y,called client re specimen integrity - awaiting callback,367,30.35,0
ORD-25827,03/07/2025 07:09,02140,02062,Routine,MGH,D034,2025-03-07 07:49:00,2025-03-07 08:38:00,2025-03-07 10:11:00,2025-03-07 10:19:00,Y,pickup completed but paperwork missing from package,42,22.55,0
ORD-25828,,02130,02035,Same-Day,NE Labs,D027,2025-03-01 04:53:00,2025-03-01 05:39:00,2025-03-01 07:11:00,2025-03-01 07:36:00,Y,driver cannot locate parking at hospital,24,33.05,0
ORD-25829,01/31/2025 14:37,02045,02101,ROUTINE,Northeast Laboratory,D029,2025-01-31 14:55:00,2025-01-31 15:05:00,2025-01-31 16:10:00,2025-01-31 18:47:00,Y,,39,5.05,0
ORD-25830,2025-03-24 15:49:00,01840,02191,same-day,Brigham and Womens,D036,2025-03-24 16:10:00,2025-03-24 16:27:00,2025-03-24 18:21:00,2025-03-24 18:38:00,Y,"pickup not ready, driver waiting 15+ min",16,11.21,0
ORD-25831,2025-03-30 10:21:00,02200,02189,STAT,Boston Med Ctr,D017,2025-03-30 10:34:00,2025-03-30 11:02:00,2025-03-30 12:41:00,2025-03-30 11:19:00,Y,pickup completed but paperwork missing from package,15,30.13,0
ORD-25832,02-07-25 09:34 AM,02136,02109,STAT,Boston Med Ctr,D001,2025-02-07 09:52:00,2025-02-07 10:51:00,2025-02-07 11:14:00,2025-02-07 10:12:00,Y,recipient not available at delivery location,33,21.27,0
ORD-25833,2025-03-11 11:07:00,02133,02140,Routine,LabCorp,D023,2025-03-11 11:21:00,2025-03-11 11:43:00,2025-03-11 12:47:00,2025-03-11 14:11:00,Y,"client called to confirm - specimen critical, needs STAT upgrade",10,9.94,0
ORD-25834,02-14-25 07:52 AM,02019,02189,same-day,Emerson Hospital,D022,2025-02-14 08:19:00,2025-02-14 09:17:00,2025-02-14 11:13:00,2025-02-14 11:31:00,Y,traffic accident on route 1 delay,15,25.86,0
ORD-25835,2025/03/18 15:04,02153,02133,routine,Tufts Medical,D030,2025-03-18 15:31:00,2025-03-18 16:22:00,2025-03-18 17:18:00,2025-03-18 18:13:00,Y,"driver stuck in traffic on 93, running ~20 min late",41,37.59,0
ORD-25836,02-18-25 01:26 PM,01801,02145,SAME-DAY,NE Labs,D007,2025-02-18 14:07:00,2025-02-18 14:52:00,2025-02-18 16:13:00,2025-02-18 16:26:00,Y,"driver ran out of dry ice, needs resupply",26,31.66,0
ORD-25837,2025-03-24 09:19:00,02106,02142,STAT,Boston Medical Center,D020,2025-03-24 10:04:00,2025-03-24 10:58:00,2025-03-24 11:30:00,2025-03-24 09:53:00,Y,,31,37.17,0
ORD-25838,02-17-25 05:19 AM,02104,02103,STAT,Quest Diagnostics,D006,2025-02-17 05:30:00,2025-02-17 06:18:00,2025-02-17 07:40:00,2025-02-17 05:52:00,N,driver cannot locate parking at hospital,26,8.64,0
ORD-25839,03/17/2025 16:14,02054,02071,ROUTINE,BioReference Labs,D006,2025-03-17 16:52:00,2025-03-17 17:46:00,2025-03-17 19:14:00,2025-03-17 22:02:00,Y,,30,5.86,0
ORD-25840,02/24/2025 06:21,01840,02120,STAT,Providence Health,UNASSIGNED,2025-02-24 06:54:00,2025-02-24 07:34:00,2025-02-24 07:54:00,2025-02-24 06:54:00,Y,delayed at security checkpoint - id verification required,40,12.79,0
ORD-25841,2025/02/13 07:41,02145,02115,ROUTINE,Northeast Labs,D009,2025-02-13 07:54:00,2025-02-13 08:47:00,2025-02-13 10:36:00,2025-02-13 10:42:00,Y,,22,28.95,0
ORD-25842,01/26/2025 11:15,02026,02030,ROUTINE,Brigham and Womens,D019,2025-01-26 11:40:00,2025-01-26 12:15:00,2025-01-26 12:47:00,2025-01-26 16:43:00,Y,specimen labeled incorrectly by client,44,8.68,0
ORD-25843,2025-02-24 08:38:00,01860,02170,ROUTINE,Cape Cod Hospital,D009,2025-02-24 09:17:00,2025-02-24 10:08:00,2025-02-24 10:46:00,2025-02-24 12:41:00,N,specimen temp excursion possible - driver reports cooler malfunction,19,29.45,0
ORD-25844,03/30/2025 10:13,01860,02001,STAT,Brigham and Womens,D001,2025-03-30 10:42:00,2025-03-30 11:13:00,2025-03-30 11:41:00,2025-03-30 11:06:00,Y,recipient not available at delivery location,28,18.27,0
ORD-25845,2025-03-27 11:17:00,02021,02038,STAT,Labcorp Inc,D016,2025-03-27 11:51:00,2025-03-27 12:18:00,2025-03-27 13:35:00,2025-03-27 12:00:00,Y,specimen temp excursion possible - driver reports cooler malfunction,8,22.06,0
ORD-25846,01/28/2025 10:56,02050,02140,stat,Northeast Labs,D034,2025-01-28 11:03:00,2025-01-28 11:42:00,2025-01-28 13:12:00,2025-01-28 11:40:00,N,,22,36.78,0
ORD-25847,03/04/2025 08:57,02169,02134,ROUTINE,Labcorp Inc,D036,2025-03-04 09:32:00,,2025-03-04 11:28:00,2025-03-04 14:10:00,Y,recipient not available at delivery location,22,21.8,0
ORD-25848,02/10/2025 15:01,02192,02115,Stat,Quest Diagnostics,D016,2025-02-10 15:46:00,2025-02-10 16:35:00,2025-02-10 18:01:00,2025-02-10 16:00:00,N,"client changed pickup time, driver redirected",130,15.47,0
ORD-25849,,02019,02127,STAT,Quest Diagnostics,D028,2025-03-13 10:40:00,2025-03-13 11:07:00,2025-03-13 12:51:00,2025-03-13 11:12:00,Y,"client called to confirm - specimen critical, needs STAT upgrade",41,7.72,0
ORD-25850,03/03/2025 13:56,01832,02150,RUSH,Mass General Hospital,D032,2025-03-03 14:13:00,,,2025-03-03 15:32:00,Y,specimen labeled incorrectly by client,31,11.37,0
ORD-25851,02/23/2025 12:47,02143,02198,rush,Boston Med Ctr,D014,2025-02-23 13:03:00,,,2025-02-23 14:24:00,Y,driver cannot locate parking at hospital,42,34.42,0
ORD-25852,2025-01-13 09:15:00,01851,02136,Routine,BioReference Labs,D016,2025-01-13 09:20:00,2025-01-13 10:14:00,2025-01-13 11:29:00,2025-01-13 15:13:00,Y,,36,11.75,0
ORD-25853,02/23/2025 18:06,02129,02133,SAME-DAY,MGH,UNASSIGNED,2025-02-23 18:31:00,2025-02-23 19:29:00,2025-02-23 20:29:00,2025-02-23 20:09:00,Y,"wrong zip code on order, corrected",260,10.95,0
ORD-25854,01-22-25 08:02 AM,02021,02130,stat,Quest Diagnostics,D029,2025-01-22 08:19:00,,2025-01-22 10:11:00,2025-01-22 08:55:00,N,"wrong zip code on order, corrected",24,18.97,0
ORD-25855,01/22/2025 11:00,01826,02196,STAT,Children's Hospital,D011,2025-01-22 11:16:00,2025-01-22 11:35:00,2025-01-22 11:59:00,2025-01-22 11:52:00,Y,driver cannot locate parking at hospital,38,34.11,0
ORD-25856,2025-03-10 20:59:00,02196,02019,same-day,Childrens Hospital,D039,2025-03-10 21:36:00,2025-03-10 22:22:00,2025-03-11 00:01:00,2025-03-10 23:21:00,Y,,33,13.22,0
ORD-25857,01-29-25 07:51 PM,01810,02129,Rush,Labcorp Inc,D030,2025-01-29 19:59:00,2025-01-29 20:16:00,2025-01-29 21:45:00,2025-01-29 20:54:00,Y,"elevator down at 15 Elm St, driver using stairs",39,8.29,0
ORD-25858,2025-03-04 10:41:00,02152,02120,STAT,Brigham & Women's,D015,2025-03-04 10:52:00,2025-03-04 11:05:00,2025-03-04 11:50:00,2025-03-04 11:39:00,N,"driver ran out of dry ice, needs resupply",40,22.09,1
ORD-25859,2025/02/04 09:08,01832,02177,ROUTINE,Brigham and Womens,D015,2025-02-04 09:51:00,2025-02-04 10:34:00,2025-02-04 11:00:00,2025-02-04 13:56:00,Y,"driver ran out of dry ice, needs resupply",10,15.28,0
ORD-25860,01/23/2025 14:54,01826,02071,STAT,Northeast Labs,D002,2025-01-23 14:58:00,2025-01-23 15:28:00,2025-01-23 15:53:00,2025-01-23 15:44:00,Y,"wrong address on manifest, corrected enroute",17,31.48,0
ORD-25861,2025-02-27 15:34:00,01841,02035,Routine,St. Elizabeth's Medical,UNASSIGNED,2025-02-27 15:46:00,2025-02-27 16:16:00,2025-02-27 17:16:00,2025-02-27 20:43:00,Y,dispatcher note: double-check temp on this one before logging,23,7.35,0
ORD-25862,2025-01-20 13:36:00,02050,02190,ROUTINE,NE Labs,D019,2025-01-20 14:11:00,,2025-01-20 16:45:00,2025-01-20 16:46:00,Y,driver reports ice on roads in reading area,6,6.14,0
ORD-25863,2025-03-27 08:15:00,02136,02150,STAT,Cape Cod Hospital,D034,2025-03-27 08:27:00,2025-03-27 09:01:00,2025-03-27 10:07:00,2025-03-27 08:49:00,Y,specimen container damaged on pickup,19,16.88,0
ORD-25864,01/08/2025 09:52,02128,02156,Routine,BioReference Labs,D041,2025-01-08 10:25:00,2025-01-08 11:01:00,2025-01-08 11:22:00,2025-01-08 15:29:00,Y,"client called to confirm - specimen critical, needs STAT upgrade",27,5.07,0
ORD-25865,2025/03/22 15:54,02001,02119,STAT,MGH,D008,2025-03-22 16:22:00,2025-03-22 17:05:00,2025-03-22 17:52:00,2025-03-22 16:40:00,Y,driver cannot locate parking at hospital,45,36.73,0
ORD-25866,2025-03-25 07:30:00,02198,02135,ROUTINE,Labcorp Inc,D013,2025-03-25 08:06:00,2025-03-25 08:20:00,2025-03-25 09:57:00,2025-03-25 13:22:00,N,"elevator down at 15 Elm St, driver using stairs",30,14.39,1
ORD-25867,03-16-25 01:42 PM,02104,02143,STAT,Mass General Hospital,D009,2025-03-16 14:08:00,2025-03-16 15:04:00,2025-03-16 16:51:00,2025-03-16 14:15:00,Y,dispatcher note: double-check temp on this one before logging,21,33.76,0
ORD-25868,2025-02-20 09:40:00,02066,02067,RUSH,Quest Diagnostics,D003,2025-02-20 09:54:00,2025-02-20 10:54:00,2025-02-20 12:00:00,2025-02-20 11:01:00,Y,"driver vehicle breakdown, transfer to DD019 in progress",17,35.03,0
ORD-25869,2025-01-04 14:30:00,02104,02140,SAME-DAY,Tufts Med Center,D034,2025-01-04 15:05:00,2025-01-04 16:04:00,2025-01-04 16:21:00,2025-01-04 17:00:00,Y,specimen container damaged on pickup,38,37.41,0
ORD-25870,2025-02-13 14:08:00,02185,02054,STAT,South Shore Hospital,D019,2025-02-13 14:51:00,2025-02-13 15:19:00,2025-02-13 15:41:00,2025-02-13 14:44:00,Y,,27,22.13,0
ORD-25871,03/18/2025 09:45,02151,02132,routine,Boston Medical Center,D039,2025-03-18 10:17:00,2025-03-18 10:56:00,2025-03-18 12:18:00,2025-03-18 15:04:00,N,traffic accident on route 1 delay,20,25.63,1
ORD-25872,01/29/2025 07:41,02030,02106,SAME-DAY,Northeast Laboratory,D006,2025-01-29 08:23:00,2025-01-29 09:05:00,2025-01-29 10:57:00,2025-01-29 10:30:00,N,specimen container damaged on pickup,31,28.63,0
ORD-25873,01/03/2025 01:11,01821,02104,ROUTINE,Quest Diag,D008,2025-01-03 01:49:00,2025-01-03 02:37:00,,2025-01-03 07:07:00,Y,"client changed pickup time, driver redirected",45,13.34,0
ORD-25874,02/07/2025 16:38,02150,02176,SAME-DAY,St. Elizabeth's Medical,D026,2025-02-07 17:04:00,2025-02-07 18:04:00,2025-02-07 19:37:00,2025-02-07 18:47:00,Y,"wrong address on manifest, corrected enroute",12,25.92,0
ORD-25875,03/16/2025 08:34,02032,02169,ROUTINE,Quest Diag,D038,2025-03-16 08:45:00,2025-03-16 09:21:00,2025-03-16 11:12:00,2025-03-16 12:14:00,Y,"client called to confirm - specimen critical, needs STAT upgrade",43,6.96,0
ORD-25876,2025-02-28 08:21:00,01851,02136,SAME-DAY,South Shore Hospital,D019,2025-02-28 08:32:00,2025-02-28 09:16:00,2025-02-28 10:37:00,2025-02-28 12:07:00,Y,"driver stuck in traffic on 93, running ~20 min late",26,35.84,0
ORD-25877,02-25-25 10:50 AM,02120,02053,STAT,Cape Cod Hospital,D002,2025-02-25 10:55:00,2025-02-25 11:08:00,2025-02-25 11:47:00,2025-02-25 11:32:00,Y,"client called to confirm - specimen critical, needs STAT upgrade",10,30.05,0
ORD-25878,02/20/2025 07:29,02199,02066,stat,Brigham & Women's,D017,2025-02-20 07:53:00,2025-02-20 08:06:00,2025-02-20 09:06:00,2025-02-20 08:04:00,Y,recipient not available at delivery location,36,20.76,0
ORD-25879,2025-03-14 13:09:00,02121,02138,RUSH,Northeast Laboratory,D020,2025-03-14 13:47:00,2025-03-14 14:47:00,2025-03-14 15:02:00,2025-03-14 14:21:00,Y,specimen labeled incorrectly by client,35,35.08,0
ORD-25880,03/10/2025 07:02,02138,02155,ROUTINE,Boston Medical Center,D024,2025-03-10 07:33:00,,2025-03-10 10:10:00,2025-03-10 12:11:00,Y,delayed at security checkpoint - id verification required,42,31.41,0
ORD-25881,,02109,02136,ROUTINE,Brigham & Women's,D039,2025-02-07 13:38:00,2025-02-07 14:28:00,2025-02-07 16:02:00,2025-02-07 17:35:00,Y,"driver called in sick mid-route, reassigning trips",23,26.0,0
ORD-25882,03-19-25 03:43 PM,02188,02186,STAT,Tufts Med Center,D035,2025-03-19 16:09:00,2025-03-19 16:43:00,2025-03-19 18:12:00,2025-03-19 16:17:00,Y,recipient not available at delivery location,376,34.23,0
ORD-25883,03/15/2025 13:54,01886,02128,STAT,Mass General Hospital,D010,2025-03-15 14:24:00,2025-03-15 15:10:00,2025-03-15 16:16:00,2025-03-15 14:37:00,Y,"driver stuck in traffic on 93, running ~20 min late",40,17.83,0
ORD-25884,2025/01/17 11:26,01821,02043,rush,Cape Cod Hospital,D036,2025-01-17 11:43:00,2025-01-17 12:31:00,2025-01-17 13:52:00,2025-01-17 13:04:00,Y,"wrong zip code on order, corrected",20,21.93,0
ORD-25885,,02180,02141,routine,LabCorp,D008,2025-03-27 19:00:00,2025-03-27 19:46:00,2025-03-27 21:29:00,2025-03-28 00:08:00,Y,,14,30.06,0
ORD-25886,03-12-25 02:27 PM,01851,02198,Rush,Labcorp Inc,D041,2025-03-12 14:34:00,2025-03-12 14:44:00,2025-03-12 15:26:00,2025-03-12 15:33:00,Y,"driver called in sick mid-route, reassigning trips",14,31.54,0
ORD-25887,02-11-25 12:59 PM,02043,02128,Routine,Labcorp Inc,D016,2025-02-11 13:39:00,2025-02-11 14:38:00,2025-02-11 16:34:00,2025-02-11 18:39:00,Y,,6,10.0,0
ORD-25888,2025/01/30 00:42,02107,02025,Rush,Labcorp Inc,D004,2025-01-30 00:52:00,2025-01-30 01:26:00,,2025-01-30 02:24:00,Y,"client called to confirm - specimen critical, needs STAT upgrade",26,32.08,0
ORD-25889,2025-01-05 04:04:00,01841,02030,ROUTINE,NE Labs,D039,2025-01-05 04:11:00,,2025-01-05 06:30:00,2025-01-05 07:49:00,Y,specimen container damaged on pickup,17,36.31,0
ORD-25890,03/25/2025 10:09,02071,02132,ROUTINE,MGH,UNASSIGNED,2025-03-25 10:43:00,2025-03-25 11:21:00,2025-03-25 12:32:00,2025-03-25 13:23:00,Y,driver reports ice on roads in reading area,13,30.06,0
ORD-25891,02/23/2025 14:38,01810,02199,routine,Cape Cod Hospital,D041,2025-02-23 15:11:00,2025-02-23 15:24:00,2025-02-23 16:28:00,2025-02-23 20:12:00,N,dispatcher note: double-check temp on this one before logging,388,27.1,0
ORD-25892,01/26/2025 07:29,02198,02119,Same-Day,Quest Diag,D011,2025-01-26 07:44:00,,2025-01-26 09:18:00,2025-01-26 09:39:00,Y,traffic accident on route 1 delay,15,7.13,0
ORD-25893,01/22/2025 00:07,02106,02134,routine,Lowell General,D030,2025-01-22 00:41:00,2025-01-22 01:27:00,2025-01-22 02:51:00,2025-01-22 03:55:00,Y,"wrong address on manifest, corrected enroute",39,13.36,0
ORD-25894,2025/01/08 14:10,02059,02107,STAT,Labcorp Inc,D003,2025-01-08 14:19:00,2025-01-08 14:46:00,,2025-01-08 14:54:00,N,driver cannot locate parking at hospital,11,22.4,0
ORD-25895,03-02-25 03:31 PM,01880,02127,STAT,Brigham & Women's,D032,2025-03-02 16:11:00,,2025-03-02 17:55:00,2025-03-02 16:17:00,Y,GPS routing error sent driver to wrong building,15,15.89,0
ORD-25896,2025-03-05 15:43:00,02032,02071,Rush,Mass General Hospital,D035,2025-03-05 16:01:00,2025-03-05 16:43:00,2025-03-05 17:12:00,2025-03-05 17:03:00,Y,"pickup not ready, driver waiting 15+ min",19,19.56,0
ORD-25897,2025-01-04 11:44:00,02150,02038,Rush,Lowell General,D008,2025-01-04 12:16:00,,2025-01-04 14:26:00,2025-01-04 13:15:00,Y,redelivery needed: building locked,38,9.41,0
ORD-25898,2025-01-03 09:00:00,01867,02111,ROUTINE,Brigham & Women's,D041,2025-01-03 09:25:00,2025-01-03 10:18:00,2025-01-03 11:14:00,2025-01-03 14:53:00,Y,called client re specimen integrity - awaiting callback,5,22.56,0
ORD-25899,02/28/2025 19:43,02127,02122,Routine,Tufts Med Center,D012,2025-02-28 19:50:00,2025-02-28 20:08:00,2025-02-28 21:36:00,2025-03-01 00:39:00,Y,specimen temp excursion possible - driver reports cooler malfunction,40,30.38,0
ORD-25900,2025-02-05 08:39:00,02050,02197,SAME-DAY,Brigham & Women's,D003,2025-02-05 09:03:00,2025-02-05 09:15:00,2025-02-05 11:12:00,2025-02-05 11:08:00,Y,"driver ran out of dry ice, needs resupply",32,24.54,0
ORD-25901,2025-03-31 08:18:00,02053,02026,RUSH,Cape Cod Hospital,D036,2025-03-31 09:01:00,,2025-03-31 10:15:00,2025-03-31 09:58:00,Y,driver reports ice on roads in reading area,7,19.29,0
ORD-25902,2025/02/16 19:15,02103,02185,Rush,Brigham and Womens,D012,2025-02-16 19:19:00,2025-02-16 19:57:00,2025-02-16 21:30:00,2025-02-16 20:54:00,N,"wrong zip code on order, corrected",34,22.33,0
ORD-25903,2025/01/21 17:36,02118,02191,Routine,Boston Med Ctr,D009,2025-01-21 17:59:00,2025-01-21 18:45:00,2025-01-21 20:06:00,2025-01-21 20:45:00,Y,"driver ran out of dry ice, needs resupply",25,4.52,0
ORD-25904,03-25-25 07:40 AM,02071,02107,ROUTINE,Northeast Labs,D024,2025-03-25 08:07:00,2025-03-25 09:03:00,2025-03-25 10:06:00,2025-03-25 13:05:00,N,"driver called in sick mid-route, reassigning trips",12,34.64,1
ORD-25905,02/14/2025 17:17,02198,02195,Rush,Providence Health,D009,2025-02-14 17:42:00,2025-02-14 18:31:00,2025-02-14 20:31:00,2025-02-14 18:57:00,Y,"driver called in sick mid-route, reassigning trips",39,32.87,0
ORD-25906,2025/02/21 16:14,02019,02197,Same-Day,Providence Health,D022,2025-02-21 16:42:00,,2025-02-21 17:44:00,2025-02-21 18:55:00,Y,dispatcher note: double-check temp on this one before logging,26,35.73,0
ORD-25907,2025-01-24 18:21:00,02128,02125,Rush,Providence Health,D015,2025-01-24 18:45:00,2025-01-24 19:33:00,2025-01-24 20:55:00,2025-01-24 19:35:00,Y,specimen container damaged on pickup,11,17.61,0
ORD-25908,2025-02-17 02:41:00,02045,02163,Same-Day,BioReference Labs,D040,2025-02-17 03:04:00,2025-02-17 03:45:00,2025-02-17 05:36:00,2025-02-17 05:14:00,Y,traffic accident on route 1 delay,24,8.52,0
ORD-25909,2025-03-29 18:52:00,02197,02116,SAME-DAY,St. Elizabeth's Medical,D004,2025-03-29 19:07:00,2025-03-29 20:02:00,2025-03-29 21:23:00,2025-03-29 22:33:00,N,,28,14.8,0
ORD-25910,03/01/2025 06:52,01854,02131,Routine,LabCorp,D014,2025-03-01 07:21:00,2025-03-01 08:17:00,2025-03-01 09:32:00,2025-03-01 10:52:00,Y,driver reports ice on roads in reading area,25,36.65,0
ORD-25911,02-05-25 08:09 PM,02138,02115,RUSH,NE Labs,UNASSIGNED,2025-02-05 20:34:00,2025-02-05 21:13:00,2025-02-05 21:50:00,2025-02-05 21:16:00,Y,specimen container damaged on pickup,35,24.77,0
ORD-25912,01/18/2025 15:00,01863,02134,routine,Tufts Med Center,D023,2025-01-18 15:28:00,2025-01-18 15:46:00,2025-01-18 16:21:00,2025-01-18 19:49:00,Y,"pickup not ready, driver waiting 15+ min",42,31.04,0
ORD-25913,02/28/2025 12:17,01880,02120,ROUTINE,Quest Diag,D018,2025-02-28 12:54:00,2025-02-28 13:25:00,2025-02-28 15:00:00,2025-02-28 16:50:00,Y,"pickup not ready, driver waiting 15+ min",44,21.32,0
ORD-25914,02/09/2025 20:58,01850,02053,Rush,Quest Diag,UNASSIGNED,2025-02-09 21:01:00,2025-02-09 21:13:00,2025-02-09 21:33:00,2025-02-09 22:38:00,Y,"wrong zip code on order, corrected",19,12.42,0
ORD-25915,2025/03/25 17:56,01860,02148,SAME-DAY,NE Labs,D021,2025-03-25 18:20:00,2025-03-25 18:32:00,2025-03-25 19:48:00,2025-03-25 20:50:00,Y,"driver vehicle breakdown, transfer to DD007 in progress",23,33.01,0
ORD-25916,2025-03-10 13:24:00,02149,02190,STAT,South Shore Hospital,D015,2025-03-10 13:54:00,2025-03-10 14:44:00,2025-03-10 15:56:00,2025-03-10 14:03:00,Y,package refused by receiving staff - no signature authority,5,32.84,0
ORD-25917,01/23/2025 18:18,01843,02195,stat,Brigham & Women's,D007,2025-01-23 18:29:00,2025-01-23 18:43:00,2025-01-23 19:22:00,2025-01-23 19:16:00,Y,"driver stuck in traffic on 93, running ~20 min late",45,7.6,0
ORD-25918,02/19/2025 15:56,02038,02176,Stat,Brigham & Women's,D036,2025-02-19 16:28:00,2025-02-19 16:39:00,2025-02-19 17:38:00,2025-02-19 16:38:00,Y,"wrong address on manifest, corrected enroute",34,10.55,0
ORD-25919,02/15/2025 11:20,02067,02199,ROUTINE,Tufts Medical,D010,2025-02-15 11:59:00,2025-02-15 12:29:00,2025-02-15 12:48:00,2025-02-15 17:11:00,Y,redelivery needed: building locked,40,7.93,0
ORD-25920,01-08-25 12:11 PM,01862,02043,rush,NE Labs,D014,2025-01-08 12:26:00,2025-01-08 13:26:00,2025-01-08 14:37:00,2025-01-08 13:47:00,Y,"driver vehicle breakdown, transfer to DD002 in progress",25,9.7,0
ORD-25921,03-15-25 06:13 PM,02191,02125,Same-Day,Cape Cod Hospital,D021,2025-03-15 18:58:00,2025-03-15 19:12:00,2025-03-15 20:41:00,2025-03-15 21:23:00,N,,15,16.68,0
ORD-25922,03/16/2025 17:34,02126,02144,RUSH,Boston Medical Center,D030,2025-03-16 18:08:00,2025-03-16 18:28:00,2025-03-16 19:11:00,2025-03-16 19:34:00,N,"pickup not ready, driver waiting 15+ min",21,23.85,0
ORD-25923,03/06/2025 13:46,02193,02185,ROUTINE,Providence Health,D012,2025-03-06 14:25:00,,,2025-03-06 17:49:00,Y,"client called to confirm - specimen critical, needs STAT upgrade",34,35.01,0
ORD-25924,2025/01/16 08:45,02059,02120,ROUTINE,BioReference Labs,D034,2025-01-16 09:03:00,,2025-01-16 09:53:00,2025-01-16 12:10:00,N,called client re specimen integrity - awaiting callback,30,28.82,1
ORD-25925,01/26/2025 07:56,02156,02198,ROUTINE,Lowell General,D034,2025-01-26 08:31:00,2025-01-26 09:17:00,2025-01-26 10:36:00,2025-01-26 13:53:00,Y,"elevator down at 15 Elm St, driver using stairs",28,16.47,0
ORD-25926,2025/02/01 13:25,02176,02067,Routine,Northeast Laboratory,D018,2025-02-01 13:47:00,2025-02-01 14:21:00,2025-02-01 15:06:00,2025-02-01 18:51:00,Y,driver reports ice on roads in reading area,9,33.71,0
ORD-25927,2025/01/28 17:36,02190,02113,STAT,Boston Med Ctr,D011,2025-01-28 18:16:00,2025-01-28 18:48:00,2025-01-28 20:38:00,2025-01-28 18:12:00,Y,"wrong zip code on order, corrected",37,25.0,0
ORD-25928,2025-01-27 18:36:00,02113,02111,stat,Providence Health,D039,2025-01-27 18:46:00,,2025-01-27 19:54:00,2025-01-27 19:10:00,N,"driver vehicle breakdown, transfer to DD008 in progress",34,29.71,1
ORD-25929,01-16-25 01:47 PM,01860,02116,Rush,Boston Medical Center,D012,2025-01-16 13:52:00,2025-01-16 14:41:00,2025-01-16 15:11:00,2025-01-16 15:33:00,Y,pickup completed but paperwork missing from package,38,35.74,0
ORD-25930,01-27-25 07:47 PM,01826,02142,ROUTINE,Children's Hospital,D014,2025-01-27 20:24:00,2025-01-27 21:16:00,2025-01-27 21:32:00,2025-01-28 01:37:00,Y,dispatcher note: double-check temp on this one before logging,38,30.11,0
ORD-25931,02/07/2025 07:05,02171,02199,ROUTINE,Emerson Hospital,D022,2025-02-07 07:08:00,2025-02-07 08:00:00,2025-02-07 09:28:00,2025-02-07 12:37:00,Y,package refused by receiving staff - no signature authority,6,24.31,0
ORD-25932,04-01-25 05:22 PM,02186,02109,routine,Cape Cod Hospital,D014,2025-04-01 18:07:00,2025-04-01 18:55:00,2025-04-01 20:22:00,2025-04-01 22:51:00,Y,"driver stuck in traffic on 93, running ~20 min late",11,19.7,0
ORD-25933,2025/01/20 08:27,02125,02148,ROUTINE,Labcorp Inc,D009,2025-01-20 08:43:00,2025-01-20 09:09:00,2025-01-20 09:27:00,2025-01-20 12:06:00,N,"client changed pickup time, driver redirected",8,16.62,1
ORD-25934,01/31/2025 12:17,02131,02032,STAT,Cape Cod Hospital,D006,2025-01-31 12:47:00,,2025-01-31 14:43:00,2025-01-31 12:51:00,Y,specimen container damaged on pickup,11,13.25,0
ORD-25935,2025-01-22 16:43:00,01801,02132,ROUTINE,Quest Diagnostics,UNASSIGNED,2025-01-22 16:49:00,2025-01-22 17:00:00,2025-01-22 17:30:00,2025-01-22 21:26:00,Y,delayed at security checkpoint - id verification required,45,18.68,0
ORD-25936,2025-02-10 13:23:00,02142,02151,RUSH,Children's Hospital,D016,2025-02-10 13:42:00,2025-02-10 13:58:00,2025-02-10 15:14:00,2025-02-10 14:52:00,Y,recipient not available at delivery location,7,30.27,0
ORD-25937,,02195,02062,Routine,BioReference Labs,D029,2025-03-08 06:41:00,2025-03-08 07:39:00,2025-03-08 08:29:00,2025-03-08 11:01:00,Y,"driver ran out of dry ice, needs resupply",5,31.71,0
ORD-25938,03/28/2025 09:06,01821,02060,STAT,Quest Diag,D030,2025-03-28 09:14:00,,2025-03-28 10:36:00,2025-03-28 09:43:00,N,"elevator down at 15 Elm St, driver using stairs",19,36.95,0
ORD-25939,2025/02/07 09:33,02115,02143,stat,Labcorp Inc,D013,2025-02-07 09:37:00,2025-02-07 10:23:00,2025-02-07 10:40:00,2025-02-07 10:30:00,Y,called client re specimen integrity - awaiting callback,33,18.89,0
ORD-25940,02/03/2025 11:13,01801,02149,stat,Lowell General,D013,2025-02-03 11:54:00,2025-02-03 12:14:00,2025-02-03 13:20:00,2025-02-03 11:57:00,Y,,32,19.13,0
ORD-25941,01/21/2025 05:37,02035,02120,ROUTINE,Tufts Medical,UNASSIGNED,2025-01-21 05:43:00,2025-01-21 06:18:00,2025-01-21 07:07:00,2025-01-21 10:01:00,Y,"driver stuck in traffic on 93, running ~20 min late",9,6.19,0
ORD-25942,03/18/2025 11:29,02043,02105,STAT,Emerson Hospital,D016,2025-03-18 12:06:00,,2025-03-18 14:44:00,2025-03-18 12:23:00,Y,"elevator down at 15 Elm St, driver using stairs",45,23.73,0
ORD-25943,02/11/2025 08:45,02170,02126,STAT,St. Elizabeth's Medical,D003,2025-02-11 09:25:00,2025-02-11 10:16:00,2025-02-11 11:09:00,2025-02-11 09:44:00,Y,,43,21.01,0
ORD-25944,2025-01-30 13:12:00,02108,02052,STAT,Children's Hospital,D036,2025-01-30 13:33:00,2025-01-30 14:09:00,2025-01-30 14:37:00,2025-01-30 13:46:00,N,lab closed early today per client,8,23.63,0
ORD-25945,01/24/2025 15:27,02152,02053,Same-Day,Lowell General,D019,2025-01-24 16:07:00,2025-01-24 16:24:00,2025-01-24 17:51:00,2025-01-24 17:28:00,N,,21,18.93,0
ORD-25946,2025-03-27 07:13:00,02119,02186,routine,BioReference Labs,D007,2025-03-27 07:21:00,2025-03-27 07:34:00,2025-03-27 08:41:00,2025-03-27 13:01:00,N,,45,32.96,0
ORD-25947,03/12/2025 19:51,02071,02052,ROUTINE,St. Elizabeth's Medical,D039,2025-03-12 20:26:00,2025-03-12 21:13:00,2025-03-12 23:07:00,2025-03-12 23:19:00,N,driver reports ice on roads in reading area,6,22.51,0
ORD-25948,02/08/2025 19:32,02184,02110,Same-Day,Labcorp Inc,D020,2025-02-08 20:09:00,2025-02-08 20:29:00,2025-02-08 21:01:00,2025-02-08 23:24:00,Y,specimen container damaged on pickup,37,12.31,0
ORD-25949,2025-02-27 21:23:00,01803,02197,STAT,Northeast Labs,D003,2025-02-27 21:52:00,2025-02-27 22:22:00,2025-02-27 23:37:00,2025-02-27 22:19:00,N,traffic accident on route 1 delay,29,14.54,0
ORD-25950,03/25/2025 14:59,02193,02191,ROUTINE,Providence Health,D011,2025-03-25 15:40:00,2025-03-25 16:17:00,2025-03-25 17:57:00,2025-03-25 19:57:00,Y,redelivery needed: building locked,42,26.95,0
ORD-25951,03/04/2025 13:03,02130,02152,stat,Boston Medical Center,D006,2025-03-04 13:43:00,2025-03-04 14:00:00,,2025-03-04 14:01:00,Y,specimen labeled incorrectly by client,16,27.09,0
ORD-25952,03/31/2025 12:14,02072,02152,STAT,Childrens Hospital,D026,2025-03-31 12:28:00,,2025-03-31 14:10:00,2025-03-31 12:57:00,Y,lab closed early today per client,44,22.82,0
ORD-25953,,02109,02193,RUSH,NE Labs,D010,2025-02-04 20:05:00,2025-02-04 20:21:00,2025-02-04 21:19:00,2025-02-04 21:26:00,Y,dispatcher note: double-check temp on this one before logging,20,18.12,0
ORD-25954,2025-03-12 12:00:00,02128,02132,RUSH,Labcorp Inc,D033,2025-03-12 12:17:00,2025-03-12 12:29:00,2025-03-12 14:02:00,2025-03-12 13:16:00,Y,package refused by receiving staff - no signature authority,38,23.79,0
ORD-25955,02/25/2025 02:53,02053,02110,stat,Boston Medical Center,D016,2025-02-25 03:18:00,2025-02-25 04:16:00,2025-02-25 05:55:00,2025-02-25 03:28:00,Y,,18,8.12,0
ORD-25956,2025/01/29 11:26,02061,02127,same-day,Northeast Laboratory,D021,2025-01-29 12:04:00,2025-01-29 12:20:00,2025-01-29 13:40:00,2025-01-29 14:55:00,N,"driver vehicle breakdown, transfer to DD024 in progress",22,21.1,0
ORD-25957,03-21-25 06:20 AM,02190,02128,ROUTINE,MGH,UNASSIGNED,2025-03-21 06:59:00,2025-03-21 07:34:00,2025-03-21 08:42:00,2025-03-21 11:23:00,Y,,9,8.75,0
ORD-25958,02-04-25 12:36 PM,02135,02106,ROUTINE,Cape Cod Hospital,UNASSIGNED,2025-02-04 13:04:00,2025-02-04 13:49:00,2025-02-04 15:03:00,2025-02-04 17:29:00,Y,specimen container damaged on pickup,11,32.63,0
ORD-25959,2025-03-22 07:25:00,02200,02138,ROUTINE,St. Elizabeth's Medical,D040,2025-03-22 07:43:00,2025-03-22 08:30:00,2025-03-22 10:14:00,2025-03-22 12:17:00,Y,specimen container damaged on pickup,29,27.57,0
ORD-25960,01/13/2025 09:37,02056,02047,STAT,Boston Medical Center,D039,2025-01-13 09:51:00,2025-01-13 10:44:00,2025-01-13 11:06:00,2025-01-13 10:14:00,Y,redelivery needed: building locked,7,6.86,0
ORD-25961,01/12/2025 10:46,02185,02025,ROUTINE,BioReference Labs,D014,2025-01-12 11:15:00,2025-01-12 11:40:00,2025-01-12 12:35:00,2025-01-12 14:18:00,N,delayed at security checkpoint - id verification required,21,24.58,0
ORD-25962,01-02-25 04:38 AM,02128,02143,routine,Quest Diagnostics,D038,2025-01-02 04:57:00,2025-01-02 05:10:00,2025-01-02 05:47:00,2025-01-02 09:14:00,Y,driver cannot locate parking at hospital,40,18.95,0
ORD-25963,2025-02-23 04:50:00,01879,02102,routine,Quest Diagnostics,D024,2025-02-23 05:24:00,2025-02-23 06:02:00,2025-02-23 07:53:00,2025-02-23 10:16:00,Y,lab closed early today per client,25,10.94,0
ORD-25964,2025-03-07 16:01:00,02038,02155,Stat,Labcorp Inc,D009,2025-03-07 16:44:00,2025-03-07 17:43:00,2025-03-07 18:21:00,2025-03-07 16:32:00,N,"wrong zip code on order, corrected",26,16.13,0
ORD-25965,2025-01-03 14:43:00,02188,02127,STAT,Boston Med Ctr,D029,2025-01-03 15:13:00,2025-01-03 16:07:00,2025-01-03 17:23:00,2025-01-03 15:17:00,Y,"client called to confirm - specimen critical, needs STAT upgrade",9,7.97,0
ORD-25966,01/24/2025 08:06,02195,02192,routine,MGH,D034,2025-01-24 08:49:00,,2025-01-24 10:06:00,2025-01-24 13:23:00,N,"client changed pickup time, driver redirected",42,17.77,0
ORD-25967,03/14/2025 06:55,02128,02025,SAME-DAY,LabCorp,D001,2025-03-14 07:15:00,2025-03-14 07:33:00,2025-03-14 08:45:00,2025-03-14 09:28:00,Y,"wrong zip code on order, corrected",32,28.97,0
ORD-25968,01/23/2025 04:33,02152,02071,SAME-DAY,Quest Diag,D023,2025-01-23 05:13:00,2025-01-23 05:47:00,2025-01-23 07:35:00,2025-01-23 07:32:00,Y,,45,37.44,0
ORD-25969,03/08/2025 07:08,02126,02053,Routine,Tufts Med Center,D017,2025-03-08 07:34:00,2025-03-08 08:32:00,2025-03-08 10:29:00,2025-03-08 10:16:00,Y,GPS routing error sent driver to wrong building,21,16.81,0
ORD-25970,03/26/2025 11:47,02021,02110,STAT,Brigham and Womens,D029,2025-03-26 12:08:00,2025-03-26 12:52:00,2025-03-26 14:45:00,2025-03-26 12:32:00,Y,"client called to confirm - specimen critical, needs STAT upgrade",10,34.69,0
ORD-25971,02-21-25 03:15 PM,02138,02043,ROUTINE,Brigham & Women's,D002,2025-02-21 15:30:00,2025-02-21 16:14:00,2025-02-21 17:40:00,2025-02-21 18:33:00,Y,called client re specimen integrity - awaiting callback,5,6.54,0
ORD-25972,2025/01/10 13:24,02184,02106,Stat,South Shore Hospital,D003,2025-01-10 13:51:00,2025-01-10 14:51:00,2025-01-10 16:23:00,2025-01-10 14:11:00,Y,package refused by receiving staff - no signature authority,22,12.19,0
ORD-25973,01/31/2025 17:00,02196,02054,Routine,Cape Cod Hospital,D005,2025-01-31 17:28:00,2025-01-31 18:08:00,2025-01-31 19:19:00,2025-01-31 20:17:00,Y,called client re specimen integrity - awaiting callback,16,13.02,0
ORD-25974,03/28/2025 20:16,01840,02196,stat,BioReference Labs,D005,2025-03-28 20:49:00,2025-03-28 21:38:00,2025-03-28 23:10:00,2025-03-28 21:03:00,N,"wrong zip code on order, corrected",25,24.46,1
ORD-25975,03-01-25 08:32 PM,02190,02196,Routine,St. Elizabeth's Medical,D028,2025-03-01 21:12:00,2025-03-01 21:54:00,2025-03-01 23:16:00,2025-03-02 02:28:00,Y,lab closed early today per client,25,28.05,0
ORD-25976,2025-03-04 06:53:00,01864,02136,RUSH,Northeast Laboratory,D039,2025-03-04 07:30:00,2025-03-04 08:04:00,2025-03-04 09:54:00,2025-03-04 08:01:00,Y,,40,24.35,0
ORD-25977,2025-01-22 11:15:00,01854,02122,same-day,Emerson Hospital,D032,2025-01-22 11:19:00,2025-01-22 11:39:00,2025-01-22 12:44:00,2025-01-22 13:37:00,Y,specimen container damaged on pickup,8,23.16,0
ORD-25978,01/29/2025 07:07,01860,02102,stat,Brigham & Women's,D002,2025-01-29 07:14:00,2025-01-29 07:57:00,2025-01-29 09:40:00,2025-01-29 07:40:00,N,"driver stuck in traffic on 93, running ~20 min late",37,24.5,0
ORD-25979,03/29/2025 11:24,02125,02111,routine,Brigham and Womens,D006,2025-03-29 11:45:00,2025-03-29 12:41:00,2025-03-29 13:03:00,2025-03-29 15:45:00,Y,"wrong zip code on order, corrected",10,29.8,0
ORD-25980,03-04-25 08:50 AM,02188,02198,ROUTINE,Brigham and Womens,D027,2025-03-04 09:30:00,2025-03-04 10:23:00,,2025-03-04 12:40:00,Y,"driver stuck in traffic on 93, running ~20 min late",34,18.04,0
ORD-25981,2025/01/25 00:52,02199,02149,Same-Day,Providence Health,D005,2025-01-25 01:16:00,,2025-01-25 02:27:00,2025-01-25 04:46:00,Y,GPS routing error sent driver to wrong building,22,4.94,0
ORD-25982,03/25/2025 10:23,01851,02056,STAT,Mass General Hospital,D001,2025-03-25 10:54:00,,2025-03-25 12:48:00,2025-03-25 11:22:00,Y,driver cannot locate parking at hospital,44,22.01,0
ORD-25983,01-03-25 09:35 AM,02107,02176,ROUTINE,Quest Diagnostics,D025,2025-01-03 10:12:00,2025-01-03 10:58:00,2025-01-03 12:45:00,2025-01-03 14:14:00,Y,,5,22.59,0
ORD-25984,2025-03-14 12:57:00,01862,02188,ROUTINE,Lowell General,D032,2025-03-14 13:39:00,,2025-03-14 14:36:00,2025-03-14 17:46:00,Y,driver reports ice on roads in reading area,9,34.54,0
ORD-25985,01/04/2025 14:15,02199,02113,STAT,South Shore Hospital,D023,2025-01-04 14:47:00,2025-01-04 15:30:00,2025-01-04 17:05:00,2025-01-04 14:50:00,Y,lab closed early today per client,10,4.7,0
ORD-25986,2025/03/16 09:08,02170,02187,RUSH,Tufts Med Center,D008,2025-03-16 09:40:00,2025-03-16 10:19:00,2025-03-16 11:36:00,2025-03-16 10:55:00,N,lab closed early today per client,29,30.77,1
ORD-25987,2025-03-29 16:41:00,02048,02113,ROUTINE,Providence Health,D009,2025-03-29 17:11:00,2025-03-29 17:32:00,2025-03-29 18:21:00,2025-03-29 21:43:00,Y,delayed at security checkpoint - id verification required,9,31.67,0
ORD-25988,02/04/2025 14:23,01863,02115,routine,LabCorp,D024,2025-02-04 14:57:00,2025-02-04 15:27:00,2025-02-04 15:47:00,2025-02-04 17:23:00,Y,package refused by receiving staff - no signature authority,13,16.8,0
ORD-25989,2025/01/02 14:01,01840,02109,ROUTINE,Mass General Hospital,D022,2025-01-02 14:30:00,2025-01-02 14:43:00,2025-01-02 15:33:00,2025-01-02 17:35:00,Y,,35,21.35,0
ORD-25990,03-14-25 01:56 PM,02170,02140,STAT,NE Labs,D034,2025-03-14 14:10:00,2025-03-14 15:04:00,2025-03-14 15:39:00,2025-03-14 14:28:00,N,GPS routing error sent driver to wrong building,9,35.79,0
ORD-25991,02/18/2025 00:04,02062,02199,ROUTINE,Northeast Laboratory,D037,2025-02-18 00:30:00,2025-02-18 01:19:00,2025-02-18 01:34:00,2025-02-18 03:31:00,Y,"driver called in sick mid-route, reassigning trips",10,18.82,0
ORD-25992,2025/01/07 15:14,02189,02184,STAT,Providence Health,D003,2025-01-07 15:19:00,2025-01-07 15:33:00,2025-01-07 16:47:00,2025-01-07 16:05:00,N,"client changed pickup time, driver redirected",21,32.3,0
ORD-25993,2025-03-07 12:19:00,02059,02054,RUSH,Emerson Hospital,D037,2025-03-07 12:55:00,2025-03-07 13:31:00,2025-03-07 14:45:00,2025-03-07 14:14:00,Y,called client re specimen integrity - awaiting callback,13,13.85,0
ORD-25994,2025/03/03 15:26,01851,02032,Routine,Tufts Med Center,D031,2025-03-03 15:41:00,2025-03-03 16:10:00,2025-03-03 18:08:00,2025-03-03 18:44:00,N,"pickup not ready, driver waiting 15+ min",7,30.45,0
ORD-25995,02/22/2025 08:11,02193,02142,stat,Cape Cod Hospital,D017,2025-02-22 08:47:00,2025-02-22 09:12:00,2025-02-22 11:04:00,2025-02-22 08:54:00,Y,redelivery needed: building locked,22,19.09,0
ORD-25996,2025-02-25 10:37:00,02149,02136,SAME-DAY,BioReference Labs,D036,2025-02-25 10:59:00,2025-02-25 11:29:00,2025-02-25 12:06:00,2025-02-25 14:19:00,Y,,24,9.12,0
ORD-25997,2025-01-08 09:03:00,02108,02140,ROUTINE,Labcorp Inc,D040,2025-01-08 09:27:00,2025-01-08 09:42:00,2025-01-08 10:42:00,2025-01-08 12:55:00,Y,pickup completed but paperwork missing from package,5,22.62,0
ORD-25998,02/13/2025 18:20,02116,02035,ROUTINE,Cape Cod Hospital,UNASSIGNED,2025-02-13 19:01:00,,2025-02-13 19:53:00,2025-02-13 21:45:00,Y,specimen container damaged on pickup,29,37.54,0
ORD-25999,01/04/2025 07:51,02199,02184,ROUTINE,Northeast Laboratory,D012,2025-01-04 08:04:00,2025-01-04 08:15:00,2025-01-04 09:51:00,2025-01-04 11:50:00,Y,,22,7.29,0
ORD-26000,01/24/2025 23:57,01864,02127,Rush,Quest Diag,D037,2025-01-25 00:22:00,2025-01-25 00:32:00,2025-01-25 00:54:00,2025-01-25 01:48:00,Y,specimen temp excursion possible - driver reports cooler malfunction,10,15.8,0
ORD-26001,2025/01/25 18:22,02139,02052,ROUTINE,MGH,D040,2025-01-25 18:46:00,2025-01-25 19:24:00,2025-01-25 19:43:00,2025-01-25 23:28:00,N,driver reports ice on roads in reading area,17,20.03,0
ORD-26002,02-16-25 02:37 PM,02138,02104,SAME-DAY,Lowell General,D005,2025-02-16 14:43:00,2025-02-16 15:18:00,2025-02-16 15:34:00,2025-02-16 17:04:00,Y,dispatcher note: double-check temp on this one before logging,5,34.56,0
ORD-26003,01/17/2025 00:22,01826,02131,Rush,Tufts Med Center,D019,2025-01-17 00:29:00,2025-01-17 01:13:00,2025-01-17 01:37:00,2025-01-17 01:28:00,Y,"wrong zip code on order, corrected",26,25.16,0
ORD-26004,01/24/2025 20:22,02155,02135,SAME-DAY,Lowell General,D010,2025-01-24 20:27:00,,,2025-01-24 23:24:00,Y,delayed at security checkpoint - id verification required,5,17.83,0
ORD-26005,2025/02/25 19:58,01841,02110,ROUTINE,South Shore Hospital,D017,2025-02-25 20:03:00,2025-02-25 20:57:00,2025-02-25 22:51:00,2025-02-26 01:06:00,N,"driver called in sick mid-route, reassigning trips",13,36.54,0
ORD-26006,2025-03-15 17:19:00,02071,02132,STAT,Labcorp Inc,D025,2025-03-15 17:32:00,,2025-03-15 18:59:00,2025-03-15 18:00:00,Y,"wrong address on manifest, corrected enroute",36,17.21,0
ORD-26007,02/03/2025 06:25,01854,02186,ROUTINE,Brigham & Women's,D041,2025-02-03 06:39:00,2025-02-03 07:25:00,2025-02-03 09:04:00,2025-02-03 10:21:00,Y,,11,29.2,0
ORD-26008,2025/01/06 12:41,02105,02050,STAT,Mass General Hospital,UNASSIGNED,2025-01-06 13:18:00,2025-01-06 13:54:00,2025-01-06 15:20:00,2025-01-06 13:15:00,Y,recipient not available at delivery location,10,19.38,0
ORD-26009,01/19/2025 13:00,02142,02149,Same-Day,Childrens Hospital,D037,2025-01-19 13:38:00,2025-01-19 14:22:00,2025-01-19 16:18:00,2025-01-19 16:50:00,Y,"driver vehicle breakdown, transfer to DD038 in progress",42,14.94,0
ORD-26010,02/21/2025 04:53,02141,02126,routine,South Shore Hospital,D024,2025-02-21 05:18:00,,2025-02-21 07:00:00,2025-02-21 09:51:00,Y,"elevator down at 15 Elm St, driver using stairs",43,34.9,0
ORD-26011,2025/01/16 06:22,02030,02059,Routine,Northeast Labs,D028,2025-01-16 06:35:00,2025-01-16 07:26:00,2025-01-16 07:53:00,2025-01-16 10:05:00,N,,38,22.0,0
ORD-26012,01/02/2025 14:36,01854,02072,STAT,Children's Hospital,D024,2025-01-02 15:00:00,,2025-01-02 17:10:00,2025-01-02 15:16:00,Y,driver reports ice on roads in reading area,35,27.64,0
ORD-26013,02-19-25 12:02 PM,02155,02072,RUSH,Mass General Hospital,D039,2025-02-19 12:18:00,2025-02-19 13:03:00,2025-02-19 13:26:00,2025-02-19 13:11:00,Y,delayed at security checkpoint - id verification required,35,31.42,0
ORD-26014,02/06/2025 09:56,01840,02047,STAT,Tufts Med Center,D031,2025-02-06 10:09:00,2025-02-06 10:22:00,2025-02-06 10:37:00,2025-02-06 10:35:00,Y,"wrong zip code on order, corrected",19,36.17,0
ORD-26015,01/09/2025 08:17,02048,02045,stat,Boston Med Ctr,D034,2025-01-09 08:27:00,2025-01-09 09:03:00,2025-01-09 09:26:00,2025-01-09 09:05:00,Y,traffic accident on route 1 delay,5,29.15,0
ORD-26016,01/03/2025 06:40,01840,02140,SAME-DAY,South Shore Hospital,D009,2025-01-03 06:51:00,2025-01-03 07:29:00,2025-01-03 09:15:00,2025-01-03 08:56:00,Y,recipient not available at delivery location,20,11.0,0
ORD-26017,01/18/2025 11:26,01840,02171,Stat,Brigham and Womens,UNASSIGNED,2025-01-18 11:32:00,2025-01-18 12:27:00,2025-01-18 13:26:00,2025-01-18 12:22:00,Y,driver reports ice on roads in reading area,27,24.08,0
ORD-26018,03-21-25 12:08 PM,02143,02103,ROUTINE,St. Elizabeth's Medical,D005,2025-03-21 12:41:00,2025-03-21 13:15:00,,2025-03-21 15:48:00,Y,specimen container damaged on pickup,18,30.8,0
ORD-26019,2025-02-04 08:47:00,02048,02109,ROUTINE,Labcorp Inc,D037,2025-02-04 08:55:00,2025-02-04 09:17:00,2025-02-04 11:14:00,2025-02-04 11:50:00,Y,called client re specimen integrity - awaiting callback,30,16.85,0
ORD-26020,2025-02-24 16:58:00,02155,02106,Rush,South Shore Hospital,D010,2025-02-24 17:06:00,2025-02-24 17:48:00,2025-02-24 19:16:00,2025-02-24 18:01:00,Y,lab closed early today per client,21,5.71,0
ORD-26021,02-26-25 10:12 AM,02132,02072,stat,Mass General Hospital,D023,2025-02-26 10:15:00,2025-02-26 11:06:00,2025-02-26 11:59:00,2025-02-26 10:48:00,N,"driver vehicle breakdown, transfer to DD025 in progress",13,32.44,1
ORD-26022,2025-01-20 08:50:00,01864,02062,RUSH,Emerson Hospital,D021,2025-01-20 09:10:00,,2025-01-20 11:10:00,2025-01-20 10:22:00,Y,specimen temp excursion possible - driver reports cooler malfunction,39,36.3,0
ORD-26023,03/19/2025 20:39,02134,02171,STAT,Mass General Hospital,D006,2025-03-19 21:24:00,2025-03-19 22:10:00,2025-03-19 23:41:00,2025-03-19 21:15:00,Y,,20,28.63,0
ORD-26024,2025/02/07 19:11,02141,02108,RUSH,Mass General Hospital,D017,2025-02-07 19:26:00,2025-02-07 19:38:00,2025-02-07 21:37:00,2025-02-07 20:16:00,Y,called client re specimen integrity - awaiting callback,38,5.44,0
ORD-26025,02-05-25 09:29 AM,02101,02053,ROUTINE,MGH,D030,2025-02-05 09:57:00,2025-02-05 10:52:00,2025-02-05 12:22:00,2025-02-05 13:37:00,Y,,45,11.18,0
ORD-26026,2025-02-01 10:36:00,02188,02139,Rush,Cape Cod Hospital,D033,2025-02-01 11:03:00,2025-02-01 11:17:00,2025-02-01 13:15:00,2025-02-01 11:44:00,N,"pickup not ready, driver waiting 15+ min",23,22.44,0
ORD-26027,2025/03/16 09:53,02196,02144,ROUTINE,Quest Diag,D026,2025-03-16 10:34:00,2025-03-16 11:04:00,2025-03-16 11:37:00,2025-03-16 14:30:00,Y,,33,33.09,0
ORD-26028,2025/02/01 01:55,01864,02134,RUSH,South Shore Hospital,D008,2025-02-01 02:15:00,2025-02-01 02:49:00,2025-02-01 03:27:00,2025-02-01 02:58:00,Y,driver cannot locate parking at hospital,39,12.8,0
ORD-26029,01/22/2025 19:52,02169,02145,SAME-DAY,Brigham and Womens,D004,2025-01-22 20:23:00,2025-01-22 20:59:00,2025-01-22 22:26:00,2025-01-22 22:20:00,N,,450,27.49,1
ORD-26030,03/10/2025 16:58,02198,02118,STAT,Cape Cod Hospital,D006,2025-03-10 17:36:00,2025-03-10 18:06:00,2025-03-10 18:56:00,2025-03-10 17:49:00,Y,,16,34.85,0
ORD-26031,03-01-25 08:54 AM,02192,02050,ROUTINE,Boston Medical Center,D011,2025-03-01 09:38:00,,2025-03-01 12:30:00,2025-03-01 13:21:00,Y,,14,19.4,0
ORD-26032,2025-02-28 07:27:00,02059,02171,stat,Childrens Hospital,UNASSIGNED,2025-02-28 07:47:00,2025-02-28 08:38:00,2025-02-28 09:00:00,2025-02-28 08:17:00,Y,,14,35.74,0
ORD-26033,2025-01-10 02:59:00,02139,02194,ROUTINE,Northeast Laboratory,UNASSIGNED,2025-01-10 03:11:00,2025-01-10 04:04:00,2025-01-10 05:20:00,2025-01-10 07:18:00,Y,driver reports ice on roads in reading area,17,5.39,0
ORD-26034,02-09-25 08:36 AM,01862,02072,SAME-DAY,Labcorp Inc,D041,2025-02-09 08:44:00,2025-02-09 09:04:00,2025-02-09 10:22:00,2025-02-09 11:01:00,Y,called client re specimen integrity - awaiting callback,27,21.86,0
ORD-26035,,02138,02127,ROUTINE,Emerson Hospital,D016,2025-02-21 08:11:00,2025-02-21 09:07:00,2025-02-21 09:38:00,2025-02-21 13:34:00,Y,,20,9.55,0
ORD-26036,03/31/2025 15:28,02133,02128,SAME-DAY,St. Elizabeth's Medical,D001,2025-03-31 15:49:00,2025-03-31 16:29:00,2025-03-31 17:30:00,2025-03-31 19:08:00,Y,,27,12.09,0
ORD-26037,2025/02/25 05:22,02113,02169,STAT,Northeast Laboratory,D030,2025-02-25 05:27:00,2025-02-25 05:48:00,2025-02-25 07:08:00,2025-02-25 06:22:00,N,specimen container damaged on pickup,15,11.2,1
ORD-26038,2025-01-03 11:09:00,02066,02043,routine,BioReference Labs,D036,2025-01-03 11:47:00,2025-01-03 12:08:00,2025-01-03 13:43:00,2025-01-03 16:15:00,Y,,45,28.2,0
ORD-26039,02-04-25 12:16 PM,02114,02129,RUSH,MGH,D014,2025-02-04 12:32:00,2025-02-04 12:51:00,2025-02-04 14:34:00,2025-02-04 14:01:00,Y,"wrong zip code on order, corrected",11,14.28,0
ORD-26040,2025/01/21 09:42,02127,02122,Routine,Lowell General,D041,2025-01-21 09:56:00,2025-01-21 10:52:00,2025-01-21 11:29:00,2025-01-21 14:18:00,Y,,44,15.81,0
ORD-26041,2025-02-18 13:57:00,02185,02038,Routine,Tufts Medical,D016,2025-02-18 14:04:00,2025-02-18 14:21:00,2025-02-18 15:58:00,2025-02-18 19:52:00,Y,driver cannot locate parking at hospital,11,4.71,0
ORD-26042,2025-03-28 09:54:00,02054,02072,STAT,BioReference Labs,D001,2025-03-28 10:39:00,2025-03-28 11:03:00,2025-03-28 11:27:00,2025-03-28 10:45:00,N,,23,12.18,0
ORD-26043,03/03/2025 13:24,02151,02140,Routine,Northeast Laboratory,D017,2025-03-03 14:03:00,2025-03-03 14:24:00,2025-03-03 14:48:00,2025-03-03 17:58:00,N,pickup completed but paperwork missing from package,22,23.47,0
ORD-26044,,02198,02048,STAT,Cape Cod Hospital,D014,2025-02-14 09:57:00,2025-02-14 10:35:00,2025-02-14 11:31:00,2025-02-14 09:52:00,N,,5,5.11,1
ORD-26045,2025-01-22 13:04:00,02139,02191,STAT,Cape Cod Hospital,D010,2025-01-22 13:26:00,2025-01-22 13:48:00,2025-01-22 14:12:00,2025-01-22 13:47:00,Y,"client called to confirm - specimen critical, needs STAT upgrade",30,23.48,0
ORD-26046,2025/03/01 10:36,02113,02131,STAT,Children's Hospital,D031,2025-03-01 10:53:00,2025-03-01 11:41:00,2025-03-01 12:06:00,2025-03-01 11:20:00,Y,"driver called in sick mid-route, reassigning trips",6,15.86,0
ORD-26047,2025-03-16 20:34:00,02139,02197,Rush,Mass General Hospital,D014,2025-03-16 21:17:00,2025-03-16 22:03:00,2025-03-16 23:45:00,2025-03-16 21:53:00,Y,"client called to confirm - specimen critical, needs STAT upgrade",10,17.3,0
ORD-26048,02-10-25 07:32 AM,02170,02019,ROUTINE,Brigham & Women's,D010,2025-02-10 07:37:00,2025-02-10 07:54:00,2025-02-10 08:29:00,2025-02-10 10:38:00,Y,"client changed pickup time, driver redirected",29,13.97,0
ORD-26049,03/24/2025 10:58,01801,02059,STAT,Boston Med Ctr,D036,2025-03-24 11:30:00,2025-03-24 11:59:00,2025-03-24 13:04:00,2025-03-24 11:41:00,Y,lab closed early today per client,41,19.58,0
ORD-26050,2025-02-10 17:05:00,02021,02163,SAME-DAY,Children's Hospital,D003,2025-02-10 17:24:00,,2025-02-10 18:33:00,2025-02-10 19:45:00,Y,"client changed pickup time, driver redirected",317,37.16,0
ORD-26051,2025/03/15 10:11,02108,02111,STAT,Emerson Hospital,D023,2025-03-15 10:22:00,2025-03-15 11:16:00,2025-03-15 12:43:00,2025-03-15 10:42:00,Y,delayed at security checkpoint - id verification required,34,10.5,0
ORD-26052,02/15/2025 06:33,02104,02050,stat,Quest Diagnostics,D006,2025-02-15 06:56:00,2025-02-15 07:24:00,2025-02-15 08:57:00,2025-02-15 07:20:00,Y,dispatcher note: double-check temp on this one before logging,26,16.18,0
ORD-26053,02/07/2025 10:27,02060,02067,Stat,Quest Diagnostics,D020,2025-02-07 10:46:00,2025-02-07 11:00:00,2025-02-07 12:55:00,2025-02-07 11:00:00,Y,,43,29.72,0
ORD-26054,02/02/2025 16:54,02129,02185,RUSH,Providence Health,D027,2025-02-02 17:13:00,2025-02-02 17:56:00,2025-02-02 18:13:00,2025-02-02 18:38:00,Y,package refused by receiving staff - no signature authority,19,15.49,0
ORD-26055,2025-02-24 06:46:00,02198,02131,same-day,Lowell General,D034,2025-02-24 07:26:00,2025-02-24 07:42:00,2025-02-24 08:31:00,2025-02-24 08:47:00,Y,dispatcher note: double-check temp on this one before logging,41,6.55,0
ORD-26056,01-24-25 06:30 AM,02114,02148,RUSH,Tufts Med Center,D019,2025-01-24 07:13:00,2025-01-24 08:13:00,2025-01-24 09:58:00,2025-01-24 08:21:00,Y,,125,5.94,0
ORD-26057,02/06/2025 12:54,02197,02109,STAT,St. Elizabeth's Medical,D004,2025-02-06 12:58:00,2025-02-06 13:55:00,2025-02-06 14:28:00,2025-02-06 13:48:00,N,pickup completed but paperwork missing from package,34,17.68,0
ORD-26058,2025-03-19 10:21:00,02135,02050,routine,Northeast Labs,D028,2025-03-19 10:29:00,2025-03-19 11:18:00,,2025-03-19 16:21:00,Y,lab closed early today per client,17,15.46,0
ORD-26059,02/20/2025 08:04,02124,02198,RUSH,Brigham and Womens,D012,2025-02-20 08:19:00,2025-02-20 08:39:00,2025-02-20 09:46:00,2025-02-20 09:06:00,Y,traffic accident on route 1 delay,24,10.63,0
ORD-26060,,02032,02047,rush,Providence Health,D026,2025-02-23 08:43:00,2025-02-23 08:55:00,2025-02-23 09:13:00,2025-02-23 10:06:00,Y,"elevator down at 15 Elm St, driver using stairs",14,13.9,0
ORD-26061,2025/03/17 20:09,02139,02113,ROUTINE,Tufts Medical,D019,2025-03-17 20:16:00,2025-03-17 20:42:00,,2025-03-18 00:02:00,Y,specimen temp excursion possible - driver reports cooler malfunction,14,31.1,0
ORD-26062,02/17/2025 19:10,02126,02030,Same-Day,Children's Hospital,D012,2025-02-17 19:41:00,2025-02-17 20:12:00,2025-02-17 22:03:00,2025-02-17 22:47:00,N,traffic accident on route 1 delay,13,9.64,0
ORD-26063,01/03/2025 07:08,02128,02115,stat,Northeast Labs,D015,2025-01-03 07:23:00,2025-01-03 07:59:00,,2025-01-03 08:00:00,N,,32,16.73,0
ORD-26064,02-27-25 05:09 PM,02133,02030,RUSH,Quest Diag,D004,2025-02-27 17:23:00,2025-02-27 18:14:00,,2025-02-27 19:09:00,Y,,19,23.13,0
ORD-26065,02/04/2025 16:10,02026,02139,Routine,Boston Med Ctr,D035,2025-02-04 16:31:00,2025-02-04 16:45:00,2025-02-04 17:58:00,2025-02-04 19:14:00,N,"elevator down at 15 Elm St, driver using stairs",15,26.67,1
ORD-26066,2025-01-08 17:03:00,02191,02060,Rush,MGH,D035,2025-01-08 17:35:00,2025-01-08 18:34:00,2025-01-08 20:22:00,2025-01-08 18:33:00,Y,"elevator down at 15 Elm St, driver using stairs",36,13.23,0
ORD-26067,2025-01-15 13:53:00,02189,02127,SAME-DAY,Northeast Laboratory,D041,2025-01-15 14:30:00,2025-01-15 15:14:00,2025-01-15 15:58:00,2025-01-15 17:33:00,Y,"wrong zip code on order, corrected",14,33.72,0
ORD-26068,2025-01-10 07:20:00,02176,02019,Routine,Quest Diag,D035,2025-01-10 07:41:00,2025-01-10 08:07:00,2025-01-10 09:53:00,2025-01-10 10:57:00,Y,"client changed pickup time, driver redirected",20,19.62,0
ORD-26069,01/11/2025 16:06,01851,02107,STAT,Childrens Hospital,D003,2025-01-11 16:24:00,2025-01-11 16:56:00,2025-01-11 18:40:00,2025-01-11 17:01:00,Y,"client called to confirm - specimen critical, needs STAT upgrade",8,34.34,0
ORD-26070,2025/01/11 10:03,02115,02142,ROUTINE,Emerson Hospital,D039,2025-01-11 10:15:00,2025-01-11 10:31:00,2025-01-11 11:31:00,2025-01-11 14:07:00,Y,"driver vehicle breakdown, transfer to DD039 in progress",25,34.56,0
ORD-26071,01/16/2025 11:11,02194,02191,Same-Day,Cape Cod Hospital,D015,2025-01-16 11:49:00,2025-01-16 12:10:00,2025-01-16 13:23:00,2025-01-16 13:48:00,N,recipient not available at delivery location,29,27.25,0
ORD-26072,2025-02-04 12:41:00,02019,02128,Routine,Northeast Labs,D013,2025-02-04 12:56:00,2025-02-04 13:24:00,2025-02-04 14:16:00,2025-02-04 15:45:00,Y,,38,24.57,0
ORD-26073,,01880,02102,SAME-DAY,St. Elizabeth's Medical,D033,2025-02-13 01:54:00,2025-02-13 02:43:00,2025-02-13 03:07:00,2025-02-13 05:09:00,Y,"client changed pickup time, driver redirected",21,34.78,0
ORD-26074,02/21/2025 10:42,02200,02025,Routine,Children's Hospital,D012,2025-02-21 11:13:00,2025-02-21 11:53:00,2025-02-21 13:11:00,2025-02-21 15:13:00,Y,"driver stuck in traffic on 93, running ~20 min late",31,17.88,0
ORD-26075,2025-03-12 05:51:00,01821,02045,RUSH,Cape Cod Hospital,D010,2025-03-12 06:31:00,,2025-03-12 07:39:00,2025-03-12 07:50:00,Y,traffic accident on route 1 delay,7,15.14,0
ORD-26076,03/28/2025 14:25,02038,02187,ROUTINE,Boston Med Ctr,D012,2025-03-28 15:07:00,2025-03-28 15:35:00,2025-03-28 17:22:00,2025-03-28 17:35:00,Y,"wrong address on manifest, corrected enroute",26,25.39,0
ORD-26077,01/05/2025 13:35,02019,02130,Routine,Mass General Hospital,D003,2025-01-05 13:40:00,2025-01-05 14:26:00,2025-01-05 15:15:00,2025-01-05 19:35:00,Y,"wrong address on manifest, corrected enroute",10,9.59,0
ORD-26078,01-24-25 03:23 PM,02119,02047,SAME-DAY,Boston Medical Center,D035,2025-01-24 15:35:00,2025-01-24 16:19:00,2025-01-24 17:29:00,2025-01-24 18:14:00,Y,"driver stuck in traffic on 93, running ~20 min late",11,8.18,0
ORD-26079,02/12/2025 08:34,02054,02144,Routine,Lowell General,UNASSIGNED,2025-02-12 09:01:00,2025-02-12 09:47:00,2025-02-12 10:24:00,2025-02-12 13:41:00,Y,specimen container damaged on pickup,35,15.01,0
ORD-26080,2025-02-12 15:24:00,02050,02170,Routine,Cape Cod Hospital,D028,2025-02-12 15:35:00,2025-02-12 16:03:00,2025-02-12 16:45:00,2025-02-12 19:00:00,Y,GPS routing error sent driver to wrong building,14,10.98,0
ORD-26081,01/04/2025 09:04,01879,02030,Stat,Brigham and Womens,D008,2025-01-04 09:25:00,2025-01-04 10:06:00,2025-01-04 11:54:00,2025-01-04 09:52:00,Y,"elevator down at 15 Elm St, driver using stairs",12,33.4,0
ORD-26082,2025-02-28 07:48:00,02133,02025,same-day,MGH,D034,2025-02-28 07:57:00,2025-02-28 08:17:00,2025-02-28 09:55:00,2025-02-28 11:22:00,Y,specimen temp excursion possible - driver reports cooler malfunction,19,18.65,0
ORD-26083,01/04/2025 15:47,01801,02108,STAT,Brigham and Womens,D035,2025-01-04 16:11:00,2025-01-04 16:55:00,2025-01-04 17:34:00,2025-01-04 16:17:00,Y,specimen temp excursion possible - driver reports cooler malfunction,25,13.55,0
ORD-26084,03-10-25 06:35 PM,02198,02152,ROUTINE,Brigham & Women's,D040,2025-03-10 18:48:00,2025-03-10 19:47:00,2025-03-10 21:26:00,2025-03-10 21:50:00,Y,"driver ran out of dry ice, needs resupply",32,19.82,0
ORD-26085,02/26/2025 19:54,02187,02199,same-day,Brigham and Womens,D033,2025-02-26 20:36:00,2025-02-26 21:29:00,2025-02-26 22:33:00,2025-02-26 22:21:00,Y,GPS routing error sent driver to wrong building,10,25.77,0
ORD-26086,2025/03/23 20:58,02184,02072,Rush,Labcorp Inc,D016,2025-03-23 21:28:00,2025-03-23 21:57:00,2025-03-23 23:22:00,2025-03-23 22:02:00,Y,"driver called in sick mid-route, reassigning trips",37,11.24,0
ORD-26087,01/30/2025 14:09,02124,02193,Routine,Mass General Hospital,D012,2025-01-30 14:41:00,2025-01-30 15:29:00,,2025-01-30 19:11:00,Y,dispatcher note: double-check temp on this one before logging,6,34.5,0
ORD-26088,03/06/2025 10:41,02155,02035,Routine,Providence Health,D041,2025-03-06 11:18:00,2025-03-06 11:34:00,2025-03-06 12:55:00,2025-03-06 14:44:00,Y,"client called to confirm - specimen critical, needs STAT upgrade",13,19.39,0
ORD-26089,2025-02-23 06:58:00,01860,02152,Same-Day,Children's Hospital,D035,2025-02-23 07:42:00,2025-02-23 08:26:00,2025-02-23 09:12:00,2025-02-23 10:01:00,N,"driver called in sick mid-route, reassigning trips",6,32.03,1
ORD-26090,2025/02/21 09:44,02103,02196,Rush,Brigham & Women's,D023,2025-02-21 10:23:00,2025-02-21 10:41:00,2025-02-21 11:08:00,2025-02-21 11:23:00,Y,delayed at security checkpoint - id verification required,15,11.99,0
ORD-26091,2025-02-05 14:40:00,02156,02184,Routine,Boston Med Ctr,D039,2025-02-05 14:44:00,2025-02-05 15:11:00,2025-02-05 16:22:00,2025-02-05 20:18:00,Y,delayed at security checkpoint - id verification required,24,19.17,0
ORD-26092,2025-03-22 10:01:00,02125,02025,rush,Lowell General,D017,2025-03-22 10:39:00,2025-03-22 11:32:00,2025-03-22 12:32:00,2025-03-22 11:26:00,Y,specimen container damaged on pickup,17,31.37,0
ORD-26093,02/09/2025 06:29,02186,02186,ROUTINE,Emerson Hospital,D026,2025-02-09 07:09:00,,2025-02-09 09:16:00,2025-02-09 11:58:00,Y,driver cannot locate parking at hospital,23,31.04,0
ORD-26094,2025/01/23 13:32,02191,02102,RUSH,Brigham & Women's,D003,2025-01-23 13:45:00,2025-01-23 14:03:00,,2025-01-23 14:57:00,Y,"client called to confirm - specimen critical, needs STAT upgrade",398,10.5,0
ORD-26095,2025-03-11 16:22:00,02163,02132,STAT,BioReference Labs,D013,2025-03-11 17:07:00,2025-03-11 17:19:00,2025-03-11 19:16:00,2025-03-11 17:18:00,Y,specimen labeled incorrectly by client,44,20.37,0
ORD-26096,2025/01/15 12:26,02035,02102,STAT,Childrens Hospital,D001,2025-01-15 12:32:00,,2025-01-15 13:10:00,2025-01-15 13:08:00,Y,redelivery needed: building locked,11,33.63,0
ORD-26097,,02200,02152,Rush,Boston Medical Center,D037,2025-03-19 09:28:00,2025-03-19 10:06:00,2025-03-19 12:06:00,2025-03-19 11:10:00,Y,GPS routing error sent driver to wrong building,33,21.34,0
ORD-26098,,01862,02195,ROUTINE,Children's Hospital,D003,2025-03-04 19:02:00,2025-03-04 19:52:00,2025-03-04 20:21:00,2025-03-05 00:54:00,N,specimen labeled incorrectly by client,22,14.65,0
ORD-26099,2025-01-18 13:02:00,02048,02048,RUSH,Children's Hospital,D026,2025-01-18 13:28:00,2025-01-18 13:57:00,2025-01-18 14:33:00,2025-01-18 14:52:00,Y,recipient not available at delivery location,25,24.98,0
ORD-26100,02/26/2025 17:08,02106,02072,stat,Brigham & Women's,D001,2025-02-26 17:32:00,2025-02-26 17:55:00,2025-02-26 18:40:00,2025-02-26 17:47:00,Y,"driver stuck in traffic on 93, running ~20 min late",21,20.59,0
ORD-26101,02-20-25 09:18 AM,02059,02155,ROUTINE,St. Elizabeth's Medical,D011,2025-02-20 09:27:00,2025-02-20 09:51:00,2025-02-20 11:51:00,2025-02-20 14:23:00,Y,package refused by receiving staff - no signature authority,23,16.15,0
ORD-26102,2025/01/15 07:53,02131,02108,STAT,Mass General Hospital,D012,2025-01-15 08:01:00,2025-01-15 08:56:00,2025-01-15 09:19:00,2025-01-15 08:47:00,Y,"wrong zip code on order, corrected",34,18.76,0
ORD-26103,02-05-25 12:34 PM,02134,02151,ROUTINE,South Shore Hospital,D036,2025-02-05 12:57:00,2025-02-05 13:18:00,2025-02-05 13:54:00,2025-02-05 18:28:00,Y,package refused by receiving staff - no signature authority,25,8.37,0
ORD-26104,2025-03-07 09:23:00,02109,02109,STAT,Northeast Laboratory,D041,2025-03-07 09:29:00,2025-03-07 09:58:00,2025-03-07 10:59:00,2025-03-07 10:07:00,Y,"client changed pickup time, driver redirected",19,25.89,0
ORD-26105,2025-02-16 15:19:00,02121,02061,Routine,Cape Cod Hospital,D030,2025-02-16 15:29:00,2025-02-16 16:16:00,2025-02-16 17:16:00,2025-02-16 20:45:00,Y,driver cannot locate parking at hospital,23,24.7,0
ORD-26106,2025-01-06 09:31:00,01821,02132,stat,Tufts Med Center,D006,2025-01-06 09:38:00,2025-01-06 10:00:00,2025-01-06 11:43:00,2025-01-06 10:30:00,Y,"driver vehicle breakdown, transfer to DD028 in progress",7,21.45,0
ORD-26107,01/24/2025 16:35,02171,02126,ROUTINE,Tufts Medical,D019,2025-01-24 17:13:00,2025-01-24 17:34:00,,2025-01-24 20:21:00,N,"elevator down at 15 Elm St, driver using stairs",24,32.36,1
ORD-26108,2025/02/12 15:30,02170,02193,STAT,Tufts Med Center,D007,2025-02-12 15:55:00,2025-02-12 16:48:00,2025-02-12 17:57:00,2025-02-12 16:27:00,Y,"wrong address on manifest, corrected enroute",35,17.19,0
ORD-26109,2025-01-22 12:25:00,01843,02144,stat,Labcorp Inc,D039,2025-01-22 13:04:00,2025-01-22 13:38:00,2025-01-22 14:25:00,2025-01-22 13:23:00,Y,"client called to confirm - specimen critical, needs STAT upgrade",42,30.97,0
ORD-26110,2025-03-31 03:03:00,02125,02150,ROUTINE,Providence Health,UNASSIGNED,2025-03-31 03:20:00,2025-03-31 04:15:00,2025-03-31 05:57:00,2025-03-31 06:24:00,Y,GPS routing error sent driver to wrong building,38,14.13,0
ORD-26111,03-26-25 09:17 AM,02119,02194,RUSH,Lowell General,D030,2025-03-26 09:57:00,2025-03-26 10:35:00,2025-03-26 11:37:00,2025-03-26 10:40:00,Y,,36,28.28,0
ORD-26112,2025/02/15 15:08,02152,02116,routine,Northeast Laboratory,D005,2025-02-15 15:39:00,2025-02-15 16:26:00,2025-02-15 18:16:00,2025-02-15 20:57:00,Y,,45,31.97,0
ORD-26113,2025-02-09 12:12:00,02195,02185,SAME-DAY,Childrens Hospital,UNASSIGNED,2025-02-09 12:36:00,2025-02-09 13:23:00,2025-02-09 15:14:00,2025-02-09 14:45:00,Y,,11,31.13,0
ORD-26114,2025/01/28 10:48,02120,02169,same-day,Boston Medical Center,D014,2025-01-28 11:31:00,2025-01-28 11:54:00,2025-01-28 12:12:00,2025-01-28 13:43:00,Y,recipient not available at delivery location,10,24.93,0
ORD-26115,03/05/2025 16:05,02196,02150,ROUTINE,Northeast Labs,D040,2025-03-05 16:50:00,2025-03-05 17:36:00,2025-03-05 19:23:00,2025-03-05 19:31:00,Y,delayed at security checkpoint - id verification required,8,9.45,0
ORD-26116,02/25/2025 19:37,02184,02155,STAT,Lowell General,D033,2025-02-25 20:14:00,2025-02-25 20:25:00,2025-02-25 22:16:00,2025-02-25 20:30:00,N,,25,27.06,1
ORD-26117,01-17-25 06:15 AM,01850,02102,Stat,BioReference Labs,D037,2025-01-17 06:48:00,2025-01-17 07:06:00,2025-01-17 08:00:00,2025-01-17 06:48:00,Y,GPS routing error sent driver to wrong building,7,27.62,0
ORD-26118,02/12/2025 16:51,02118,02059,STAT,Quest Diagnostics,D009,2025-02-12 17:13:00,2025-02-12 18:08:00,2025-02-12 18:50:00,2025-02-12 17:49:00,Y,"elevator down at 15 Elm St, driver using stairs",38,17.2,0
ORD-26119,02/22/2025 07:28,02144,02151,ROUTINE,St. Elizabeth's Medical,D016,2025-02-22 07:44:00,2025-02-22 08:09:00,,2025-02-22 10:29:00,Y,"driver ran out of dry ice, needs resupply",25,37.22,0
ORD-26120,2025/02/26 06:40,02109,02048,Stat,Emerson Hospital,D025,2025-02-26 07:07:00,2025-02-26 07:54:00,2025-02-26 08:39:00,2025-02-26 07:21:00,Y,recipient not available at delivery location,11,12.74,0
ORD-26121,03/29/2025 13:42,02119,02134,ROUTINE,Brigham & Women's,D011,2025-03-29 14:19:00,2025-03-29 14:55:00,2025-03-29 16:26:00,2025-03-29 18:26:00,N,,20,21.96,0
ORD-26122,02-03-25 08:52 AM,02104,02110,STAT,Boston Medical Center,D030,2025-02-03 09:15:00,2025-02-03 09:38:00,2025-02-03 11:14:00,2025-02-03 09:42:00,Y,GPS routing error sent driver to wrong building,21,17.01,0
ORD-26123,2025-01-17 03:42:00,01801,02120,ROUTINE,Brigham and Womens,UNASSIGNED,2025-01-17 03:54:00,2025-01-17 04:30:00,2025-01-17 05:47:00,2025-01-17 08:52:00,Y,driver cannot locate parking at hospital,45,13.56,0
ORD-26124,01/16/2025 12:37,02056,02131,SAME-DAY,Providence Health,D003,2025-01-16 13:06:00,2025-01-16 13:41:00,2025-01-16 14:59:00,2025-01-16 16:34:00,Y,"client called to confirm - specimen critical, needs STAT upgrade",45,35.32,0
ORD-26125,2025-03-15 07:32:00,02188,02140,SAME-DAY,Tufts Med Center,D018,2025-03-15 07:55:00,,2025-03-15 10:18:00,2025-03-15 11:18:00,Y,"pickup not ready, driver waiting 15+ min",39,19.7,0
ORD-26126,2025/03/05 06:17,01810,02043,Same-Day,BioReference Labs,D008,2025-03-05 06:26:00,2025-03-05 07:00:00,2025-03-05 08:51:00,2025-03-05 09:56:00,Y,,7,36.23,0
ORD-26127,2025/03/18 11:33,02118,02191,stat,Tufts Medical,D023,2025-03-18 12:08:00,2025-03-18 13:04:00,2025-03-18 13:47:00,2025-03-18 12:27:00,Y,"driver stuck in traffic on 93, running ~20 min late",21,28.53,0
ORD-26128,03/20/2025 01:58,02200,02151,stat,Emerson Hospital,D002,2025-03-20 02:12:00,2025-03-20 02:30:00,2025-03-20 03:54:00,2025-03-20 02:53:00,N,specimen temp excursion possible - driver reports cooler malfunction,21,32.89,0
ORD-26129,01/31/2025 18:39,02139,02152,rush,Boston Med Ctr,UNASSIGNED,2025-01-31 18:59:00,,2025-01-31 19:33:00,2025-01-31 20:23:00,Y,"elevator down at 15 Elm St, driver using stairs",22,11.71,0
ORD-26130,02/05/2025 09:49,02125,02043,STAT,St. Elizabeth's Medical,D040,2025-02-05 10:11:00,2025-02-05 11:01:00,2025-02-05 11:28:00,2025-02-05 10:27:00,Y,driver reports ice on roads in reading area,6,29.14,0
ORD-26131,2025/03/03 07:24,02189,02001,Rush,Brigham & Women's,D006,2025-03-03 07:58:00,2025-03-03 08:58:00,2025-03-03 09:51:00,2025-03-03 08:40:00,Y,"elevator down at 15 Elm St, driver using stairs",18,7.84,0
ORD-26132,03/11/2025 16:03,02054,02156,ROUTINE,Boston Medical Center,D014,2025-03-11 16:09:00,2025-03-11 16:19:00,2025-03-11 17:34:00,2025-03-11 22:00:00,Y,specimen temp excursion possible - driver reports cooler malfunction,14,5.57,0
ORD-26133,2025-02-13 15:15:00,02176,02176,Routine,NE Labs,D013,2025-02-13 15:44:00,,2025-02-13 17:55:00,2025-02-13 20:16:00,Y,"driver stuck in traffic on 93, running ~20 min late",8,12.65,0
ORD-26134,2025/02/13 20:36,01821,02187,stat,Childrens Hospital,D003,2025-02-13 21:20:00,2025-02-13 21:40:00,2025-02-13 22:52:00,2025-02-13 21:23:00,Y,delayed at security checkpoint - id verification required,7,20.33,0
ORD-26135,01/11/2025 13:31,01862,02104,routine,MGH,D018,2025-01-11 14:00:00,2025-01-11 14:17:00,2025-01-11 16:13:00,2025-01-11 17:13:00,Y,"wrong address on manifest, corrected enroute",35,19.74,0
ORD-26136,2025/02/10 08:03,01867,02132,Routine,Quest Diagnostics,D009,2025-02-10 08:17:00,,2025-02-10 09:37:00,2025-02-10 11:39:00,Y,traffic accident on route 1 delay,42,7.26,0
ORD-26137,03/28/2025 15:37,02152,02185,routine,Tufts Medical,D025,2025-03-28 16:19:00,2025-03-28 16:42:00,2025-03-28 16:59:00,2025-03-28 21:17:00,Y,recipient not available at delivery location,19,20.26,0
ORD-26138,2025/01/12 13:38,02150,02199,STAT,Lowell General,D023,2025-01-12 14:03:00,2025-01-12 14:47:00,2025-01-12 16:16:00,2025-01-12 14:12:00,N,delayed at security checkpoint - id verification required,12,35.66,0
ORD-26139,2025-01-13 07:27:00,02103,02067,ROUTINE,Cape Cod Hospital,D035,2025-01-13 07:56:00,2025-01-13 08:36:00,2025-01-13 09:23:00,2025-01-13 12:38:00,Y,package refused by receiving staff - no signature authority,18,37.97,0
ORD-26140,01/03/2025 11:17,02045,02104,ROUTINE,Mass General Hospital,D036,2025-01-03 11:25:00,2025-01-03 11:42:00,2025-01-03 13:09:00,2025-01-03 16:55:00,Y,package refused by receiving staff - no signature authority,10,5.96,0
ORD-26141,02-22-25 12:46 PM,02198,02072,SAME-DAY,Brigham and Womens,D041,2025-02-22 12:57:00,2025-02-22 13:57:00,2025-02-22 14:37:00,2025-02-22 15:55:00,Y,GPS routing error sent driver to wrong building,22,36.34,0
ORD-26142,2025-03-07 07:14:00,02121,02171,RUSH,Children's Hospital,D001,2025-03-07 07:27:00,2025-03-07 07:47:00,2025-03-07 08:10:00,2025-03-07 08:57:00,Y,package refused by receiving staff - no signature authority,5,15.52,0
ORD-26143,01/28/2025 15:00,01810,02198,ROUTINE,Mass General Hospital,D026,2025-01-28 15:32:00,,,2025-01-28 20:12:00,Y,dispatcher note: double-check temp on this one before logging,41,8.56,0
ORD-26144,,02188,02113,Rush,Cape Cod Hospital,D016,2025-01-17 10:11:00,2025-01-17 10:52:00,2025-01-17 12:34:00,2025-01-17 11:53:00,Y,"driver ran out of dry ice, needs resupply",41,29.29,0
ORD-26145,2025-03-22 04:00:00,02151,02150,RUSH,NE Labs,D036,2025-03-22 04:30:00,2025-03-22 04:56:00,,2025-03-22 05:01:00,Y,,42,27.42,0
ORD-26146,02/02/2025 10:56,02185,02135,Same-Day,NE Labs,D034,2025-02-02 11:04:00,2025-02-02 11:19:00,2025-02-02 12:14:00,2025-02-02 13:43:00,Y,"pickup not ready, driver waiting 15+ min",37,23.71,0
ORD-26147,02/10/2025 07:01,02045,02048,STAT,LabCorp,D016,2025-02-10 07:21:00,,2025-02-10 09:04:00,2025-02-10 08:01:00,Y,"client called to confirm - specimen critical, needs STAT upgrade",21,34.33,0
ORD-26148,2025-02-05 17:27:00,02149,02107,STAT,BioReference Labs,D002,2025-02-05 17:38:00,2025-02-05 18:37:00,2025-02-05 20:22:00,2025-02-05 18:13:00,N,package refused by receiving staff - no signature authority,19,24.48,0
ORD-26149,2025-01-02 07:57:00,01826,02195,RUSH,NE Labs,D021,2025-01-02 08:08:00,2025-01-02 08:32:00,2025-01-02 09:46:00,2025-01-02 09:09:00,Y,"driver vehicle breakdown, transfer to DD015 in progress",27,5.08,0
ORD-26150,02/08/2025 05:39,02163,02199,Same-Day,BioReference Labs,D007,2025-02-08 06:17:00,2025-02-08 07:10:00,,2025-02-08 08:01:00,Y,"pickup not ready, driver waiting 15+ min",27,14.11,0
ORD-26151,02/21/2025 06:02,02132,02126,stat,MGH,D002,2025-02-21 06:08:00,2025-02-21 06:26:00,2025-02-21 06:51:00,2025-02-21 06:46:00,N,"wrong address on manifest, corrected enroute",16,34.79,0
ORD-26152,03/23/2025 10:22,01821,02045,SAME-DAY,BioReference Labs,D001,2025-03-23 10:56:00,2025-03-23 11:33:00,2025-03-23 13:22:00,2025-03-23 14:06:00,Y,pickup completed but paperwork missing from package,21,28.8,0
ORD-26153,02/10/2025 13:57,02108,02176,same-day,Emerson Hospital,D002,2025-02-10 14:06:00,2025-02-10 14:21:00,,2025-02-10 17:00:00,Y,,45,36.8,0
ORD-26154,02/10/2025 11:09,02062,02199,Same-Day,NE Labs,D027,2025-02-10 11:46:00,2025-02-10 12:06:00,2025-02-10 12:42:00,2025-02-10 14:44:00,Y,,34,10.64,0
ORD-26155,2025-02-28 22:32:00,02105,02056,routine,LabCorp,D026,2025-02-28 22:44:00,2025-02-28 23:11:00,2025-02-28 23:42:00,2025-03-01 04:11:00,Y,,31,19.31,0
ORD-26156,2025-02-05 16:18:00,02185,02111,ROUTINE,Providence Health,D014,2025-02-05 16:44:00,2025-02-05 16:56:00,2025-02-05 17:12:00,2025-02-05 21:28:00,Y,delayed at security checkpoint - id verification required,35,37.11,0
ORD-26157,01/18/2025 08:55,02025,02144,STAT,Cape Cod Hospital,D025,2025-01-18 09:33:00,2025-01-18 09:50:00,2025-01-18 10:24:00,2025-01-18 09:45:00,Y,driver cannot locate parking at hospital,43,16.44,0
ORD-26158,02/16/2025 08:50,02103,02047,ROUTINE,Quest Diagnostics,D006,2025-02-16 09:00:00,2025-02-16 09:52:00,2025-02-16 10:19:00,2025-02-16 12:40:00,Y,"wrong address on manifest, corrected enroute",38,12.84,0
ORD-26159,03/28/2025 10:19,02142,02021,Routine,Tufts Med Center,D033,2025-03-28 10:33:00,2025-03-28 10:47:00,2025-03-28 12:34:00,2025-03-28 15:06:00,Y,redelivery needed: building locked,30,30.43,0
ORD-26160,02/15/2025 17:52,01832,02127,STAT,LabCorp,D018,2025-02-15 18:00:00,2025-02-15 18:56:00,2025-02-15 20:53:00,2025-02-15 18:25:00,Y,specimen temp excursion possible - driver reports cooler malfunction,24,36.36,0
ORD-26161,2025-02-25 00:15:00,01852,02059,Routine,Tufts Med Center,D004,2025-02-25 00:30:00,2025-02-25 00:43:00,2025-02-25 01:18:00,2025-02-25 05:47:00,Y,,42,35.07,0
ORD-26162,01/08/2025 05:51,02199,02102,stat,Tufts Medical,D016,2025-01-08 06:00:00,2025-01-08 06:54:00,2025-01-08 08:45:00,2025-01-08 06:47:00,Y,"wrong zip code on order, corrected",40,30.65,0
ORD-26163,2025-01-15 17:48:00,02197,02122,Routine,LabCorp,D040,2025-01-15 17:54:00,2025-01-15 18:36:00,2025-01-15 20:23:00,2025-01-15 22:00:00,Y,"wrong zip code on order, corrected",34,15.51,0
ORD-26164,02/17/2025 19:40,02025,02184,RUSH,Quest Diag,D008,2025-02-17 19:44:00,2025-02-17 20:04:00,2025-02-17 21:19:00,2025-02-17 21:33:00,Y,pickup completed but paperwork missing from package,5,30.61,0
ORD-26165,03/19/2025 15:45,01860,02176,STAT,Northeast Labs,D033,2025-03-19 15:55:00,2025-03-19 16:44:00,2025-03-19 18:38:00,2025-03-19 16:19:00,Y,"driver called in sick mid-route, reassigning trips",43,24.2,0
ORD-26166,02-20-25 08:31 AM,02122,02129,ROUTINE,Mass General Hospital,D027,2025-02-20 09:09:00,2025-02-20 09:19:00,2025-02-20 09:47:00,2025-02-20 11:34:00,Y,"elevator down at 15 Elm St, driver using stairs",40,16.29,0
ORD-26167,03-07-25 03:10 AM,02141,02142,stat,Boston Med Ctr,D026,2025-03-07 03:24:00,2025-03-07 03:41:00,,2025-03-07 03:52:00,Y,dispatcher note: double-check temp on this one before logging,29,32.87,0
ORD-26168,,02176,02184,ROUTINE,LabCorp,D040,2025-02-04 10:40:00,2025-02-04 11:26:00,2025-02-04 12:12:00,2025-02-04 15:03:00,Y,,14,6.34,0
ORD-26169,01/16/2025 16:57,01867,02163,STAT,Tufts Medical,D014,2025-01-16 17:12:00,2025-01-16 17:24:00,2025-01-16 18:25:00,2025-01-16 17:47:00,Y,driver cannot locate parking at hospital,15,11.6,0
ORD-26170,2025/03/31 06:34,02128,02120,RUSH,Quest Diagnostics,D015,2025-03-31 06:38:00,2025-03-31 07:07:00,2025-03-31 07:23:00,2025-03-31 08:12:00,Y,"wrong address on manifest, corrected enroute",5,12.16,0
ORD-26171,01/20/2025 06:58,02113,02060,RUSH,South Shore Hospital,D025,2025-01-20 07:19:00,2025-01-20 08:14:00,2025-01-20 09:20:00,2025-01-20 08:53:00,Y,,26,22.92,0
ORD-26172,2025/01/13 00:01,02191,02071,RUSH,Tufts Medical,D010,2025-01-13 00:35:00,2025-01-13 01:22:00,2025-01-13 02:41:00,2025-01-13 01:08:00,Y,specimen labeled incorrectly by client,40,29.44,0
ORD-26173,01/16/2025 07:49,02109,02191,RUSH,Boston Medical Center,D038,2025-01-16 08:15:00,2025-01-16 09:01:00,2025-01-16 10:53:00,2025-01-16 09:12:00,Y,redelivery needed: building locked,45,26.99,0
ORD-26174,03-19-25 11:14 AM,01810,02122,RUSH,Quest Diagnostics,D024,2025-03-19 11:34:00,2025-03-19 12:33:00,2025-03-19 13:42:00,2025-03-19 12:36:00,N,recipient not available at delivery location,6,6.55,0
ORD-26175,01/17/2025 09:51,02139,02189,ROUTINE,Emerson Hospital,D031,2025-01-17 10:36:00,2025-01-17 10:49:00,2025-01-17 12:36:00,2025-01-17 14:09:00,Y,specimen container damaged on pickup,6,34.27,0
ORD-26176,02/08/2025 16:53,02187,02148,ROUTINE,Lowell General,D004,2025-02-08 17:06:00,2025-02-08 17:27:00,2025-02-08 18:54:00,2025-02-08 21:33:00,Y,redelivery needed: building locked,14,10.73,0
ORD-26177,2025-03-09 16:02:00,02106,02136,STAT,Childrens Hospital,D025,2025-03-09 16:18:00,2025-03-09 16:58:00,2025-03-09 17:31:00,2025-03-09 16:54:00,N,"pickup not ready, driver waiting 15+ min",18,36.89,0
ORD-26178,2025-02-24 14:22:00,02026,02195,Rush,Tufts Med Center,D039,2025-02-24 14:28:00,2025-02-24 15:20:00,2025-02-24 16:27:00,2025-02-24 15:55:00,Y,specimen container damaged on pickup,30,12.33,0
ORD-26179,2025-01-09 14:49:00,02035,02138,STAT,Northeast Labs,D039,2025-01-09 15:01:00,2025-01-09 15:23:00,2025-01-09 16:38:00,2025-01-09 15:49:00,Y,"client called to confirm - specimen critical, needs STAT upgrade",33,13.12,0
ORD-26180,01-03-25 09:43 AM,02059,02171,rush,Cape Cod Hospital,D039,2025-01-03 10:15:00,2025-01-03 11:10:00,2025-01-03 12:28:00,2025-01-03 11:10:00,Y,delayed at security checkpoint - id verification required,6,30.67,0
ORD-26181,2025-02-04 07:11:00,02189,02170,Routine,Boston Med Ctr,D014,2025-02-04 07:25:00,2025-02-04 08:20:00,2025-02-04 08:42:00,2025-02-04 10:48:00,Y,recipient not available at delivery location,9,32.31,0
ORD-26182,2025-03-26 18:27:00,02115,02115,Rush,Northeast Laboratory,D011,2025-03-26 19:09:00,,2025-03-26 21:06:00,2025-03-26 20:02:00,Y,"driver ran out of dry ice, needs resupply",209,35.99,0
ORD-26183,02/25/2025 20:00,02188,02126,stat,Brigham & Women's,D037,2025-02-25 20:38:00,2025-02-25 20:54:00,2025-02-25 21:10:00,2025-02-25 20:35:00,Y,driver cannot locate parking at hospital,36,6.53,0
ORD-26184,2025-03-12 02:04:00,02192,02071,STAT,Brigham and Womens,D006,2025-03-12 02:32:00,2025-03-12 03:10:00,,2025-03-12 02:44:00,Y,specimen temp excursion possible - driver reports cooler malfunction,23,11.49,0
ORD-26185,02/23/2025 16:11,02048,02156,ROUTINE,Boston Medical Center,D029,2025-02-23 16:24:00,2025-02-23 16:51:00,2025-02-23 18:18:00,2025-02-23 20:12:00,Y,"driver stuck in traffic on 93, running ~20 min late",39,23.35,0
ORD-26186,02/21/2025 15:20,01879,02151,ROUTINE,St. Elizabeth's Medical,D036,2025-02-21 15:43:00,2025-02-21 16:37:00,2025-02-21 17:05:00,2025-02-21 19:17:00,N,"elevator down at 15 Elm St, driver using stairs",15,21.02,0
ORD-26187,01/13/2025 07:36,02101,02132,RUSH,Northeast Laboratory,D037,2025-01-13 08:06:00,2025-01-13 08:24:00,2025-01-13 08:46:00,2025-01-13 09:04:00,Y,"pickup not ready, driver waiting 15+ min",15,10.07,0
ORD-26188,2025-03-25 09:13:00,02045,02032,Routine,Providence Health,D029,2025-03-25 09:16:00,2025-03-25 10:00:00,2025-03-25 11:19:00,2025-03-25 14:00:00,Y,called client re specimen integrity - awaiting callback,31,5.23,0
ORD-26189,01-07-25 12:42 PM,01854,02200,Same-Day,Brigham & Women's,D011,2025-01-07 12:56:00,2025-01-07 13:10:00,2025-01-07 15:03:00,2025-01-07 16:42:00,Y,,20,13.86,0
ORD-26190,2025-03-12 12:02:00,01886,02124,RUSH,Brigham and Womens,D012,2025-03-12 12:05:00,2025-03-12 12:30:00,,2025-03-12 13:53:00,Y,"wrong zip code on order, corrected",26,37.11,0
ORD-26191,01/16/2025 13:46,02061,02141,RUSH,South Shore Hospital,D003,2025-01-16 14:03:00,2025-01-16 14:50:00,2025-01-16 15:56:00,2025-01-16 15:21:00,Y,,18,29.79,0
ORD-26192,02/02/2025 07:10,02038,02169,SAME-DAY,Providence Health,D001,2025-02-02 07:47:00,2025-02-02 08:19:00,2025-02-02 08:37:00,2025-02-02 10:32:00,Y,package refused by receiving staff - no signature authority,22,7.53,0
ORD-26193,03/17/2025 04:49,02131,02169,RUSH,St. Elizabeth's Medical,D009,2025-03-17 04:55:00,2025-03-17 05:14:00,2025-03-17 05:44:00,2025-03-17 06:01:00,N,driver reports ice on roads in reading area,24,13.81,1
ORD-26194,01-03-25 10:38 AM,02047,02043,STAT,Brigham and Womens,D022,2025-01-03 11:20:00,2025-01-03 11:36:00,2025-01-03 13:32:00,2025-01-03 11:22:00,N,specimen labeled incorrectly by client,11,12.28,0
ORD-26195,2025-02-25 17:17:00,01876,02048,SAME-DAY,Emerson Hospital,D017,2025-02-25 17:44:00,2025-02-25 18:03:00,2025-02-25 18:31:00,2025-02-25 20:11:00,N,,412,24.37,0
ORD-26196,2025/03/11 18:20,02047,02108,stat,South Shore Hospital,D023,2025-03-11 18:37:00,,2025-03-11 20:06:00,2025-03-11 18:56:00,Y,package refused by receiving staff - no signature authority,11,8.02,0
ORD-26197,2025-02-01 13:03:00,02108,02190,SAME-DAY,Childrens Hospital,D017,2025-02-01 13:35:00,2025-02-01 13:53:00,2025-02-01 15:25:00,2025-02-01 16:53:00,N,"wrong address on manifest, corrected enroute",37,28.22,0
ORD-26198,2025-03-29 09:59:00,01860,02021,stat,Northeast Labs,D035,2025-03-29 10:32:00,2025-03-29 10:44:00,2025-03-29 12:02:00,2025-03-29 10:55:00,Y,traffic accident on route 1 delay,20,24.23,0
ORD-26199,2025-03-14 10:06:00,02134,02108,STAT,Childrens Hospital,D019,2025-03-14 10:36:00,2025-03-14 10:49:00,2025-03-14 11:39:00,2025-03-14 10:52:00,Y,called client re specimen integrity - awaiting callback,38,32.29,0
ORD-26200,03/12/2025 07:49,02107,02056,Routine,Boston Med Ctr,D012,2025-03-12 07:53:00,2025-03-12 08:35:00,2025-03-12 10:24:00,2025-03-12 13:37:00,Y,"driver vehicle breakdown, transfer to DD024 in progress",24,33.39,0
ORD-26201,2025-03-24 17:47:00,02170,02019,Rush,BioReference Labs,D012,2025-03-24 18:12:00,,2025-03-24 19:26:00,2025-03-24 19:33:00,Y,,45,29.86,0
ORD-26202,2025-02-09 10:35:00,02130,02071,Stat,Brigham & Women's,D006,2025-02-09 10:48:00,2025-02-09 11:08:00,2025-02-09 13:04:00,2025-02-09 11:14:00,Y,"driver vehicle breakdown, transfer to DD039 in progress",5,24.78,0
ORD-26203,2025/03/26 10:10,02108,02106,STAT,Labcorp Inc,UNASSIGNED,2025-03-26 10:34:00,2025-03-26 10:47:00,2025-03-26 12:47:00,2025-03-26 10:46:00,N,"client changed pickup time, driver redirected",23,5.13,0
ORD-26204,01/11/2025 04:48,02030,02135,RUSH,Brigham and Womens,D012,2025-01-11 04:59:00,2025-01-11 05:28:00,2025-01-11 06:03:00,2025-01-11 06:48:00,Y,redelivery needed: building locked,5,18.57,0
ORD-26205,2025-01-04 19:09:00,02140,02105,RUSH,MGH,D027,2025-01-04 19:15:00,2025-01-04 19:52:00,2025-01-04 21:07:00,2025-01-04 20:22:00,Y,"elevator down at 15 Elm St, driver using stairs",413,15.41,0
ORD-26206,2025-03-02 07:17:00,02108,02177,ROUTINE,Mass General Hospital,D014,2025-03-02 07:32:00,,2025-03-02 10:03:00,2025-03-02 12:55:00,Y,"elevator down at 15 Elm St, driver using stairs",10,14.54,0
ORD-26207,01/27/2025 14:24,02194,02141,STAT,Cape Cod Hospital,D012,2025-01-27 14:56:00,2025-01-27 15:48:00,2025-01-27 17:03:00,2025-01-27 15:09:00,Y,,7,27.7,0
ORD-26208,2025-02-03 13:11:00,01832,02140,SAME-DAY,NE Labs,D022,2025-02-03 13:20:00,2025-02-03 14:05:00,2025-02-03 15:25:00,2025-02-03 16:57:00,Y,"client called to confirm - specimen critical, needs STAT upgrade",44,10.28,0
ORD-26209,04/01/2025 07:56,02126,02132,rush,MGH,D005,2025-04-01 08:30:00,2025-04-01 08:54:00,2025-04-01 09:30:00,2025-04-01 09:17:00,Y,specimen container damaged on pickup,29,19.53,0
ORD-26210,01/03/2025 07:55,02122,02155,Routine,Labcorp Inc,D009,2025-01-03 08:24:00,,2025-01-03 10:36:00,2025-01-03 11:39:00,Y,GPS routing error sent driver to wrong building,22,4.9,0
ORD-26211,2025-01-02 12:14:00,02061,02035,SAME-DAY,Tufts Medical,D018,2025-01-02 12:28:00,2025-01-02 13:03:00,2025-01-02 13:29:00,2025-01-02 15:53:00,Y,"driver stuck in traffic on 93, running ~20 min late",7,11.88,0
ORD-26212,2025-03-11 05:43:00,02054,02190,routine,Emerson Hospital,D007,2025-03-11 06:04:00,2025-03-11 06:43:00,2025-03-11 07:26:00,2025-03-11 09:50:00,Y,driver reports ice on roads in reading area,8,17.07,0
ORD-26213,03-12-25 03:53 PM,02188,02151,SAME-DAY,MGH,D030,2025-03-12 16:04:00,2025-03-12 16:38:00,2025-03-12 18:19:00,2025-03-12 19:51:00,Y,,9,14.45,0
ORD-26214,2025/03/31 05:23,02153,02026,ROUTINE,Northeast Laboratory,D031,2025-03-31 05:36:00,,2025-03-31 07:21:00,2025-03-31 09:48:00,N,driver reports ice on roads in reading area,40,14.22,0
ORD-26215,02/23/2025 15:27,02194,02105,stat,Mass General Hospital,D028,2025-02-23 16:07:00,2025-02-23 16:32:00,2025-02-23 17:52:00,2025-02-23 16:17:00,Y,traffic accident on route 1 delay,6,20.28,0
ORD-26216,01/17/2025 12:08,02001,02176,Rush,Tufts Medical,D018,2025-01-17 12:16:00,2025-01-17 12:27:00,2025-01-17 14:00:00,2025-01-17 13:49:00,Y,"pickup not ready, driver waiting 15+ min",18,15.54,0
ORD-26217,2025-03-19 16:02:00,02155,02130,ROUTINE,Brigham and Womens,D011,2025-03-19 16:37:00,2025-03-19 17:26:00,2025-03-19 19:09:00,2025-03-19 21:05:00,Y,"driver stuck in traffic on 93, running ~20 min late",25,25.86,0
ORD-26218,01/04/2025 17:40,01864,02120,routine,South Shore Hospital,D017,2025-01-04 18:24:00,2025-01-04 19:01:00,2025-01-04 20:27:00,2025-01-04 22:59:00,Y,"driver called in sick mid-route, reassigning trips",320,11.4,0
ORD-26219,01-09-25 03:25 PM,02128,02050,SAME-DAY,Northeast Labs,D038,2025-01-09 16:05:00,2025-01-09 17:04:00,2025-01-09 17:41:00,2025-01-09 17:35:00,Y,delayed at security checkpoint - id verification required,39,20.93,0
ORD-26220,03/14/2025 07:44,02192,02072,stat,Mass General Hospital,D030,2025-03-14 07:47:00,2025-03-14 08:24:00,2025-03-14 09:47:00,2025-03-14 08:22:00,N,delayed at security checkpoint - id verification required,23,11.41,0
ORD-26221,03/11/2025 14:42,02192,02113,ROUTINE,Mass General Hospital,D020,2025-03-11 15:25:00,,2025-03-11 17:50:00,2025-03-11 20:06:00,Y,GPS routing error sent driver to wrong building,314,24.56,0
ORD-26222,2025-01-10 13:52:00,02019,02101,RUSH,St. Elizabeth's Medical,D018,2025-01-10 14:09:00,2025-01-10 14:51:00,2025-01-10 16:17:00,2025-01-10 15:42:00,Y,specimen temp excursion possible - driver reports cooler malfunction,14,27.74,0
ORD-26223,01/11/2025 11:34,02113,02192,SAME-DAY,Northeast Labs,D025,2025-01-11 12:18:00,2025-01-11 13:10:00,2025-01-11 13:59:00,2025-01-11 15:27:00,Y,delayed at security checkpoint - id verification required,8,26.29,0
ORD-26224,2025/02/03 17:37,02140,02121,SAME-DAY,Emerson Hospital,D022,2025-02-03 17:40:00,2025-02-03 18:18:00,2025-02-03 18:58:00,2025-02-03 19:43:00,Y,package refused by receiving staff - no signature authority,31,5.92,0
ORD-26225,2025-01-08 08:32:00,01826,02194,ROUTINE,NE Labs,D026,2025-01-08 08:44:00,2025-01-08 09:04:00,2025-01-08 10:26:00,2025-01-08 12:16:00,Y,dispatcher note: double-check temp on this one before logging,23,32.72,0
ORD-26226,02-12-25 03:01 PM,01810,02186,STAT,Tufts Med Center,D022,2025-02-12 15:40:00,2025-02-12 16:31:00,2025-02-12 17:09:00,2025-02-12 15:33:00,N,"driver ran out of dry ice, needs resupply",5,24.34,1
ORD-26227,2025/03/19 17:24,01880,02188,Rush,Boston Med Ctr,UNASSIGNED,2025-03-19 17:29:00,2025-03-19 17:47:00,2025-03-19 19:09:00,2025-03-19 18:31:00,Y,"wrong zip code on order, corrected",16,18.61,0
ORD-26228,03/29/2025 18:16,02026,02148,routine,Labcorp Inc,D012,2025-03-29 19:00:00,2025-03-29 19:31:00,2025-03-29 20:18:00,2025-03-29 23:20:00,Y,"wrong address on manifest, corrected enroute",271,31.65,0
ORD-26229,03-27-25 07:10 AM,02071,02131,Rush,Northeast Labs,D010,2025-03-27 07:27:00,2025-03-27 08:00:00,2025-03-27 09:13:00,2025-03-27 09:08:00,Y,driver reports ice on roads in reading area,30,35.55,0
ORD-26230,2025-01-09 08:24:00,02109,02101,STAT,Quest Diagnostics,D021,2025-01-09 08:35:00,2025-01-09 09:29:00,2025-01-09 11:21:00,2025-01-09 09:01:00,Y,GPS routing error sent driver to wrong building,21,7.15,0
ORD-26231,2025-03-11 16:50:00,02199,02140,ROUTINE,Mass General Hospital,D018,2025-03-11 17:25:00,,2025-03-11 19:08:00,2025-03-11 22:15:00,Y,"client changed pickup time, driver redirected",20,13.76,0
ORD-26232,2025/02/22 10:12,02032,02177,STAT,Labcorp Inc,D039,2025-02-22 10:54:00,2025-02-22 11:30:00,,2025-02-22 10:53:00,Y,delayed at security checkpoint - id verification required,36,33.15,0
ORD-26233,03-28-25 06:08 PM,02200,02136,stat,Tufts Med Center,D011,2025-03-28 18:37:00,2025-03-28 19:26:00,2025-03-28 20:53:00,2025-03-28 18:50:00,N,driver reports ice on roads in reading area,41,10.43,0
ORD-26234,2025/02/19 13:37,02200,02025,ROUTINE,Boston Med Ctr,D039,2025-02-19 14:15:00,2025-02-19 14:38:00,2025-02-19 15:24:00,2025-02-19 18:39:00,Y,redelivery needed: building locked,40,28.29,0
ORD-26235,2025/02/28 13:23,02107,02102,RUSH,Mass General Hospital,D012,2025-02-28 13:29:00,2025-02-28 13:55:00,2025-02-28 15:16:00,2025-02-28 14:29:00,Y,"client called to confirm - specimen critical, needs STAT upgrade",38,37.2,0
ORD-26236,2025-03-19 05:08:00,01821,02101,SAME-DAY,Quest Diagnostics,D030,2025-03-19 05:36:00,2025-03-19 06:25:00,2025-03-19 06:58:00,2025-03-19 08:49:00,Y,"wrong zip code on order, corrected",19,33.67,0
ORD-26237,03/15/2025 05:19,02025,02194,routine,Tufts Medical,D041,2025-03-15 05:56:00,,2025-03-15 07:29:00,2025-03-15 10:10:00,Y,,29,29.37,0
ORD-26238,03/28/2025 19:08,01803,02149,ROUTINE,South Shore Hospital,D004,2025-03-28 19:44:00,2025-03-28 20:08:00,2025-03-28 20:46:00,2025-03-29 00:33:00,Y,GPS routing error sent driver to wrong building,32,31.31,0
ORD-26239,2025/03/22 19:35,02103,02119,SAME-DAY,Providence Health,D035,2025-03-22 19:40:00,2025-03-22 20:13:00,2025-03-22 21:51:00,2025-03-22 21:35:00,N,"driver called in sick mid-route, reassigning trips",28,35.83,0
ORD-26240,2025-02-23 10:59:00,02128,02149,same-day,Boston Med Ctr,D019,2025-02-23 11:02:00,2025-02-23 11:27:00,2025-02-23 12:21:00,2025-02-23 13:31:00,N,"driver vehicle breakdown, transfer to DD021 in progress",19,26.5,0
ORD-26241,03/22/2025 09:25,01840,02191,ROUTINE,Brigham and Womens,D005,2025-03-22 09:59:00,2025-03-22 10:12:00,2025-03-22 11:11:00,2025-03-22 14:52:00,Y,"driver vehicle breakdown, transfer to DD003 in progress",14,32.42,0
ORD-26242,2025-03-17 13:04:00,02120,02189,stat,Childrens Hospital,D020,2025-03-17 13:18:00,2025-03-17 13:46:00,2025-03-17 15:44:00,2025-03-17 14:01:00,Y,"driver ran out of dry ice, needs resupply",258,21.03,0
ORD-26243,2025-01-05 10:34:00,01863,02132,RUSH,NE Labs,D001,2025-01-05 11:07:00,,2025-01-05 12:44:00,2025-01-05 11:38:00,Y,"wrong zip code on order, corrected",7,27.55,0
ORD-26244,02/16/2025 06:44,02140,02125,SAME-DAY,Providence Health,D018,2025-02-16 07:09:00,2025-02-16 07:31:00,,2025-02-16 10:28:00,N,,27,16.03,0
ORD-26245,01/12/2025 15:51,02193,02185,Stat,South Shore Hospital,D026,2025-01-12 16:36:00,2025-01-12 17:01:00,2025-01-12 18:02:00,2025-01-12 16:33:00,N,"client changed pickup time, driver redirected",265,4.88,0
ORD-26246,2025/01/03 14:20,01862,02197,RUSH,Northeast Labs,D016,2025-01-03 15:01:00,2025-01-03 15:56:00,2025-01-03 17:51:00,2025-01-03 16:11:00,Y,"driver called in sick mid-route, reassigning trips",18,17.69,0
ORD-26247,01-22-25 03:47 PM,02035,02193,RUSH,BioReference Labs,D018,2025-01-22 16:30:00,,2025-01-22 19:10:00,2025-01-22 17:21:00,N,redelivery needed: building locked,25,27.88,1
ORD-26248,02-19-25 08:27 AM,02025,02130,Routine,Quest Diag,D009,2025-02-19 08:42:00,2025-02-19 09:04:00,2025-02-19 09:26:00,2025-02-19 12:34:00,Y,specimen container damaged on pickup,37,30.03,0
ORD-26249,02-26-25 11:32 AM,02132,02199,ROUTINE,Northeast Laboratory,D003,2025-02-26 11:42:00,2025-02-26 12:36:00,2025-02-26 14:07:00,2025-02-26 17:29:00,Y,lab closed early today per client,19,11.19,0
ORD-26250,01/20/2025 16:24,02060,02196,RUSH,Quest Diag,D022,2025-01-20 16:37:00,2025-01-20 17:12:00,2025-01-20 19:09:00,2025-01-20 17:31:00,Y,redelivery needed: building locked,7,19.74,0
ORD-26251,03/30/2025 14:10,02056,02132,ROUTINE,Tufts Medical,D031,2025-03-30 14:43:00,2025-03-30 15:16:00,2025-03-30 16:05:00,2025-03-30 20:08:00,Y,specimen temp excursion possible - driver reports cooler malfunction,39,27.24,0
ORD-26252,01/19/2025 18:57,02108,02067,STAT,Labcorp Inc,D040,2025-01-19 19:36:00,2025-01-19 20:32:00,2025-01-19 21:30:00,2025-01-19 19:55:00,Y,,29,8.93,0
ORD-26253,02-23-25 07:20 AM,02128,02156,SAME-DAY,LabCorp,D001,2025-02-23 07:31:00,,2025-02-23 09:55:00,2025-02-23 09:22:00,N,"client changed pickup time, driver redirected",40,4.7,0
ORD-26254,2025/03/09 10:21,01840,02169,Stat,Labcorp Inc,D028,2025-03-09 10:24:00,2025-03-09 10:36:00,2025-03-09 11:38:00,2025-03-09 11:11:00,N,"wrong zip code on order, corrected",32,4.77,0
ORD-26255,2025-01-17 01:13:00,02130,02118,same-day,Northeast Laboratory,D016,2025-01-17 01:56:00,2025-01-17 02:15:00,,2025-01-17 03:46:00,Y,"elevator down at 15 Elm St, driver using stairs",17,19.91,0
ORD-26256,2025-02-18 12:44:00,02032,02116,ROUTINE,Brigham & Women's,D003,2025-02-18 12:50:00,2025-02-18 13:45:00,,2025-02-18 17:42:00,Y,,36,26.66,0
ORD-26257,2025-02-03 16:40:00,01864,02106,RUSH,Cape Cod Hospital,D039,2025-02-03 17:01:00,2025-02-03 17:29:00,2025-02-03 19:12:00,2025-02-03 17:45:00,N,"driver stuck in traffic on 93, running ~20 min late",45,28.57,0
ORD-26258,02/15/2025 13:33,02192,02141,Routine,Labcorp Inc,D011,2025-02-15 13:46:00,2025-02-15 14:46:00,2025-02-15 16:17:00,2025-02-15 18:39:00,Y,specimen temp excursion possible - driver reports cooler malfunction,25,17.23,0
ORD-26259,02/01/2025 21:26,02105,02120,RUSH,Children's Hospital,UNASSIGNED,2025-02-01 21:29:00,2025-02-01 22:07:00,2025-02-01 22:59:00,2025-02-01 22:52:00,Y,redelivery needed: building locked,6,16.34,0
ORD-26260,,02071,02129,ROUTINE,NE Labs,D041,2025-01-10 09:31:00,2025-01-10 10:12:00,2025-01-10 11:21:00,2025-01-10 12:36:00,Y,driver reports ice on roads in reading area,41,8.82,0
ORD-26261,02/03/2025 09:13,02059,02144,rush,MGH,D025,2025-02-03 09:32:00,2025-02-03 10:29:00,2025-02-03 12:17:00,2025-02-03 11:04:00,Y,,34,15.2,0
ORD-26262,03-01-25 06:59 AM,02156,02043,SAME-DAY,Emerson Hospital,D026,2025-03-01 07:29:00,2025-03-01 07:58:00,2025-03-01 09:48:00,2025-03-01 09:26:00,Y,redelivery needed: building locked,12,11.03,0
ORD-26263,02/12/2025 14:31,02141,02199,rush,BioReference Labs,D024,2025-02-12 15:03:00,2025-02-12 16:02:00,2025-02-12 16:23:00,2025-02-12 16:18:00,Y,,35,7.47,0
ORD-26264,2025/02/04 08:00,01852,02200,stat,Northeast Labs,D028,2025-02-04 08:34:00,2025-02-04 08:57:00,2025-02-04 09:42:00,2025-02-04 08:52:00,Y,"elevator down at 15 Elm St, driver using stairs",35,27.37,0
ORD-26265,2025-01-28 12:55:00,02045,02106,stat,BioReference Labs,D021,2025-01-28 13:13:00,2025-01-28 13:33:00,2025-01-28 15:25:00,2025-01-28 13:53:00,Y,redelivery needed: building locked,44,26.37,0
ORD-26266,2025/02/04 07:30,02134,02056,STAT,Cape Cod Hospital,D022,2025-02-04 08:14:00,2025-02-04 08:26:00,2025-02-04 08:59:00,2025-02-04 08:00:00,Y,driver cannot locate parking at hospital,5,25.16,0
ORD-26267,2025-01-31 15:11:00,02052,02120,stat,Quest Diagnostics,D005,2025-01-31 15:52:00,2025-01-31 16:35:00,2025-01-31 18:05:00,2025-01-31 16:06:00,Y,"pickup not ready, driver waiting 15+ min",25,15.5,0
ORD-26268,2025/02/05 14:08,01841,02184,RUSH,Providence Health,D040,2025-02-05 14:15:00,2025-02-05 15:00:00,2025-02-05 15:40:00,2025-02-05 15:08:00,Y,redelivery needed: building locked,23,11.65,0
ORD-26269,2025-01-21 07:48:00,02135,02060,Routine,Boston Med Ctr,D030,2025-01-21 08:20:00,2025-01-21 08:43:00,2025-01-21 09:25:00,2025-01-21 12:57:00,Y,specimen temp excursion possible - driver reports cooler malfunction,30,14.51,0
ORD-26270,2025-03-04 03:51:00,02025,02199,RUSH,Mass General Hospital,D003,2025-03-04 04:15:00,2025-03-04 04:45:00,2025-03-04 06:18:00,2025-03-04 05:10:00,N,lab closed early today per client,10,5.76,0
ORD-26271,2025/02/09 14:08,02047,02103,ROUTINE,Children's Hospital,D024,2025-02-09 14:43:00,2025-02-09 15:20:00,2025-02-09 15:56:00,2025-02-09 19:33:00,Y,,32,4.96,0
ORD-26272,01/07/2025 08:25,02119,02047,same-day,Emerson Hospital,D026,2025-01-07 08:44:00,,2025-01-07 10:47:00,2025-01-07 10:59:00,Y,"client changed pickup time, driver redirected",42,22.01,0
ORD-26273,01-29-25 09:44 PM,02142,02190,Routine,BioReference Labs,D039,2025-01-29 21:51:00,2025-01-29 22:39:00,2025-01-29 23:26:00,2025-01-30 00:52:00,Y,"client called to confirm - specimen critical, needs STAT upgrade",25,4.98,0
ORD-26274,02-07-25 01:51 PM,01867,02176,Routine,Children's Hospital,D009,2025-02-07 14:02:00,2025-02-07 14:26:00,2025-02-07 16:16:00,2025-02-07 18:28:00,N,recipient not available at delivery location,15,24.12,0
ORD-26275,03-11-25 04:04 PM,02195,02115,RUSH,Quest Diagnostics,D022,2025-03-11 16:21:00,,,2025-03-11 17:47:00,Y,pickup completed but paperwork missing from package,15,10.97,0
ORD-26276,2025/03/18 21:45,02199,02191,RUSH,Emerson Hospital,D026,2025-03-18 22:17:00,2025-03-18 22:59:00,,2025-03-18 23:17:00,Y,specimen container damaged on pickup,14,8.81,0
ORD-26277,2025-02-28 11:34:00,01841,02149,ROUTINE,Quest Diagnostics,D034,2025-02-28 11:40:00,,2025-02-28 13:38:00,2025-02-28 17:32:00,Y,delayed at security checkpoint - id verification required,28,20.16,0
ORD-26278,2025/03/16 13:55,02102,02104,Routine,Quest Diag,D029,2025-03-16 14:37:00,2025-03-16 15:23:00,2025-03-16 16:12:00,2025-03-16 19:48:00,Y,"driver stuck in traffic on 93, running ~20 min late",44,19.4,0
ORD-26279,01/27/2025 10:07,02124,02108,ROUTINE,Boston Med Ctr,D025,2025-01-27 10:35:00,,2025-01-27 11:16:00,2025-01-27 14:28:00,Y,"driver called in sick mid-route, reassigning trips",37,13.81,0
ORD-26280,2025/03/06 13:33,02059,02148,Routine,LabCorp,D023,2025-03-06 13:42:00,2025-03-06 14:08:00,2025-03-06 14:45:00,2025-03-06 16:34:00,N,specimen container damaged on pickup,33,30.86,0
ORD-26281,03-10-25 05:18 PM,02066,02110,Rush,LabCorp,D007,2025-03-10 17:30:00,2025-03-10 17:56:00,2025-03-10 18:33:00,2025-03-10 19:07:00,Y,"client called to confirm - specimen critical, needs STAT upgrade",35,4.67,0
ORD-26282,2025/01/27 07:26,02106,02103,ROUTINE,Mass General Hospital,D031,2025-01-27 07:31:00,2025-01-27 07:45:00,2025-01-27 09:33:00,2025-01-27 12:10:00,Y,,44,35.88,0
ORD-26283,2025-01-21 18:32:00,01841,02126,STAT,South Shore Hospital,D004,2025-01-21 19:09:00,2025-01-21 20:06:00,,2025-01-21 19:21:00,Y,driver cannot locate parking at hospital,9,26.88,0
ORD-26284,2025-01-03 12:27:00,02184,02026,ROUTINE,Tufts Medical,D037,2025-01-03 13:01:00,2025-01-03 13:28:00,2025-01-03 14:00:00,2025-01-03 16:35:00,N,called client re specimen integrity - awaiting callback,29,22.14,0
ORD-26285,01-07-25 11:22 AM,02072,02067,ROUTINE,Quest Diagnostics,D001,2025-01-07 12:01:00,2025-01-07 12:42:00,2025-01-07 13:38:00,2025-01-07 16:48:00,Y,"driver stuck in traffic on 93, running ~20 min late",26,25.54,0
ORD-26286,2025/03/13 04:42,01801,02125,Routine,MGH,D003,2025-03-13 04:59:00,2025-03-13 05:31:00,2025-03-13 05:57:00,2025-03-13 08:17:00,Y,driver cannot locate parking at hospital,44,5.09,0
ORD-26287,01/26/2025 17:09,01852,02200,Routine,Lowell General,D019,2025-01-26 17:46:00,2025-01-26 18:25:00,2025-01-26 19:35:00,2025-01-26 20:38:00,Y,"wrong address on manifest, corrected enroute",37,29.22,0
ORD-26288,03/30/2025 11:10,02118,02194,Routine,Boston Med Ctr,D021,2025-03-30 11:54:00,2025-03-30 12:29:00,2025-03-30 13:50:00,2025-03-30 15:20:00,N,GPS routing error sent driver to wrong building,15,30.18,1
ORD-26289,2025-02-25 03:41:00,02125,02156,Routine,MGH,D027,2025-02-25 04:14:00,2025-02-25 04:57:00,2025-02-25 05:49:00,2025-02-25 08:34:00,Y,"driver stuck in traffic on 93, running ~20 min late",29,32.75,0
ORD-26290,2025/01/29 13:41,01851,02155,STAT,Tufts Med Center,D006,2025-01-29 14:13:00,2025-01-29 14:55:00,2025-01-29 16:19:00,2025-01-29 14:39:00,Y,called client re specimen integrity - awaiting callback,26,18.38,0
ORD-26291,2025/03/13 12:01,02197,02122,Stat,Childrens Hospital,D015,2025-03-13 12:45:00,2025-03-13 13:02:00,2025-03-13 14:17:00,2025-03-13 12:49:00,N,package refused by receiving staff - no signature authority,15,27.26,0
ORD-26292,01-06-25 02:50 PM,02106,02145,routine,South Shore Hospital,D041,2025-01-06 15:21:00,2025-01-06 16:13:00,2025-01-06 16:35:00,2025-01-06 19:49:00,Y,delayed at security checkpoint - id verification required,25,6.87,0
ORD-26293,02/27/2025 10:20,02130,02195,STAT,BioReference Labs,D003,2025-02-27 10:51:00,2025-02-27 11:14:00,,2025-02-27 11:08:00,N,"client changed pickup time, driver redirected",43,23.96,0
ORD-26294,2025-03-20 15:40:00,02103,02198,stat,MGH,D029,2025-03-20 16:09:00,,2025-03-20 17:33:00,2025-03-20 16:10:00,Y,redelivery needed: building locked,10,24.39,0
ORD-26295,2025/03/30 06:07,02170,02048,ROUTINE,Emerson Hospital,D006,2025-03-30 06:45:00,,2025-03-30 09:27:00,2025-03-30 11:52:00,Y,specimen container damaged on pickup,29,30.77,0
ORD-26296,2025/01/14 11:08,01821,02045,routine,Northeast Labs,D025,2025-01-14 11:49:00,,2025-01-14 12:25:00,2025-01-14 15:04:00,Y,package refused by receiving staff - no signature authority,42,17.49,0
ORD-26297,03/20/2025 18:14,02148,02193,ROUTINE,Children's Hospital,D039,2025-03-20 18:46:00,2025-03-20 19:11:00,,2025-03-20 23:19:00,Y,specimen container damaged on pickup,44,21.87,0
ORD-26298,01/30/2025 23:12,02144,02185,STAT,Tufts Medical,D007,2025-01-30 23:25:00,2025-01-31 00:17:00,2025-01-31 02:15:00,2025-01-30 23:52:00,Y,"wrong zip code on order, corrected",7,30.22,0
ORD-26299,2025-02-27 14:02:00,02138,02113,ROUTINE,St. Elizabeth's Medical,D015,2025-02-27 14:38:00,2025-02-27 15:33:00,2025-02-27 16:23:00,2025-02-27 18:21:00,Y,specimen container damaged on pickup,39,37.06,0
ORD-26300,2025-02-10 05:56:00,01840,02045,SAME-DAY,Boston Medical Center,D015,2025-02-10 06:40:00,2025-02-10 07:10:00,2025-02-10 09:06:00,2025-02-10 09:04:00,Y,recipient not available at delivery location,25,17.68,0
ORD-26301,03/11/2025 13:47,02136,02184,SAME-DAY,Childrens Hospital,D035,2025-03-11 13:53:00,2025-03-11 14:17:00,2025-03-11 14:50:00,2025-03-11 17:26:00,Y,called client re specimen integrity - awaiting callback,32,13.32,0
ORD-26302,,02156,02133,routine,Children's Hospital,D028,2025-03-03 12:40:00,,2025-03-03 14:50:00,2025-03-03 15:52:00,Y,"client changed pickup time, driver redirected",18,21.45,0
ORD-26303,2025-01-28 17:22:00,02116,02153,rush,Brigham & Women's,D010,2025-01-28 18:07:00,,2025-01-28 19:42:00,2025-01-28 18:57:00,Y,traffic accident on route 1 delay,7,32.3,0
ORD-26304,02-13-25 12:58 PM,02053,02043,STAT,Mass General Hospital,D020,2025-02-13 13:06:00,2025-02-13 14:03:00,2025-02-13 15:06:00,2025-02-13 13:48:00,Y,"driver ran out of dry ice, needs resupply",20,31.2,0
ORD-26305,01/05/2025 19:58,02052,02163,routine,South Shore Hospital,D012,2025-01-05 20:08:00,2025-01-05 21:05:00,2025-01-05 22:04:00,2025-01-06 00:10:00,Y,,45,29.31,0
ORD-26306,2025-03-21 06:04:00,02061,02102,Same-Day,Brigham & Women's,D007,2025-03-21 06:32:00,,2025-03-21 08:44:00,2025-03-21 08:40:00,Y,recipient not available at delivery location,19,14.55,0
ORD-26307,02-06-25 02:24 PM,01841,02056,ROUTINE,BioReference Labs,D032,2025-02-06 14:55:00,2025-02-06 15:06:00,2025-02-06 15:57:00,2025-02-06 17:56:00,Y,lab closed early today per client,45,37.03,0
ORD-26308,2025/01/05 16:27,02136,02151,Same-Day,Cape Cod Hospital,UNASSIGNED,2025-01-05 17:11:00,2025-01-05 17:45:00,2025-01-05 19:14:00,2025-01-05 19:38:00,Y,GPS routing error sent driver to wrong building,29,8.62,0
ORD-26309,2025-02-19 22:26:00,01845,02101,STAT,Quest Diag,D016,2025-02-19 22:46:00,2025-02-19 22:58:00,2025-02-19 23:35:00,2025-02-19 23:00:00,N,"elevator down at 15 Elm St, driver using stairs",19,24.21,1
ORD-26310,2025-01-28 14:27:00,02193,02176,ROUTINE,St. Elizabeth's Medical,D007,2025-01-28 15:00:00,,2025-01-28 17:01:00,2025-01-28 18:44:00,Y,redelivery needed: building locked,12,5.4,0
ORD-26311,2025/01/23 08:49,01843,02186,RUSH,Labcorp Inc,D028,2025-01-23 09:11:00,2025-01-23 09:45:00,2025-01-23 10:17:00,2025-01-23 10:13:00,Y,dispatcher note: double-check temp on this one before logging,13,6.73,0
ORD-26312,03-17-25 03:22 PM,02138,02156,SAME-DAY,Emerson Hospital,D038,2025-03-17 15:35:00,2025-03-17 15:56:00,2025-03-17 17:32:00,2025-03-17 19:10:00,Y,,10,6.01,0
ORD-26313,2025/01/29 19:50,02125,02148,STAT,Brigham & Women's,D022,2025-01-29 20:14:00,2025-01-29 21:10:00,2025-01-29 21:33:00,2025-01-29 20:49:00,Y,driver cannot locate parking at hospital,23,13.07,0
ORD-26314,03/13/2025 10:09,02195,02196,stat,Northeast Labs,D016,2025-03-13 10:26:00,2025-03-13 10:52:00,2025-03-13 11:15:00,2025-03-13 11:02:00,Y,"wrong address on manifest, corrected enroute",28,14.3,0
ORD-26315,01/27/2025 07:05,02145,02021,rush,Tufts Med Center,D021,2025-01-27 07:21:00,2025-01-27 07:39:00,,2025-01-27 08:05:00,Y,lab closed early today per client,20,26.3,0
ORD-26316,02/25/2025 06:12,02121,02155,ROUTINE,Northeast Laboratory,D035,2025-02-25 06:45:00,2025-02-25 07:00:00,2025-02-25 07:46:00,2025-02-25 10:35:00,N,"wrong address on manifest, corrected enroute",21,20.63,0
ORD-26317,,02176,02198,STAT,Childrens Hospital,D040,2025-03-23 07:36:00,2025-03-23 08:26:00,2025-03-23 09:32:00,2025-03-23 07:25:00,Y,driver reports ice on roads in reading area,8,22.86,0
ORD-26318,2025/01/02 07:27,02140,02129,Stat,Cape Cod Hospital,D017,2025-01-02 07:41:00,2025-01-02 08:38:00,2025-01-02 10:23:00,2025-01-02 07:58:00,N,specimen temp excursion possible - driver reports cooler malfunction,16,18.96,0
ORD-26319,2025/03/25 14:21,01810,02050,RUSH,Boston Med Ctr,D007,2025-03-25 14:30:00,2025-03-25 15:30:00,2025-03-25 16:22:00,2025-03-25 15:51:00,N,"pickup not ready, driver waiting 15+ min",9,29.24,0
ORD-26320,2025-01-04 06:55:00,02193,02135,stat,Cape Cod Hospital,D009,2025-01-04 07:06:00,,2025-01-04 08:05:00,2025-01-04 07:32:00,Y,delayed at security checkpoint - id verification required,13,10.4,0
ORD-26321,,02140,02062,ROUTINE,Northeast Laboratory,D008,2025-02-18 10:57:00,2025-02-18 11:41:00,2025-02-18 12:28:00,2025-02-18 14:06:00,Y,"wrong zip code on order, corrected",16,21.82,0
ORD-26322,01/16/2025 16:10,02131,02136,RUSH,Children's Hospital,D022,2025-01-16 16:21:00,2025-01-16 16:50:00,2025-01-16 17:32:00,2025-01-16 17:59:00,Y,"client called to confirm - specimen critical, needs STAT upgrade",33,4.67,0
ORD-26323,2025-02-04 12:27:00,02047,02126,Routine,Cape Cod Hospital,D023,2025-02-04 12:45:00,2025-02-04 13:43:00,2025-02-04 14:53:00,2025-02-04 18:07:00,Y,,20,23.69,0
ORD-26324,2025-03-24 13:11:00,02185,02133,RUSH,NE Labs,D012,2025-03-24 13:38:00,2025-03-24 14:11:00,2025-03-24 15:17:00,2025-03-24 14:15:00,Y,dispatcher note: double-check temp on this one before logging,29,16.89,0
ORD-26325,02/02/2025 17:32,02196,02176,Rush,Boston Medical Center,D024,2025-02-02 17:49:00,2025-02-02 18:24:00,2025-02-02 19:10:00,2025-02-02 18:42:00,Y,driver reports ice on roads in reading area,22,17.69,0
ORD-26326,02/11/2025 14:21,02129,02054,ROUTINE,Children's Hospital,D041,2025-02-11 15:00:00,2025-02-11 15:31:00,2025-02-11 16:56:00,2025-02-11 18:12:00,Y,"elevator down at 15 Elm St, driver using stairs",29,24.35,0
ORD-26327,02/09/2025 06:30,02138,02186,SAME-DAY,South Shore Hospital,D013,2025-02-09 07:13:00,2025-02-09 07:37:00,2025-02-09 09:02:00,2025-02-09 09:54:00,Y,"driver ran out of dry ice, needs resupply",26,18.88,0
ORD-26328,03-28-25 12:26 PM,02102,02061,ROUTINE,Quest Diagnostics,D038,2025-03-28 13:09:00,2025-03-28 13:58:00,2025-03-28 14:43:00,2025-03-28 17:45:00,Y,"wrong address on manifest, corrected enroute",31,33.32,0
ORD-26329,03/29/2025 19:05,02193,02193,ROUTINE,South Shore Hospital,D002,2025-03-29 19:23:00,2025-03-29 20:04:00,2025-03-29 20:21:00,2025-03-29 23:42:00,N,"elevator down at 15 Elm St, driver using stairs",15,30.4,0
ORD-26330,2025/02/06 12:27,02125,02059,STAT,Boston Med Ctr,D018,2025-02-06 13:06:00,2025-02-06 13:23:00,2025-02-06 14:04:00,2025-02-06 13:06:00,Y,traffic accident on route 1 delay,42,30.73,0
ORD-26331,2025-02-27 10:20:00,02186,02121,Routine,Emerson Hospital,D019,2025-02-27 10:45:00,2025-02-27 11:20:00,2025-02-27 13:11:00,2025-02-27 15:53:00,N,package refused by receiving staff - no signature authority,42,24.22,0
ORD-26332,2025-01-03 08:52:00,02118,02048,STAT,Lowell General,D027,2025-01-03 09:19:00,2025-01-03 09:47:00,2025-01-03 11:33:00,2025-01-03 09:35:00,Y,"driver called in sick mid-route, reassigning trips",6,34.28,0
ORD-26333,2025-01-30 08:14:00,01826,02115,Same-Day,Boston Medical Center,D037,2025-01-30 08:18:00,2025-01-30 08:53:00,2025-01-30 09:22:00,2025-01-30 11:31:00,Y,delayed at security checkpoint - id verification required,7,7.22,0
ORD-26334,01/30/2025 08:17,02196,02048,Rush,Tufts Medical,D014,2025-01-30 08:37:00,,,2025-01-30 09:53:00,Y,"elevator down at 15 Elm St, driver using stairs",21,6.58,0
ORD-26335,2025-01-11 17:31:00,01826,02110,same-day,BioReference Labs,D026,2025-01-11 17:34:00,2025-01-11 18:21:00,2025-01-11 19:12:00,2025-01-11 20:55:00,N,"driver stuck in traffic on 93, running ~20 min late",8,26.48,0
ORD-26336,2025/01/06 07:35,02105,02176,SAME-DAY,Labcorp Inc,D003,2025-01-06 07:42:00,,2025-01-06 10:04:00,2025-01-06 09:50:00,Y,dispatcher note: double-check temp on this one before logging,17,34.49,0
ORD-26337,2025/02/13 09:16,01841,02130,RUSH,NE Labs,D031,2025-02-13 09:55:00,2025-02-13 10:11:00,2025-02-13 11:51:00,2025-02-13 10:53:00,N,,39,7.17,0
ORD-26338,01/14/2025 17:56,02116,02116,stat,Boston Med Ctr,D007,2025-01-14 18:36:00,2025-01-14 19:05:00,2025-01-14 20:47:00,2025-01-14 18:30:00,Y,driver reports ice on roads in reading area,5,35.75,0
ORD-26339,03/14/2025 16:05,01862,02119,routine,Childrens Hospital,D020,2025-03-14 16:28:00,2025-03-14 17:09:00,,2025-03-14 21:40:00,Y,GPS routing error sent driver to wrong building,35,16.84,0
ORD-26340,02/19/2025 09:27,01845,02134,ROUTINE,NE Labs,UNASSIGNED,2025-02-19 10:10:00,2025-02-19 10:39:00,2025-02-19 11:57:00,2025-02-19 14:04:00,N,delayed at security checkpoint - id verification required,23,25.99,1
ORD-26341,02-07-25 05:04 PM,01850,02149,stat,Northeast Laboratory,D028,2025-02-07 17:49:00,,2025-02-07 19:01:00,2025-02-07 18:00:00,Y,"driver vehicle breakdown, transfer to DD021 in progress",16,21.14,0
ORD-26342,02/10/2025 18:00,02067,02141,ROUTINE,NE Labs,D030,2025-02-10 18:40:00,2025-02-10 19:28:00,2025-02-10 20:52:00,2025-02-10 23:14:00,Y,called client re specimen integrity - awaiting callback,32,13.96,0
ORD-26343,03/15/2025 21:38,01841,02104,RUSH,Providence Health,D022,2025-03-15 22:08:00,2025-03-15 22:40:00,2025-03-15 23:52:00,2025-03-15 22:51:00,Y,dispatcher note: double-check temp on this one before logging,37,9.38,0
ORD-26344,01/25/2025 10:46,01876,02163,Rush,Emerson Hospital,D024,2025-01-25 10:50:00,2025-01-25 11:24:00,2025-01-25 12:12:00,2025-01-25 12:28:00,N,lab closed early today per client,22,11.95,0
ORD-26345,2025/02/19 11:26,02045,02106,Routine,Tufts Med Center,D007,2025-02-19 11:29:00,2025-02-19 12:19:00,2025-02-19 12:34:00,2025-02-19 16:44:00,Y,"driver called in sick mid-route, reassigning trips",22,31.44,0
ORD-26346,01/14/2025 11:34,02113,02171,STAT,Tufts Med Center,D008,2025-01-14 11:59:00,2025-01-14 12:51:00,2025-01-14 14:47:00,2025-01-14 12:21:00,N,"driver vehicle breakdown, transfer to DD036 in progress",14,22.46,0
ORD-26347,2025/01/21 11:22,02130,02025,RUSH,Northeast Labs,D003,2025-01-21 12:00:00,2025-01-21 12:38:00,2025-01-21 13:27:00,2025-01-21 12:45:00,Y,recipient not available at delivery location,12,16.13,0
ORD-26348,01/05/2025 16:49,02056,02184,SAME-DAY,Brigham & Women's,D034,2025-01-05 17:29:00,2025-01-05 17:39:00,2025-01-05 18:10:00,2025-01-05 19:04:00,Y,,28,23.14,0
ORD-26349,2025-01-07 13:29:00,01821,02119,SAME-DAY,Northeast Labs,D002,2025-01-07 13:51:00,2025-01-07 14:40:00,2025-01-07 15:08:00,2025-01-07 17:29:00,Y,lab closed early today per client,9,33.7,0
ORD-26350,01-18-25 03:32 PM,01852,02045,Stat,Tufts Medical,D030,2025-01-18 15:53:00,2025-01-18 16:43:00,,2025-01-18 16:04:00,Y,"driver called in sick mid-route, reassigning trips",40,11.98,0
ORD-26351,2025-02-20 08:22:00,02195,02199,ROUTINE,Northeast Labs,D015,2025-02-20 08:54:00,2025-02-20 09:41:00,2025-02-20 11:07:00,2025-02-20 11:46:00,Y,"driver called in sick mid-route, reassigning trips",44,28.58,0
ORD-26352,02/03/2025 19:57,02150,02170,ROUTINE,Northeast Labs,D022,2025-02-03 20:35:00,2025-02-03 21:07:00,2025-02-03 22:03:00,2025-02-04 01:28:00,Y,"elevator down at 15 Elm St, driver using stairs",6,13.82,0
ORD-26353,2025/03/16 18:00,02132,02180,ROUTINE,Northeast Laboratory,D023,2025-03-16 18:12:00,2025-03-16 19:00:00,2025-03-16 20:21:00,2025-03-16 22:36:00,N,specimen temp excursion possible - driver reports cooler malfunction,29,19.9,0
ORD-26354,02/05/2025 09:57,02103,02145,STAT,Children's Hospital,D015,2025-02-05 10:26:00,,2025-02-05 12:50:00,2025-02-05 10:44:00,N,called client re specimen integrity - awaiting callback,19,21.65,1
ORD-26355,2025-02-22 13:10:00,02187,02169,RUSH,Quest Diagnostics,D032,2025-02-22 13:24:00,2025-02-22 13:34:00,2025-02-22 14:30:00,2025-02-22 14:25:00,Y,,21,14.6,0
ORD-26356,01/02/2025 15:17,02148,02119,RUSH,Cape Cod Hospital,D016,2025-01-02 15:45:00,2025-01-02 16:01:00,2025-01-02 17:32:00,2025-01-02 16:46:00,Y,delayed at security checkpoint - id verification required,6,32.44,0
ORD-26357,03/15/2025 16:00,01880,02155,rush,Mass General Hospital,D014,2025-03-15 16:17:00,2025-03-15 16:36:00,2025-03-15 18:15:00,2025-03-15 17:38:00,Y,"driver vehicle breakdown, transfer to DD015 in progress",10,22.52,0
ORD-26358,01/19/2025 11:14,01810,02120,ROUTINE,Labcorp Inc,D040,2025-01-19 11:55:00,2025-01-19 12:33:00,2025-01-19 12:59:00,2025-01-19 14:54:00,Y,,164,18.14,0
ORD-26359,2025/03/12 19:11,02066,02052,Stat,Brigham & Women's,D025,2025-03-12 19:52:00,2025-03-12 20:32:00,2025-03-12 21:13:00,2025-03-12 19:53:00,N,package refused by receiving staff - no signature authority,27,37.03,1
ORD-26360,01/31/2025 12:32,02122,02152,STAT,Boston Med Ctr,D007,2025-01-31 13:17:00,,2025-01-31 14:59:00,2025-01-31 13:09:00,N,"client called to confirm - specimen critical, needs STAT upgrade",19,20.82,0
ORD-26361,01/02/2025 04:01,02129,02043,RUSH,Boston Medical Center,D012,2025-01-02 04:25:00,2025-01-02 05:20:00,2025-01-02 06:23:00,2025-01-02 05:32:00,N,pickup completed but paperwork missing from package,28,24.59,1
ORD-26362,2025/02/28 12:39,01867,02133,STAT,LabCorp,D014,2025-02-28 12:50:00,,2025-02-28 15:04:00,2025-02-28 13:29:00,Y,,39,14.04,0
ORD-26363,02/19/2025 09:46,02038,02184,STAT,Cape Cod Hospital,D019,2025-02-19 10:11:00,2025-02-19 11:04:00,2025-02-19 11:44:00,2025-02-19 10:45:00,N,driver reports ice on roads in reading area,36,18.59,0
ORD-26364,2025-01-09 09:42:00,02193,02071,Rush,Boston Med Ctr,UNASSIGNED,2025-01-09 10:21:00,,2025-01-09 11:41:00,2025-01-09 11:02:00,Y,specimen temp excursion possible - driver reports cooler malfunction,31,31.2,0
ORD-26365,03/22/2025 04:08,02142,02116,Rush,Emerson Hospital,D029,2025-03-22 04:12:00,2025-03-22 05:02:00,2025-03-22 06:06:00,2025-03-22 05:21:00,Y,package refused by receiving staff - no signature authority,14,20.79,0
ORD-26366,03/12/2025 09:09,01864,02156,routine,Tufts Med Center,D033,2025-03-12 09:35:00,2025-03-12 09:59:00,2025-03-12 11:07:00,2025-03-12 13:22:00,Y,"client called to confirm - specimen critical, needs STAT upgrade",24,5.84,0
ORD-26367,02-02-25 10:21 AM,02038,02200,Routine,Providence Health,D010,2025-02-02 10:39:00,,2025-02-02 13:17:00,2025-02-02 15:12:00,Y,"driver called in sick mid-route, reassigning trips",45,17.23,0
ORD-26368,03-21-25 08:30 AM,02122,02059,Stat,Tufts Medical,D013,2025-03-21 09:04:00,2025-03-21 09:35:00,2025-03-21 10:42:00,2025-03-21 09:10:00,Y,,38,7.66,0
ORD-26369,2025/02/06 14:01,02176,02152,STAT,Children's Hospital,D012,2025-02-06 14:31:00,2025-02-06 15:31:00,2025-02-06 16:42:00,2025-02-06 14:42:00,N,package refused by receiving staff - no signature authority,36,13.87,0
ORD-26370,01/30/2025 20:58,02200,02153,ROUTINE,Quest Diag,D025,2025-01-30 21:40:00,2025-01-30 22:16:00,2025-01-30 23:31:00,2025-01-31 01:13:00,Y,"driver vehicle breakdown, transfer to DD011 in progress",22,23.85,0
ORD-26371,02/18/2025 16:01,02135,02120,RUSH,Children's Hospital,D037,2025-02-18 16:30:00,2025-02-18 17:04:00,2025-02-18 18:00:00,2025-02-18 17:08:00,N,"driver called in sick mid-route, reassigning trips",8,30.16,0
ORD-26372,2025-02-24 14:11:00,02032,02062,RUSH,Northeast Labs,D038,2025-02-24 14:27:00,2025-02-24 15:20:00,2025-02-24 16:07:00,2025-02-24 15:15:00,N,recipient not available at delivery location,24,30.72,0
ORD-26373,01/02/2025 07:50,02193,02191,rush,South Shore Hospital,D001,2025-01-02 08:11:00,2025-01-02 08:52:00,2025-01-02 09:51:00,2025-01-02 09:46:00,N,recipient not available at delivery location,38,26.46,0
ORD-26374,2025-01-28 08:39:00,01851,02142,rush,Lowell General,D010,2025-01-28 08:57:00,2025-01-28 09:35:00,2025-01-28 10:14:00,2025-01-28 10:23:00,N,delayed at security checkpoint - id verification required,22,28.55,0
ORD-26375,,02021,02171,ROUTINE,Lowell General,D034,2025-02-22 15:58:00,,2025-02-22 16:48:00,2025-02-22 19:06:00,N,,8,28.62,0
ORD-26376,2025-03-07 18:08:00,02043,02072,Same-Day,BioReference Labs,D014,2025-03-07 18:38:00,2025-03-07 19:31:00,,2025-03-07 21:49:00,Y,"elevator down at 15 Elm St, driver using stairs",39,21.21,0
ORD-26377,2025-03-24 05:13:00,02188,02149,ROUTINE,MGH,D019,2025-03-24 05:43:00,,2025-03-24 07:32:00,2025-03-24 10:00:00,Y,"elevator down at 15 Elm St, driver using stairs",8,10.79,0
ORD-26378,2025/02/04 13:48,02195,02200,SAME-DAY,LabCorp,D001,2025-02-04 13:55:00,2025-02-04 14:26:00,2025-02-04 14:54:00,2025-02-04 16:32:00,Y,specimen container damaged on pickup,8,6.13,0
ORD-26379,2025-03-10 15:36:00,02151,02062,STAT,MGH,D004,2025-03-10 15:57:00,2025-03-10 16:24:00,2025-03-10 16:46:00,2025-03-10 16:18:00,Y,"pickup not ready, driver waiting 15+ min",9,32.43,0
ORD-26380,01/26/2025 11:41,02119,02043,stat,Quest Diagnostics,D023,2025-01-26 12:16:00,,2025-01-26 12:59:00,2025-01-26 12:14:00,Y,specimen container damaged on pickup,25,19.49,0
ORD-26381,2025-03-05 16:28:00,01826,02113,Same-Day,St. Elizabeth's Medical,UNASSIGNED,2025-03-05 17:00:00,,2025-03-05 19:48:00,2025-03-05 19:35:00,Y,"wrong zip code on order, corrected",18,7.94,0
ORD-26382,2025/01/13 06:33,02106,02194,same-day,Boston Medical Center,D037,2025-01-13 07:06:00,2025-01-13 07:40:00,2025-01-13 09:40:00,2025-01-13 10:04:00,Y,"driver called in sick mid-route, reassigning trips",17,6.7,0
ORD-26383,,02122,02130,RUSH,MGH,D035,2025-01-07 15:02:00,2025-01-07 15:34:00,2025-01-07 17:04:00,2025-01-07 16:04:00,Y,specimen labeled incorrectly by client,28,37.58,0
ORD-26384,03-17-25 01:49 PM,01879,02141,STAT,Labcorp Inc,D007,2025-03-17 14:21:00,2025-03-17 15:15:00,2025-03-17 17:09:00,2025-03-17 14:21:00,Y,"driver ran out of dry ice, needs resupply",22,18.83,0
ORD-26385,,02190,02129,STAT,Tufts Med Center,D011,2025-03-05 13:45:00,2025-03-05 14:25:00,2025-03-05 15:02:00,2025-03-05 14:00:00,Y,specimen labeled incorrectly by client,21,25.87,0
ORD-26386,2025/01/09 07:08,02071,02143,Rush,Mass General Hospital,UNASSIGNED,2025-01-09 07:45:00,2025-01-09 08:07:00,,2025-01-09 09:06:00,Y,"client changed pickup time, driver redirected",13,32.72,0
ORD-26387,03/24/2025 11:53,02189,02059,routine,Tufts Medical,D031,2025-03-24 12:25:00,,2025-03-24 15:13:00,2025-03-24 17:01:00,Y,"pickup not ready, driver waiting 15+ min",13,20.6,0
ORD-26388,,02132,02108,STAT,NE Labs,D004,2025-03-07 19:24:00,2025-03-07 19:51:00,2025-03-07 21:37:00,2025-03-07 19:51:00,Y,,8,26.56,0
ORD-26389,03/31/2025 13:30,02134,02059,SAME-DAY,Boston Medical Center,D038,2025-03-31 14:13:00,2025-03-31 14:29:00,2025-03-31 15:44:00,2025-03-31 16:25:00,Y,redelivery needed: building locked,30,18.13,0
ORD-26390,01-07-25 01:46 PM,02121,02134,stat,MGH,UNASSIGNED,2025-01-07 14:28:00,2025-01-07 15:01:00,2025-01-07 16:47:00,2025-01-07 14:42:00,Y,package refused by receiving staff - no signature authority,29,16.71,0
ORD-26391,03/01/2025 13:44,02186,02113,ROUTINE,MGH,D040,2025-03-01 13:47:00,2025-03-01 13:58:00,2025-03-01 15:11:00,2025-03-01 19:35:00,Y,specimen temp excursion possible - driver reports cooler malfunction,12,30.92,0
ORD-26392,2025/03/18 06:58,01826,02066,ROUTINE,Northeast Laboratory,D010,2025-03-18 07:27:00,2025-03-18 07:38:00,2025-03-18 07:54:00,2025-03-18 11:27:00,Y,"elevator down at 15 Elm St, driver using stairs",18,32.8,0
ORD-26393,2025-02-14 13:55:00,02188,02130,stat,Quest Diagnostics,D014,2025-02-14 14:20:00,2025-02-14 14:35:00,2025-02-14 15:52:00,2025-02-14 14:43:00,Y,delayed at security checkpoint - id verification required,10,17.38,0
ORD-26394,2025-03-07 19:40:00,02050,02050,routine,Boston Med Ctr,UNASSIGNED,2025-03-07 19:56:00,2025-03-07 20:37:00,2025-03-07 21:03:00,2025-03-08 00:24:00,Y,package refused by receiving staff - no signature authority,38,17.66,0
ORD-26395,2025-02-13 08:56:00,01880,02060,ROUTINE,Boston Med Ctr,D003,2025-02-13 09:01:00,2025-02-13 09:58:00,2025-02-13 11:41:00,2025-02-13 14:15:00,Y,specimen temp excursion possible - driver reports cooler malfunction,10,29.5,0
ORD-26396,,02163,02150,RUSH,Boston Med Ctr,D008,2025-01-04 10:05:00,2025-01-04 10:27:00,2025-01-04 12:05:00,2025-01-04 11:21:00,Y,specimen labeled incorrectly by client,25,32.81,0
ORD-26397,01-29-25 10:45 AM,02193,02129,routine,NE Labs,D004,2025-01-29 10:50:00,2025-01-29 11:03:00,2025-01-29 12:33:00,2025-01-29 14:45:00,N,driver reports ice on roads in reading area,38,4.62,0
ORD-26398,2025-03-11 21:11:00,02200,02133,RUSH,MGH,D035,2025-03-11 21:52:00,2025-03-11 22:13:00,,2025-03-11 22:58:00,Y,,21,25.72,0
ORD-26399,02-24-25 10:15 AM,02102,02125,ROUTINE,Emerson Hospital,UNASSIGNED,2025-02-24 10:23:00,2025-02-24 10:41:00,2025-02-24 11:13:00,2025-02-24 13:32:00,Y,,41,19.87,0
ORD-26400,2025-04-01 21:49:00,01801,02151,SAME-DAY,Mass General Hospital,D006,2025-04-01 21:54:00,2025-04-01 22:47:00,2025-04-01 23:46:00,2025-04-02 01:28:00,Y,"driver stuck in traffic on 93, running ~20 min late",44,35.65,0
ORD-26401,03/20/2025 10:32,01864,02114,ROUTINE,Boston Medical Center,D009,2025-03-20 11:17:00,2025-03-20 12:05:00,2025-03-20 13:14:00,2025-03-20 15:03:00,Y,dispatcher note: double-check temp on this one before logging,11,20.78,0
ORD-26402,2025-03-04 14:06:00,02114,02169,SAME-DAY,Boston Med Ctr,D035,2025-03-04 14:22:00,2025-03-04 14:47:00,2025-03-04 15:54:00,2025-03-04 17:31:00,Y,"driver stuck in traffic on 93, running ~20 min late",10,17.78,0
ORD-26403,2025-03-24 07:59:00,02130,02124,stat,Children's Hospital,D033,2025-03-24 08:34:00,2025-03-24 09:20:00,2025-03-24 09:36:00,2025-03-24 08:49:00,Y,redelivery needed: building locked,25,22.93,0
ORD-26404,03-25-25 01:57 PM,02132,02101,rush,Providence Health,D021,2025-03-25 14:36:00,2025-03-25 14:52:00,2025-03-25 16:15:00,2025-03-25 15:27:00,Y,package refused by receiving staff - no signature authority,32,24.71,0
ORD-26405,2025-03-06 10:01:00,02019,02199,RUSH,Cape Cod Hospital,D021,2025-03-06 10:05:00,2025-03-06 11:00:00,2025-03-06 11:24:00,2025-03-06 11:50:00,Y,,29,22.97,0
ORD-26406,01/26/2025 12:52,02200,02152,SAME-DAY,LabCorp,D035,2025-01-26 13:29:00,2025-01-26 13:44:00,2025-01-26 14:55:00,2025-01-26 15:31:00,Y,specimen temp excursion possible - driver reports cooler malfunction,8,16.6,0
ORD-26407,01/07/2025 00:38,02047,02025,ROUTINE,Brigham & Women's,D029,2025-01-07 01:16:00,2025-01-07 01:48:00,2025-01-07 03:05:00,2025-01-07 06:18:00,Y,"driver stuck in traffic on 93, running ~20 min late",14,5.1,0
ORD-26408,01/15/2025 15:09,01803,02109,ROUTINE,Labcorp Inc,D003,2025-01-15 15:43:00,2025-01-15 16:03:00,2025-01-15 16:53:00,2025-01-15 19:51:00,Y,"client called to confirm - specimen critical, needs STAT upgrade",27,10.57,0
ORD-26409,2025-01-31 17:26:00,02184,02118,ROUTINE,Northeast Labs,D003,2025-01-31 17:29:00,2025-01-31 18:10:00,,2025-01-31 21:00:00,Y,,16,26.32,0
ORD-26410,2025/02/25 07:44,02109,02153,Stat,Cape Cod Hospital,D002,2025-02-25 08:07:00,2025-02-25 09:07:00,2025-02-25 10:25:00,2025-02-25 08:38:00,Y,redelivery needed: building locked,43,18.17,0
ORD-26411,2025-03-06 08:46:00,02194,02191,Routine,LabCorp,D017,2025-03-06 09:12:00,2025-03-06 09:38:00,,2025-03-06 13:23:00,Y,,40,26.7,0
ORD-26412,2025-02-24 09:55:00,02141,02066,SAME-DAY,Tufts Med Center,D019,2025-02-24 10:33:00,2025-02-24 10:57:00,2025-02-24 12:46:00,2025-02-24 13:18:00,Y,GPS routing error sent driver to wrong building,45,18.45,0
ORD-26413,2025/03/06 08:25,02120,02145,Stat,Northeast Labs,D030,2025-03-06 08:58:00,2025-03-06 09:41:00,2025-03-06 10:42:00,2025-03-06 09:23:00,Y,specimen labeled incorrectly by client,15,26.29,0
ORD-26414,2025/03/21 12:42,02043,02143,Stat,Cape Cod Hospital,D039,2025-03-21 13:06:00,2025-03-21 13:18:00,2025-03-21 14:41:00,2025-03-21 13:37:00,Y,,8,28.64,0
ORD-26415,2025-03-19 07:17:00,01880,02061,routine,Northeast Laboratory,D018,2025-03-19 07:31:00,2025-03-19 08:19:00,2025-03-19 10:11:00,2025-03-19 13:15:00,Y,specimen labeled incorrectly by client,36,32.79,0
ORD-26416,03-18-25 09:40 AM,02062,02048,ROUTINE,Lowell General,UNASSIGNED,2025-03-18 10:18:00,2025-03-18 10:32:00,2025-03-18 10:50:00,2025-03-18 14:09:00,N,specimen temp excursion possible - driver reports cooler malfunction,13,25.81,0
ORD-26417,2025/02/14 02:11,01852,02144,stat,Mass General Hospital,D009,2025-02-14 02:43:00,2025-02-14 03:09:00,2025-02-14 04:40:00,2025-02-14 03:02:00,Y,specimen labeled incorrectly by client,36,32.39,0
ORD-26418,02-13-25 07:51 AM,02194,02114,STAT,Mass General Hospital,D037,2025-02-13 07:55:00,2025-02-13 08:15:00,2025-02-13 09:05:00,2025-02-13 08:35:00,Y,package refused by receiving staff - no signature authority,40,27.13,0
ORD-26419,01/25/2025 16:22,01840,02195,RUSH,Mass General Hospital,D036,2025-01-25 16:47:00,2025-01-25 17:15:00,2025-01-25 18:14:00,2025-01-25 18:02:00,Y,specimen temp excursion possible - driver reports cooler malfunction,43,25.46,0
ORD-26420,03/17/2025 08:06,02141,02143,RUSH,LabCorp,D015,2025-03-17 08:38:00,2025-03-17 08:50:00,2025-03-17 10:34:00,2025-03-17 09:36:00,Y,,11,11.19,0
ORD-26421,2025/02/27 08:06,01864,02113,ROUTINE,Tufts Medical,D028,2025-02-27 08:19:00,2025-02-27 08:56:00,2025-02-27 10:48:00,2025-02-27 12:54:00,N,driver cannot locate parking at hospital,38,37.19,0
ORD-26422,2025-02-21 07:37:00,01841,02177,ROUTINE,NE Labs,D028,2025-02-21 07:55:00,2025-02-21 08:55:00,2025-02-21 09:12:00,2025-02-21 13:10:00,Y,"wrong address on manifest, corrected enroute",32,36.02,0
ORD-26423,02/10/2025 09:45,02133,02021,ROUTINE,Boston Med Ctr,D027,2025-02-10 10:16:00,2025-02-10 11:09:00,2025-02-10 11:53:00,2025-02-10 13:40:00,Y,specimen labeled incorrectly by client,38,22.27,0
ORD-26424,2025/01/06 09:22,01851,02047,RUSH,Boston Med Ctr,D024,2025-01-06 10:03:00,2025-01-06 10:28:00,2025-01-06 12:27:00,2025-01-06 11:16:00,Y,"driver ran out of dry ice, needs resupply",16,12.46,0
ORD-26425,2025-02-02 08:30:00,02071,02184,RUSH,Brigham & Women's,D005,2025-02-02 08:40:00,2025-02-02 09:11:00,,2025-02-02 09:48:00,Y,traffic accident on route 1 delay,10,28.19,0
ORD-26426,2025/03/25 09:27,02071,02132,SAME-DAY,NE Labs,D011,2025-03-25 10:12:00,2025-03-25 10:52:00,2025-03-25 12:21:00,2025-03-25 11:40:00,Y,GPS routing error sent driver to wrong building,14,8.34,0
ORD-26427,03/29/2025 19:38,02194,02150,routine,Childrens Hospital,D011,2025-03-29 20:13:00,2025-03-29 20:50:00,2025-03-29 21:19:00,2025-03-29 22:51:00,Y,"client changed pickup time, driver redirected",19,9.71,0
ORD-26428,2025-01-14 12:15:00,02194,02110,Routine,Childrens Hospital,D030,2025-01-14 12:45:00,,,2025-01-14 15:50:00,Y,"driver called in sick mid-route, reassigning trips",33,19.31,0
ORD-26429,02-08-25 09:38 AM,02186,02061,STAT,Brigham and Womens,D018,2025-02-08 10:01:00,2025-02-08 10:11:00,2025-02-08 10:32:00,2025-02-08 10:12:00,Y,redelivery needed: building locked,38,21.06,0
ORD-26430,03-21-25 03:13 AM,02054,02038,RUSH,Northeast Laboratory,D021,2025-03-21 03:48:00,2025-03-21 04:26:00,,2025-03-21 04:54:00,Y,driver cannot locate parking at hospital,5,28.58,0
ORD-26431,01-28-25 08:43 AM,02142,02151,RUSH,NE Labs,D010,2025-01-28 09:01:00,2025-01-28 09:38:00,2025-01-28 11:33:00,2025-01-28 09:47:00,Y,,40,19.45,0
ORD-26432,01/11/2025 04:48,02038,02135,RUSH,Northeast Laboratory,D020,2025-01-11 05:01:00,,2025-01-11 05:45:00,2025-01-11 06:23:00,N,,20,30.33,0
ORD-26433,03-30-25 03:56 PM,02101,02194,STAT,Emerson Hospital,D027,2025-03-30 15:59:00,2025-03-30 16:43:00,2025-03-30 17:28:00,2025-03-30 16:28:00,Y,"elevator down at 15 Elm St, driver using stairs",35,29.23,0
ORD-26434,2025-03-19 01:47:00,02148,02144,ROUTINE,Children's Hospital,D003,2025-03-19 01:52:00,2025-03-19 02:24:00,2025-03-19 02:41:00,2025-03-19 05:12:00,Y,"client changed pickup time, driver redirected",5,19.03,0
ORD-26435,02-05-25 12:55 PM,02171,02045,ROUTINE,St. Elizabeth's Medical,D012,2025-02-05 13:11:00,2025-02-05 13:21:00,2025-02-05 14:34:00,2025-02-05 16:23:00,Y,delayed at security checkpoint - id verification required,10,31.25,0
ORD-26436,2025-02-09 09:59:00,02132,02188,STAT,Labcorp Inc,D025,2025-02-09 10:09:00,2025-02-09 10:30:00,2025-02-09 12:01:00,2025-02-09 10:36:00,Y,pickup completed but paperwork missing from package,12,27.14,0
ORD-26437,2025/03/07 10:09,02035,02019,RUSH,Boston Medical Center,D026,2025-03-07 10:36:00,2025-03-07 11:14:00,2025-03-07 13:08:00,2025-03-07 11:32:00,Y,traffic accident on route 1 delay,34,22.74,0
ORD-26438,2025/03/10 11:18,01832,02125,Routine,Brigham and Womens,D019,2025-03-10 12:03:00,2025-03-10 12:17:00,2025-03-10 13:20:00,2025-03-10 15:55:00,N,GPS routing error sent driver to wrong building,18,4.53,0
ORD-26439,2025-01-16 05:29:00,01852,02052,RUSH,Emerson Hospital,D024,2025-01-16 05:43:00,2025-01-16 06:25:00,2025-01-16 07:17:00,2025-01-16 07:03:00,Y,traffic accident on route 1 delay,31,5.41,0
ORD-26440,2025-02-03 10:24:00,02127,02163,ROUTINE,Tufts Medical,D014,2025-02-03 10:51:00,2025-02-03 11:36:00,2025-02-03 13:01:00,2025-02-03 13:31:00,Y,specimen labeled incorrectly by client,36,35.34,0
ORD-26441,01-31-25 10:14 AM,01850,02071,RUSH,Brigham & Women's,D010,2025-01-31 10:55:00,2025-01-31 11:47:00,2025-01-31 12:16:00,2025-01-31 11:17:00,Y,"client called to confirm - specimen critical, needs STAT upgrade",19,5.96,0
ORD-26442,2025/02/04 04:47,01867,02019,STAT,BioReference Labs,D009,2025-02-04 05:22:00,2025-02-04 05:49:00,2025-02-04 06:24:00,2025-02-04 05:17:00,N,recipient not available at delivery location,33,30.38,0
ORD-26443,2025-03-26 04:52:00,02142,02185,ROUTINE,Cape Cod Hospital,D034,2025-03-26 05:36:00,2025-03-26 06:22:00,2025-03-26 07:09:00,2025-03-26 10:29:00,Y,"client called to confirm - specimen critical, needs STAT upgrade",8,35.65,0
ORD-26444,01/19/2025 06:07,02124,02171,Routine,Children's Hospital,D007,2025-01-19 06:45:00,2025-01-19 07:29:00,2025-01-19 09:03:00,2025-01-19 09:09:00,Y,"client changed pickup time, driver redirected",18,27.44,0
ORD-26445,02/11/2025 10:15,02104,02129,routine,Brigham & Women's,D024,2025-02-11 10:40:00,2025-02-11 11:01:00,2025-02-11 12:13:00,2025-02-11 13:41:00,Y,lab closed early today per client,43,20.85,0
ORD-26446,2025-03-14 11:05:00,02193,02131,ROUTINE,South Shore Hospital,D038,2025-03-14 11:45:00,2025-03-14 12:20:00,2025-03-14 12:41:00,2025-03-14 17:03:00,N,dispatcher note: double-check temp on this one before logging,18,4.93,1
ORD-26447,03-06-25 09:50 AM,01880,02116,Rush,South Shore Hospital,D008,2025-03-06 10:08:00,2025-03-06 10:48:00,2025-03-06 11:12:00,2025-03-06 11:07:00,Y,dispatcher note: double-check temp on this one before logging,7,24.67,0
ORD-26448,01/09/2025 08:43,02066,02066,RUSH,Tufts Med Center,D033,2025-01-09 09:00:00,2025-01-09 09:54:00,2025-01-09 10:52:00,2025-01-09 10:38:00,Y,"client called to confirm - specimen critical, needs STAT upgrade",42,32.33,0
ORD-26449,2025/01/21 11:17,02026,02026,ROUTINE,Boston Med Ctr,D022,2025-01-21 11:26:00,,2025-01-21 13:04:00,2025-01-21 15:04:00,Y,,9,32.74,0
ORD-26450,2025-02-03 16:55:00,01886,02115,routine,Brigham & Women's,D026,2025-02-03 17:00:00,2025-02-03 17:54:00,2025-02-03 18:24:00,2025-02-03 22:28:00,Y,driver cannot locate parking at hospital,11,28.73,0
ORD-26451,03/14/2025 08:14,02101,02131,Routine,St. Elizabeth's Medical,D031,2025-03-14 08:55:00,2025-03-14 09:38:00,2025-03-14 10:44:00,2025-03-14 13:53:00,N,delayed at security checkpoint - id verification required,32,14.75,0
ORD-26452,2025-03-17 12:08:00,02196,02061,STAT,Cape Cod Hospital,D012,2025-03-17 12:17:00,2025-03-17 12:57:00,2025-03-17 14:10:00,2025-03-17 12:48:00,Y,dispatcher note: double-check temp on this one before logging,10,21.53,0
ORD-26453,2025/01/10 17:13,02113,02128,SAME-DAY,Childrens Hospital,UNASSIGNED,2025-01-10 17:24:00,2025-01-10 18:04:00,2025-01-10 18:34:00,2025-01-10 19:14:00,Y,"driver vehicle breakdown, transfer to DD020 in progress",13,26.15,0
ORD-26454,2025-02-05 06:39:00,02171,02060,stat,Northeast Laboratory,D016,2025-02-05 06:53:00,2025-02-05 07:18:00,2025-02-05 09:06:00,2025-02-05 07:09:00,N,"driver ran out of dry ice, needs resupply",11,14.89,0
ORD-26455,2025/02/08 15:35,02047,02122,ROUTINE,Lowell General,UNASSIGNED,2025-02-08 15:55:00,2025-02-08 16:53:00,2025-02-08 17:39:00,2025-02-08 19:53:00,Y,called client re specimen integrity - awaiting callback,10,29.15,0
ORD-26456,2025-02-25 13:21:00,02048,02102,ROUTINE,Providence Health,D020,2025-02-25 13:55:00,2025-02-25 14:17:00,2025-02-25 15:16:00,2025-02-25 16:37:00,Y,driver reports ice on roads in reading area,7,32.33,0
ORD-26457,2025/01/19 09:20,02143,02038,ROUTINE,Tufts Med Center,D012,2025-01-19 09:47:00,2025-01-19 10:39:00,2025-01-19 11:03:00,2025-01-19 12:26:00,Y,"pickup not ready, driver waiting 15+ min",29,13.45,0
ORD-26458,03/16/2025 12:11,01886,02134,ROUTINE,South Shore Hospital,D038,2025-03-16 12:56:00,2025-03-16 13:44:00,2025-03-16 14:53:00,2025-03-16 16:39:00,Y,"driver ran out of dry ice, needs resupply",29,12.88,0
ORD-26459,01-10-25 01:34 PM,02019,02026,ROUTINE,St. Elizabeth's Medical,D020,2025-01-10 13:45:00,2025-01-10 14:36:00,2025-01-10 15:26:00,2025-01-10 16:34:00,Y,"driver called in sick mid-route, reassigning trips",16,10.79,0
ORD-26460,02/23/2025 07:51,02120,02196,ROUTINE,Mass General Hospital,D031,2025-02-23 08:17:00,2025-02-23 09:14:00,2025-02-23 09:42:00,2025-02-23 13:27:00,Y,specimen temp excursion possible - driver reports cooler malfunction,37,31.58,0
ORD-26461,02-07-25 07:15 AM,01886,02163,Same-Day,Boston Med Ctr,D022,2025-02-07 07:19:00,2025-02-07 07:46:00,2025-02-07 08:58:00,2025-02-07 09:17:00,Y,called client re specimen integrity - awaiting callback,15,33.06,0
ORD-26462,2025/03/24 18:33,02071,02026,RUSH,Tufts Medical,D001,2025-03-24 18:51:00,2025-03-24 19:28:00,2025-03-24 20:55:00,2025-03-24 20:00:00,Y,traffic accident on route 1 delay,25,32.62,0
ORD-26463,03/03/2025 10:02,01862,02198,ROUTINE,Northeast Labs,UNASSIGNED,2025-03-03 10:42:00,2025-03-03 11:29:00,2025-03-03 13:26:00,2025-03-03 15:12:00,Y,traffic accident on route 1 delay,22,29.28,0
ORD-26464,2025-03-21 13:42:00,02107,02180,rush,BioReference Labs,D017,2025-03-21 14:14:00,2025-03-21 14:50:00,2025-03-21 15:07:00,2025-03-21 15:36:00,Y,"driver stuck in traffic on 93, running ~20 min late",32,7.35,0
ORD-26465,02/04/2025 13:58,01821,02071,stat,Tufts Med Center,D029,2025-02-04 14:07:00,2025-02-04 14:42:00,2025-02-04 15:40:00,2025-02-04 14:41:00,Y,"driver stuck in traffic on 93, running ~20 min late",26,28.89,0
ORD-26466,02/25/2025 19:43,02115,02047,RUSH,Providence Health,D012,2025-02-25 19:59:00,2025-02-25 20:53:00,2025-02-25 21:44:00,2025-02-25 21:22:00,Y,GPS routing error sent driver to wrong building,41,5.12,0
ORD-26467,,02060,02171,Rush,South Shore Hospital,D015,2025-02-06 10:32:00,,2025-02-06 11:59:00,2025-02-06 11:45:00,Y,,16,19.06,0
ORD-26468,2025-03-03 16:34:00,02194,02149,routine,Boston Medical Center,D003,2025-03-03 16:45:00,2025-03-03 16:58:00,2025-03-03 17:55:00,2025-03-03 20:35:00,Y,,36,10.28,0
ORD-26469,2025-02-19 17:19:00,02171,02110,ROUTINE,Mass General Hospital,D019,2025-02-19 17:58:00,2025-02-19 18:56:00,2025-02-19 19:42:00,2025-02-19 20:32:00,Y,traffic accident on route 1 delay,25,11.89,0
ORD-26470,2025/01/12 02:05,01867,02184,ROUTINE,Labcorp Inc,D006,2025-01-12 02:47:00,,2025-01-12 04:48:00,2025-01-12 07:13:00,Y,package refused by receiving staff - no signature authority,36,22.06,0
ORD-26471,2025-03-03 04:13:00,02105,02121,STAT,Brigham and Womens,D014,2025-03-03 04:32:00,2025-03-03 05:25:00,2025-03-03 06:18:00,2025-03-03 04:51:00,Y,dispatcher note: double-check temp on this one before logging,43,29.25,0
ORD-26472,02/02/2025 08:34,01876,02129,stat,Childrens Hospital,D006,2025-02-02 09:07:00,2025-02-02 10:04:00,2025-02-02 11:50:00,2025-02-02 09:11:00,Y,,33,33.52,0
ORD-26473,03/02/2025 11:27,02104,02120,Rush,Labcorp Inc,D021,2025-03-02 11:32:00,2025-03-02 12:21:00,2025-03-02 13:41:00,2025-03-02 13:23:00,Y,,36,21.11,0
ORD-26474,02/18/2025 13:43,02035,02141,routine,South Shore Hospital,D038,2025-02-18 14:08:00,2025-02-18 14:46:00,2025-02-18 15:25:00,2025-02-18 16:50:00,Y,,20,20.1,0
ORD-26475,03/14/2025 11:01,01876,02103,Same-Day,Tufts Medical,D023,2025-03-14 11:09:00,2025-03-14 11:57:00,2025-03-14 12:51:00,2025-03-14 13:12:00,N,dispatcher note: double-check temp on this one before logging,35,26.33,1
ORD-26476,03/22/2025 12:50,02149,02106,ROUTINE,MGH,D027,2025-03-22 13:16:00,2025-03-22 13:48:00,2025-03-22 14:53:00,2025-03-22 17:04:00,Y,"pickup not ready, driver waiting 15+ min",20,36.61,0
ORD-26477,2025-02-13 13:27:00,02061,02127,SAME-DAY,Lowell General,D027,2025-02-13 13:57:00,2025-02-13 14:47:00,2025-02-13 15:06:00,2025-02-13 17:04:00,N,specimen temp excursion possible - driver reports cooler malfunction,21,33.16,0
ORD-26478,01/12/2025 05:47,02054,02019,same-day,Lowell General,D027,2025-01-12 05:54:00,2025-01-12 06:42:00,2025-01-12 07:07:00,2025-01-12 08:59:00,Y,redelivery needed: building locked,25,7.41,0
ORD-26479,2025-01-15 14:20:00,02153,02185,Routine,MGH,D005,2025-01-15 14:42:00,2025-01-15 15:11:00,2025-01-15 16:59:00,2025-01-15 17:43:00,Y,dispatcher note: double-check temp on this one before logging,31,26.91,0
ORD-26480,2025-02-06 14:46:00,02103,02048,ROUTINE,Labcorp Inc,D010,2025-02-06 15:28:00,2025-02-06 16:25:00,2025-02-06 16:42:00,2025-02-06 19:29:00,Y,"client called to confirm - specimen critical, needs STAT upgrade",42,22.15,0
ORD-26481,03/22/2025 05:45,02032,02053,stat,Cape Cod Hospital,D012,2025-03-22 06:19:00,2025-03-22 06:47:00,2025-03-22 07:56:00,2025-03-22 06:41:00,Y,specimen labeled incorrectly by client,44,10.35,0
ORD-26482,2025-01-21 05:03:00,02026,02113,ROUTINE,Labcorp Inc,UNASSIGNED,2025-01-21 05:37:00,2025-01-21 06:15:00,2025-01-21 07:09:00,2025-01-21 10:34:00,Y,driver cannot locate parking at hospital,34,21.26,0
ORD-26483,2025/01/23 08:19,02184,02119,STAT,Quest Diag,D019,2025-01-23 08:28:00,2025-01-23 09:25:00,2025-01-23 09:42:00,2025-01-23 09:12:00,N,specimen container damaged on pickup,35,32.58,0
ORD-26484,03-11-25 06:43 PM,02189,02171,Rush,Tufts Medical,D007,2025-03-11 18:59:00,2025-03-11 19:22:00,,2025-03-11 20:26:00,Y,package refused by receiving staff - no signature authority,27,11.05,0
ORD-26485,2025/02/24 15:34,02062,02130,Same-Day,Tufts Med Center,D024,2025-02-24 16:17:00,,2025-02-24 17:47:00,2025-02-24 18:15:00,Y,"client called to confirm - specimen critical, needs STAT upgrade",44,23.84,0
ORD-26486,02-09-25 02:43 PM,01845,02125,same-day,BioReference Labs,D022,2025-02-09 15:09:00,2025-02-09 15:52:00,2025-02-09 17:50:00,2025-02-09 16:57:00,Y,called client re specimen integrity - awaiting callback,44,22.52,0
ORD-26487,2025-01-14 12:19:00,02128,02113,ROUTINE,South Shore Hospital,D004,2025-01-14 12:34:00,2025-01-14 12:48:00,2025-01-14 14:11:00,2025-01-14 16:07:00,Y,"elevator down at 15 Elm St, driver using stairs",43,10.3,0
ORD-26488,2025/01/22 06:38,02128,02187,Routine,Mass General Hospital,D004,2025-01-22 07:18:00,2025-01-22 07:34:00,2025-01-22 09:23:00,2025-01-22 10:17:00,Y,traffic accident on route 1 delay,23,7.42,0
ORD-26489,02/22/2025 06:15,02191,02043,RUSH,Brigham and Womens,D005,2025-02-22 06:38:00,2025-02-22 06:50:00,2025-02-22 07:33:00,2025-02-22 07:33:00,N,driver reports ice on roads in reading area,39,28.36,0
ORD-26490,2025-03-21 23:47:00,02133,02198,RUSH,Quest Diag,D027,2025-03-22 00:17:00,2025-03-22 01:14:00,2025-03-22 01:59:00,2025-03-22 01:43:00,Y,,40,10.66,0
ORD-26491,2025/03/18 06:26,02188,02025,RUSH,Boston Med Ctr,D020,2025-03-18 06:34:00,2025-03-18 07:30:00,,2025-03-18 07:32:00,Y,pickup completed but paperwork missing from package,29,17.25,0
ORD-26492,2025/03/21 06:03,02192,02054,Routine,Emerson Hospital,D017,2025-03-21 06:14:00,2025-03-21 07:11:00,2025-03-21 09:08:00,2025-03-21 10:49:00,Y,,13,7.3,0
ORD-26493,2025-03-06 09:40:00,02139,02156,routine,Providence Health,D010,2025-03-06 09:44:00,2025-03-06 10:06:00,2025-03-06 11:28:00,2025-03-06 13:02:00,Y,"driver stuck in traffic on 93, running ~20 min late",27,9.16,0
ORD-26494,2025/03/24 13:59,02066,02191,STAT,Boston Med Ctr,D030,2025-03-24 14:05:00,2025-03-24 14:27:00,,2025-03-24 14:59:00,Y,driver reports ice on roads in reading area,22,25.13,0
ORD-26495,2025-01-18 08:12:00,02199,02118,STAT,LabCorp,D022,2025-01-18 08:26:00,2025-01-18 08:38:00,2025-01-18 10:24:00,2025-01-18 09:10:00,Y,"wrong zip code on order, corrected",6,9.44,0
ORD-26496,,02072,02106,RUSH,Northeast Labs,D012,2025-03-23 20:44:00,2025-03-23 21:20:00,2025-03-23 21:36:00,2025-03-23 22:21:00,Y,driver reports ice on roads in reading area,30,24.83,0
ORD-26497,,02190,02111,ROUTINE,Cape Cod Hospital,D022,2025-02-14 04:07:00,2025-02-14 05:01:00,,2025-02-14 08:16:00,Y,,27,9.01,0
ORD-26498,2025-03-08 12:33:00,02119,02184,Routine,Labcorp Inc,D040,2025-03-08 13:15:00,2025-03-08 13:29:00,2025-03-08 14:14:00,2025-03-08 15:46:00,Y,package refused by receiving staff - no signature authority,13,5.27,0
ORD-26499,01-13-25 11:51 PM,02019,02199,RUSH,MGH,D038,2025-01-14 00:11:00,2025-01-14 01:09:00,2025-01-14 02:49:00,2025-01-14 01:39:00,Y,"driver stuck in traffic on 93, running ~20 min late",18,11.45,0
ORD-26500,01/17/2025 15:46,02120,02021,routine,Quest Diag,D036,2025-01-17 15:59:00,2025-01-17 16:45:00,,2025-01-17 19:17:00,Y,,41,36.56,0
ORD-26501,2025-01-31 09:08:00,02130,02152,SAME-DAY,Cape Cod Hospital,D014,2025-01-31 09:51:00,2025-01-31 10:37:00,2025-01-31 10:59:00,2025-01-31 12:32:00,Y,"client changed pickup time, driver redirected",5,13.07,0
ORD-26502,2025/03/08 15:25,02121,02066,Routine,Quest Diag,D010,2025-03-08 16:05:00,2025-03-08 16:38:00,2025-03-08 17:14:00,2025-03-08 20:41:00,Y,,15,10.02,0
ORD-26503,03-11-25 06:48 PM,02121,02131,STAT,LabCorp,D028,2025-03-11 19:23:00,2025-03-11 19:54:00,2025-03-11 21:14:00,2025-03-11 19:39:00,Y,GPS routing error sent driver to wrong building,36,25.91,0
ORD-26504,03/07/2025 02:25,02176,02198,stat,MGH,D037,2025-03-07 02:48:00,2025-03-07 03:28:00,,2025-03-07 03:06:00,Y,"wrong address on manifest, corrected enroute",35,16.04,0
ORD-26505,2025/02/13 13:10,02145,02032,ROUTINE,BioReference Labs,D018,2025-02-13 13:18:00,2025-02-13 13:32:00,2025-02-13 15:14:00,2025-02-13 18:24:00,Y,,15,15.33,0
ORD-26506,01/17/2025 16:41,02133,02032,ROUTINE,MGH,D018,2025-01-17 17:23:00,2025-01-17 17:55:00,,2025-01-17 21:12:00,Y,GPS routing error sent driver to wrong building,24,24.98,0
ORD-26507,02/27/2025 12:27,02150,02102,SAME-DAY,Northeast Laboratory,D014,2025-02-27 12:52:00,2025-02-27 13:34:00,,2025-02-27 14:41:00,Y,traffic accident on route 1 delay,7,29.17,0
ORD-26508,03/16/2025 11:40,02197,02140,STAT,Tufts Med Center,D035,2025-03-16 11:56:00,2025-03-16 12:55:00,2025-03-16 13:49:00,2025-03-16 12:22:00,Y,specimen temp excursion possible - driver reports cooler malfunction,41,30.17,0
ORD-26509,2025/02/26 13:03,02176,02038,SAME-DAY,Northeast Laboratory,D014,2025-02-26 13:18:00,,2025-02-26 14:56:00,2025-02-26 15:45:00,Y,driver reports ice on roads in reading area,20,34.02,0
ORD-26510,2025-02-22 10:47:00,02197,02151,RUSH,MGH,D002,2025-02-22 11:12:00,2025-02-22 11:59:00,2025-02-22 12:45:00,2025-02-22 12:26:00,Y,"client changed pickup time, driver redirected",22,32.13,0
ORD-26511,2025-02-22 13:08:00,01840,02035,RUSH,Brigham and Womens,D020,2025-02-22 13:50:00,,2025-02-22 15:32:00,2025-02-22 14:53:00,Y,called client re specimen integrity - awaiting callback,31,25.49,0
ORD-26512,2025-03-30 07:32:00,01832,02125,same-day,LabCorp,D014,2025-03-30 08:10:00,2025-03-30 08:21:00,2025-03-30 09:07:00,2025-03-30 11:23:00,Y,package refused by receiving staff - no signature authority,10,17.44,0
ORD-26513,2025-02-24 08:38:00,02114,02043,ROUTINE,Quest Diagnostics,D001,2025-02-24 09:09:00,2025-02-24 09:58:00,,2025-02-24 13:41:00,Y,"wrong address on manifest, corrected enroute",41,35.93,0
ORD-26514,2025-03-20 11:29:00,02071,02109,STAT,Lowell General,D020,2025-03-20 11:38:00,2025-03-20 12:07:00,2025-03-20 14:03:00,2025-03-20 12:05:00,Y,GPS routing error sent driver to wrong building,22,10.46,0
ORD-26515,03-29-25 03:33 PM,02061,02047,ROUTINE,MGH,D028,2025-03-29 15:58:00,2025-03-29 16:57:00,2025-03-29 18:00:00,2025-03-29 20:36:00,N,"pickup not ready, driver waiting 15+ min",24,13.32,0
ORD-26516,01/28/2025 13:19,02163,02180,ROUTINE,Lowell General,D022,2025-01-28 13:48:00,2025-01-28 14:34:00,2025-01-28 16:31:00,2025-01-28 16:19:00,Y,driver cannot locate parking at hospital,44,6.3,0
ORD-26517,02/22/2025 19:44,02189,02116,RUSH,LabCorp,D030,2025-02-22 19:54:00,,2025-02-22 21:07:00,2025-02-22 21:05:00,Y,driver reports ice on roads in reading area,34,30.18,0
ORD-26518,03-21-25 08:15 PM,02180,02047,Stat,BioReference Labs,D012,2025-03-21 20:40:00,2025-03-21 21:19:00,2025-03-21 22:20:00,2025-03-21 20:53:00,N,"pickup not ready, driver waiting 15+ min",22,29.0,0
ORD-26519,2025/01/14 10:21,02071,02187,stat,Lowell General,D016,2025-01-14 10:33:00,2025-01-14 11:06:00,2025-01-14 12:29:00,2025-01-14 10:51:00,Y,"driver called in sick mid-route, reassigning trips",42,32.53,0
ORD-26520,2025/03/05 15:19,02067,02192,STAT,Children's Hospital,D010,2025-03-05 15:55:00,2025-03-05 16:21:00,2025-03-05 18:14:00,2025-03-05 15:55:00,Y,specimen labeled incorrectly by client,18,26.45,0
ORD-26521,03/24/2025 09:00,02111,02115,Stat,Providence Health,D029,2025-03-24 09:43:00,2025-03-24 09:59:00,2025-03-24 11:45:00,2025-03-24 09:51:00,Y,pickup completed but paperwork missing from package,20,8.67,0
ORD-26522,02/15/2025 14:36,01832,02194,Routine,Tufts Medical,D024,2025-02-15 15:04:00,2025-02-15 15:21:00,2025-02-15 15:40:00,2025-02-15 19:15:00,N,"wrong address on manifest, corrected enroute",34,27.21,0
ORD-26523,01-07-25 03:28 PM,02199,02163,rush,Emerson Hospital,D003,2025-01-07 16:02:00,2025-01-07 16:39:00,2025-01-07 18:03:00,2025-01-07 17:01:00,Y,"driver called in sick mid-route, reassigning trips",11,28.07,0
ORD-26524,2025-01-16 15:23:00,02169,02134,ROUTINE,Providence Health,D026,2025-01-16 15:41:00,2025-01-16 16:03:00,2025-01-16 17:03:00,2025-01-16 19:24:00,Y,"driver called in sick mid-route, reassigning trips",27,24.41,0
ORD-26525,01/07/2025 11:29,02122,02196,stat,NE Labs,D015,2025-01-07 11:54:00,2025-01-07 12:10:00,2025-01-07 14:09:00,2025-01-07 12:01:00,Y,specimen temp excursion possible - driver reports cooler malfunction,43,33.22,0
ORD-26526,2025/01/23 11:19,02032,02180,Rush,Lowell General,D021,2025-01-23 11:52:00,2025-01-23 12:51:00,2025-01-23 14:37:00,2025-01-23 13:08:00,Y,"wrong address on manifest, corrected enroute",22,5.25,0
ORD-26527,2025/03/28 01:03,02142,02060,stat,LabCorp,D028,2025-03-28 01:29:00,2025-03-28 01:48:00,,2025-03-28 01:38:00,Y,"pickup not ready, driver waiting 15+ min",16,26.92,0
ORD-26528,2025/02/01 18:30,02200,02138,Routine,NE Labs,D033,2025-02-01 19:06:00,2025-02-01 19:43:00,2025-02-01 20:47:00,2025-02-01 22:02:00,Y,traffic accident on route 1 delay,15,25.49,0
ORD-26529,2025/01/23 09:10,01850,02115,ROUTINE,Emerson Hospital,D010,2025-01-23 09:34:00,2025-01-23 10:23:00,2025-01-23 12:21:00,2025-01-23 13:31:00,Y,driver cannot locate parking at hospital,45,17.15,0
ORD-26530,2025-02-18 14:11:00,02180,02145,RUSH,NE Labs,D007,2025-02-18 14:48:00,2025-02-18 15:46:00,2025-02-18 17:26:00,2025-02-18 15:24:00,Y,driver reports ice on roads in reading area,17,5.11,0
ORD-26531,2025-02-14 07:13:00,02138,02043,ROUTINE,South Shore Hospital,D029,2025-02-14 07:43:00,2025-02-14 08:12:00,2025-02-14 09:32:00,2025-02-14 11:24:00,Y,"wrong address on manifest, corrected enroute",21,9.01,0
ORD-26532,01-05-25 07:16 PM,02038,02129,Stat,MGH,D007,2025-01-05 19:26:00,2025-01-05 20:04:00,2025-01-05 20:42:00,2025-01-05 19:58:00,N,"driver stuck in traffic on 93, running ~20 min late",37,30.55,0
ORD-26533,03-02-25 06:02 PM,01803,02176,ROUTINE,Tufts Medical,D035,2025-03-02 18:20:00,2025-03-02 18:59:00,2025-03-02 20:53:00,2025-03-02 22:37:00,N,GPS routing error sent driver to wrong building,35,6.7,0
ORD-26534,01/14/2025 11:02,02121,02194,Rush,Northeast Laboratory,D007,2025-01-14 11:37:00,2025-01-14 12:23:00,2025-01-14 13:27:00,2025-01-14 12:54:00,Y,redelivery needed: building locked,24,31.16,0
ORD-26535,02/03/2025 13:29,02130,02030,STAT,Northeast Laboratory,D015,2025-02-03 14:10:00,2025-02-03 14:21:00,2025-02-03 16:03:00,2025-02-03 14:24:00,Y,specimen temp excursion possible - driver reports cooler malfunction,41,29.65,0
ORD-26536,03/25/2025 01:19,02180,02047,same-day,South Shore Hospital,D029,2025-03-25 01:25:00,,2025-03-25 02:40:00,2025-03-25 04:30:00,Y,traffic accident on route 1 delay,30,9.26,0
ORD-26537,2025-02-21 11:00:00,01886,02118,Same-Day,Mass General Hospital,D016,2025-02-21 11:43:00,2025-02-21 12:39:00,2025-02-21 13:44:00,2025-02-21 13:21:00,Y,"driver stuck in traffic on 93, running ~20 min late",13,18.69,0
ORD-26538,2025-01-05 12:32:00,02171,02140,ROUTINE,Boston Med Ctr,D039,2025-01-05 12:49:00,2025-01-05 13:48:00,2025-01-05 14:28:00,2025-01-05 17:40:00,Y,traffic accident on route 1 delay,44,4.64,0
ORD-26539,2025/02/17 10:56,02187,02111,ROUTINE,Quest Diag,D025,2025-02-17 11:35:00,2025-02-17 12:34:00,2025-02-17 13:16:00,2025-02-17 14:02:00,Y,pickup completed but paperwork missing from package,10,34.9,0
ORD-26540,01/13/2025 07:34,01851,02001,RUSH,Tufts Med Center,D038,2025-01-13 08:07:00,,2025-01-13 10:21:00,2025-01-13 09:25:00,Y,"client called to confirm - specimen critical, needs STAT upgrade",34,35.62,0
ORD-26541,,01826,02151,Rush,Childrens Hospital,D037,2025-01-12 18:06:00,2025-01-12 18:24:00,2025-01-12 18:48:00,2025-01-12 19:08:00,N,"wrong address on manifest, corrected enroute",30,31.61,0
ORD-26542,03/23/2025 12:20,02109,02163,ROUTINE,Boston Medical Center,D030,2025-03-23 12:48:00,2025-03-23 13:27:00,2025-03-23 14:40:00,2025-03-23 15:35:00,N,driver cannot locate parking at hospital,19,36.05,0
ORD-26543,03-18-25 04:29 PM,02141,02133,routine,Emerson Hospital,D016,2025-03-18 16:34:00,2025-03-18 16:58:00,2025-03-18 17:42:00,2025-03-18 21:16:00,Y,pickup completed but paperwork missing from package,33,29.79,0
ORD-26544,2025/03/06 18:16,02061,02116,Routine,Quest Diagnostics,D035,2025-03-06 18:21:00,2025-03-06 18:50:00,2025-03-06 20:20:00,2025-03-06 22:11:00,Y,"driver ran out of dry ice, needs resupply",10,17.47,0
ORD-26545,2025-02-14 17:10:00,02110,02025,Routine,Providence Health,D024,2025-02-14 17:50:00,2025-02-14 18:19:00,2025-02-14 20:05:00,2025-02-14 20:40:00,N,specimen temp excursion possible - driver reports cooler malfunction,35,23.8,0
ORD-26546,02-28-25 09:43 AM,02105,02150,rush,Tufts Med Center,D030,2025-02-28 09:55:00,2025-02-28 10:29:00,2025-02-28 11:05:00,2025-02-28 11:15:00,Y,"driver called in sick mid-route, reassigning trips",6,23.93,0
ORD-26547,2025-03-20 11:43:00,02188,02151,Routine,Northeast Labs,D025,2025-03-20 12:23:00,2025-03-20 13:11:00,2025-03-20 14:59:00,2025-03-20 17:29:00,Y,GPS routing error sent driver to wrong building,9,8.93,0
ORD-26548,02/23/2025 15:30,02163,02184,SAME-DAY,Childrens Hospital,D024,2025-02-23 16:02:00,2025-02-23 17:00:00,2025-02-23 17:20:00,2025-02-23 19:24:00,Y,package refused by receiving staff - no signature authority,29,20.19,0
ORD-26549,01-25-25 05:51 PM,02108,02109,ROUTINE,NE Labs,D029,2025-01-25 18:09:00,2025-01-25 18:26:00,2025-01-25 19:26:00,2025-01-25 21:35:00,Y,,7,36.89,0
ORD-26550,03/26/2025 18:18,02032,02128,ROUTINE,Mass General Hospital,D010,2025-03-26 18:34:00,2025-03-26 19:21:00,2025-03-26 20:54:00,2025-03-26 22:55:00,N,redelivery needed: building locked,6,36.39,0
ORD-26551,2025/02/04 14:43,02103,02030,RUSH,Boston Med Ctr,D029,2025-02-04 15:20:00,2025-02-04 15:50:00,2025-02-04 16:55:00,2025-02-04 15:48:00,N,"pickup not ready, driver waiting 15+ min",20,32.46,1
ORD-26552,02/19/2025 17:16,02192,02199,RUSH,BioReference Labs,D022,2025-02-19 17:34:00,2025-02-19 17:51:00,2025-02-19 18:19:00,2025-02-19 19:04:00,Y,,5,16.63,0
ORD-26553,2025/02/10 18:33,02059,02135,same-day,Children's Hospital,D020,2025-02-10 18:44:00,2025-02-10 19:15:00,2025-02-10 20:16:00,2025-02-10 22:23:00,Y,GPS routing error sent driver to wrong building,40,36.68,0
ORD-26554,03/12/2025 10:43,02032,02060,ROUTINE,Boston Med Ctr,D016,2025-03-12 10:50:00,2025-03-12 11:02:00,2025-03-12 12:18:00,2025-03-12 15:06:00,Y,GPS routing error sent driver to wrong building,18,30.49,0
ORD-26555,2025-03-27 07:51:00,02121,02189,STAT,Tufts Med Center,D005,2025-03-27 08:10:00,2025-03-27 08:30:00,2025-03-27 10:27:00,2025-03-27 08:46:00,Y,delayed at security checkpoint - id verification required,12,26.83,0
ORD-26556,2025-02-21 09:07:00,02035,02128,Routine,BioReference Labs,D001,2025-02-21 09:40:00,2025-02-21 09:51:00,2025-02-21 10:06:00,2025-02-21 12:52:00,Y,lab closed early today per client,26,9.53,0
ORD-26557,01-04-25 07:10 AM,02139,02067,STAT,Cape Cod Hospital,D024,2025-01-04 07:32:00,,2025-01-04 09:00:00,2025-01-04 07:55:00,Y,"driver called in sick mid-route, reassigning trips",9,34.25,0
ORD-26558,2025-02-22 10:55:00,02139,02062,STAT,Boston Medical Center,D026,2025-02-22 11:34:00,2025-02-22 12:00:00,2025-02-22 13:12:00,2025-02-22 11:32:00,Y,redelivery needed: building locked,8,34.94,0
ORD-26559,2025/02/14 09:34,02177,02128,stat,Providence Health,D033,2025-02-14 10:08:00,2025-02-14 10:33:00,2025-02-14 11:06:00,2025-02-14 10:21:00,Y,"driver stuck in traffic on 93, running ~20 min late",32,7.45,0
ORD-26560,02/04/2025 09:38,01864,02170,ROUTINE,MGH,D035,2025-02-04 10:02:00,,2025-02-04 12:16:00,2025-02-04 12:39:00,N,specimen temp excursion possible - driver reports cooler malfunction,11,21.13,0
ORD-26561,2025-03-04 14:01:00,02062,02110,ROUTINE,Northeast Laboratory,D036,2025-03-04 14:13:00,2025-03-04 15:09:00,2025-03-04 16:34:00,2025-03-04 17:59:00,Y,delayed at security checkpoint - id verification required,33,32.35,0
ORD-26562,03-16-25 01:12 PM,02129,02150,ROUTINE,Providence Health,D022,2025-03-16 13:49:00,2025-03-16 14:22:00,2025-03-16 15:57:00,2025-03-16 16:31:00,Y,traffic accident on route 1 delay,43,7.29,0
ORD-26563,2025/03/19 07:01,02111,02149,routine,Childrens Hospital,D008,2025-03-19 07:23:00,2025-03-19 07:52:00,2025-03-19 08:30:00,2025-03-19 11:01:00,Y,"driver vehicle breakdown, transfer to DD025 in progress",13,7.17,0
ORD-26564,03/12/2025 08:04,02139,02001,Same-Day,Tufts Medical,D016,2025-03-12 08:48:00,2025-03-12 09:43:00,2025-03-12 10:53:00,2025-03-12 11:56:00,Y,lab closed early today per client,17,11.12,0
ORD-26565,2025/02/14 17:39,02120,02191,STAT,Labcorp Inc,D008,2025-02-14 18:03:00,2025-02-14 19:01:00,2025-02-14 20:07:00,2025-02-14 18:37:00,Y,"driver called in sick mid-route, reassigning trips",7,25.05,0
ORD-26566,03/16/2025 04:51,02197,02196,ROUTINE,Emerson Hospital,D019,2025-03-16 05:24:00,2025-03-16 06:00:00,2025-03-16 07:29:00,2025-03-16 08:03:00,Y,"driver stuck in traffic on 93, running ~20 min late",43,27.92,0
ORD-26567,03/04/2025 08:26,02191,02125,Rush,South Shore Hospital,D009,2025-03-04 08:37:00,2025-03-04 09:03:00,2025-03-04 10:04:00,2025-03-04 09:40:00,Y,"client called to confirm - specimen critical, needs STAT upgrade",19,29.98,0
ORD-26568,2025/02/05 19:40,02195,02114,ROUTINE,Boston Med Ctr,D007,2025-02-05 19:50:00,2025-02-05 20:29:00,2025-02-05 22:20:00,2025-02-05 23:59:00,Y,driver cannot locate parking at hospital,36,15.5,0
ORD-26569,2025/03/16 21:00,02136,02109,ROUTINE,Boston Med Ctr,D015,2025-03-16 21:16:00,2025-03-16 22:05:00,2025-03-16 23:02:00,2025-03-17 01:54:00,Y,"driver vehicle breakdown, transfer to DD011 in progress",41,12.62,0
ORD-26570,2025-03-25 15:39:00,02105,02053,ROUTINE,Tufts Medical,D006,2025-03-25 16:04:00,,2025-03-25 17:38:00,2025-03-25 20:29:00,Y,"driver vehicle breakdown, transfer to DD020 in progress",34,12.42,0
ORD-26571,02/12/2025 01:46,02132,02200,STAT,Northeast Laboratory,D041,2025-02-12 01:52:00,2025-02-12 02:21:00,2025-02-12 03:31:00,2025-02-12 02:43:00,Y,lab closed early today per client,24,21.36,0
ORD-26572,02/02/2025 16:45,02045,02047,SAME-DAY,South Shore Hospital,D012,2025-02-02 17:29:00,2025-02-02 17:46:00,2025-02-02 18:32:00,2025-02-02 19:03:00,Y,pickup completed but paperwork missing from package,8,19.34,0
ORD-26573,2025/02/17 16:17,02030,02032,stat,Mass General Hospital,D026,2025-02-17 16:57:00,2025-02-17 17:24:00,2025-02-17 17:41:00,2025-02-17 17:11:00,Y,,16,27.58,0
ORD-26574,01-24-25 11:35 AM,02060,02186,stat,Tufts Med Center,D015,2025-01-24 11:53:00,2025-01-24 12:33:00,2025-01-24 12:50:00,2025-01-24 12:25:00,Y,"driver called in sick mid-route, reassigning trips",18,37.52,0
ORD-26575,02/25/2025 09:54,02052,02071,ROUTINE,MGH,UNASSIGNED,2025-02-25 10:33:00,2025-02-25 11:06:00,2025-02-25 12:29:00,2025-02-25 13:34:00,N,specimen labeled incorrectly by client,27,35.18,0
ORD-26576,01/18/2025 08:08,02180,02104,ROUTINE,NE Labs,D023,2025-01-18 08:31:00,,2025-01-18 10:35:00,2025-01-18 12:16:00,Y,"elevator down at 15 Elm St, driver using stairs",8,9.6,0
ORD-26577,03/25/2025 16:43,02061,02169,RUSH,NE Labs,D011,2025-03-25 17:09:00,2025-03-25 17:42:00,2025-03-25 19:41:00,2025-03-25 17:57:00,Y,,7,30.32,0
ORD-26578,01/11/2025 12:54,02151,02151,SAME-DAY,LabCorp,D015,2025-01-11 13:16:00,2025-01-11 13:42:00,2025-01-11 15:15:00,2025-01-11 16:12:00,Y,"client changed pickup time, driver redirected",12,21.16,0
ORD-26579,2025/02/11 09:07,02102,02180,routine,Brigham & Women's,D041,2025-02-11 09:51:00,2025-02-11 10:18:00,,2025-02-11 13:57:00,N,GPS routing error sent driver to wrong building,13,6.99,0
ORD-26580,2025/03/11 13:57,02107,02134,RUSH,Northeast Labs,D001,2025-03-11 14:29:00,2025-03-11 14:43:00,2025-03-11 15:53:00,2025-03-11 15:00:00,Y,"driver ran out of dry ice, needs resupply",29,16.51,0
ORD-26581,2025-03-26 10:28:00,01845,02144,stat,Brigham and Womens,D028,2025-03-26 10:32:00,2025-03-26 10:44:00,2025-03-26 12:03:00,2025-03-26 11:01:00,N,,23,18.49,1
ORD-26582,01/08/2025 15:38,02185,02193,ROUTINE,BioReference Labs,D039,2025-01-08 15:54:00,2025-01-08 16:21:00,2025-01-08 16:40:00,2025-01-08 21:26:00,N,specimen labeled incorrectly by client,40,18.16,0
ORD-26583,2025-03-11 15:05:00,02143,02152,SAME-DAY,St. Elizabeth's Medical,D023,2025-03-11 15:48:00,2025-03-11 16:40:00,2025-03-11 16:59:00,2025-03-11 17:56:00,Y,"driver ran out of dry ice, needs resupply",15,10.4,0
ORD-26584,01-06-25 01:09 AM,01879,02101,Routine,BioReference Labs,D019,2025-01-06 01:40:00,2025-01-06 02:30:00,2025-01-06 03:04:00,2025-01-06 05:56:00,Y,driver reports ice on roads in reading area,38,28.77,0
ORD-26585,01/05/2025 20:14,02103,02026,rush,Tufts Med Center,D038,2025-01-05 20:57:00,,2025-01-05 22:57:00,2025-01-05 21:32:00,Y,traffic accident on route 1 delay,31,7.16,0
ORD-26586,02/20/2025 11:36,02107,02156,ROUTINE,Cape Cod Hospital,D024,2025-02-20 11:43:00,2025-02-20 12:14:00,2025-02-20 13:40:00,2025-02-20 14:57:00,Y,called client re specimen integrity - awaiting callback,32,26.91,0
ORD-26587,2025/02/17 16:13,02038,02067,STAT,Northeast Laboratory,D029,2025-02-17 16:29:00,,,2025-02-17 16:54:00,Y,called client re specimen integrity - awaiting callback,32,31.0,0
ORD-26588,2025-02-01 15:45:00,02171,02134,STAT,Brigham and Womens,D032,2025-02-01 16:23:00,2025-02-01 16:39:00,2025-02-01 17:55:00,2025-02-01 16:28:00,N,lab closed early today per client,40,9.65,0
ORD-26589,01/20/2025 08:03,02071,02142,RUSH,Northeast Labs,D022,2025-01-20 08:24:00,2025-01-20 08:36:00,2025-01-20 10:06:00,2025-01-20 09:05:00,Y,delayed at security checkpoint - id verification required,40,23.53,0
ORD-26590,03/06/2025 10:29,02119,02189,STAT,Labcorp Inc,D014,2025-03-06 10:32:00,2025-03-06 11:32:00,2025-03-06 12:12:00,2025-03-06 11:06:00,Y,specimen temp excursion possible - driver reports cooler malfunction,160,14.25,0
ORD-26591,2025-02-11 07:19:00,02030,02103,ROUTINE,South Shore Hospital,D029,2025-02-11 07:58:00,2025-02-11 08:49:00,2025-02-11 10:16:00,2025-02-11 12:04:00,Y,package refused by receiving staff - no signature authority,37,27.72,0
ORD-26592,02-16-25 06:38 AM,01879,02121,RUSH,Childrens Hospital,D041,2025-02-16 07:06:00,2025-02-16 07:16:00,2025-02-16 07:38:00,2025-02-16 07:46:00,Y,lab closed early today per client,7,29.41,0
ORD-26593,02/28/2025 17:06,01850,02047,RUSH,Providence Health,D017,2025-02-28 17:15:00,2025-02-28 18:05:00,2025-02-28 19:26:00,2025-02-28 19:02:00,Y,"pickup not ready, driver waiting 15+ min",9,18.95,0
ORD-26594,03/12/2025 16:54,02129,02119,ROUTINE,BioReference Labs,D018,2025-03-12 17:28:00,,2025-03-12 19:53:00,2025-03-12 20:43:00,Y,"pickup not ready, driver waiting 15+ min",13,24.99,0
ORD-26595,2025/03/13 16:54,02053,02143,STAT,Boston Med Ctr,D017,2025-03-13 17:32:00,2025-03-13 17:58:00,2025-03-13 18:32:00,2025-03-13 17:30:00,Y,specimen labeled incorrectly by client,34,7.07,0
ORD-26596,2025/02/17 03:04,02190,02116,SAME-DAY,Northeast Laboratory,D025,2025-02-17 03:31:00,2025-02-17 04:18:00,2025-02-17 05:53:00,2025-02-17 06:44:00,N,dispatcher note: double-check temp on this one before logging,20,18.19,0
ORD-26597,01-05-25 08:59 AM,01851,02192,ROUTINE,Cape Cod Hospital,D007,2025-01-05 09:39:00,2025-01-05 10:28:00,2025-01-05 12:25:00,2025-01-05 13:35:00,Y,"driver called in sick mid-route, reassigning trips",43,14.68,0
ORD-26598,03-05-25 10:35 AM,02026,02142,STAT,Northeast Laboratory,D006,2025-03-05 10:55:00,2025-03-05 11:17:00,2025-03-05 11:43:00,2025-03-05 11:08:00,Y,,40,14.95,0
ORD-26599,02-14-25 07:44 PM,01879,02145,ROUTINE,Childrens Hospital,D001,2025-02-14 20:06:00,,2025-02-14 21:38:00,2025-02-14 22:44:00,Y,driver cannot locate parking at hospital,8,34.74,0
ORD-26600,2025/03/01 06:42,02110,02195,stat,Northeast Labs,D017,2025-03-01 07:07:00,2025-03-01 07:41:00,2025-03-01 09:33:00,2025-03-01 07:42:00,Y,driver reports ice on roads in reading area,25,20.33,0
ORD-26601,02-05-25 04:29 PM,01821,02132,stat,Childrens Hospital,D040,2025-02-05 17:12:00,2025-02-05 18:01:00,2025-02-05 19:30:00,2025-02-05 16:59:00,Y,specimen labeled incorrectly by client,20,28.22,0
ORD-26602,02/21/2025 15:39,02001,02035,Rush,Quest Diagnostics,D025,2025-02-21 15:43:00,2025-02-21 16:03:00,2025-02-21 16:46:00,2025-02-21 17:01:00,Y,"wrong address on manifest, corrected enroute",40,20.88,0
ORD-26603,2025/02/21 08:43,01850,02104,same-day,St. Elizabeth's Medical,D022,2025-02-21 09:04:00,,2025-02-21 11:11:00,2025-02-21 11:33:00,N,,263,19.27,0
ORD-26604,2025/02/22 11:19,02072,02038,ROUTINE,Tufts Med Center,D033,2025-02-22 11:38:00,2025-02-22 11:52:00,2025-02-22 13:13:00,2025-02-22 15:22:00,Y,recipient not available at delivery location,6,35.37,0
ORD-26605,03-01-25 04:00 PM,02108,02190,Same-Day,Mass General Hospital,D021,2025-03-01 16:39:00,2025-03-01 17:27:00,2025-03-01 18:21:00,2025-03-01 19:59:00,N,specimen container damaged on pickup,11,34.15,0
ORD-26606,2025/03/16 14:27,01826,02140,ROUTINE,Brigham & Women's,D018,2025-03-16 14:48:00,2025-03-16 15:03:00,2025-03-16 15:55:00,2025-03-16 18:52:00,Y,GPS routing error sent driver to wrong building,33,12.28,0
ORD-26607,03-28-25 01:19 PM,02151,02171,same-day,Quest Diag,D011,2025-03-28 13:36:00,2025-03-28 13:52:00,2025-03-28 15:19:00,2025-03-28 17:03:00,Y,specimen labeled incorrectly by client,28,4.54,0
ORD-26608,01-09-25 09:44 AM,02129,02127,Rush,Labcorp Inc,D014,2025-01-09 10:11:00,2025-01-09 10:28:00,2025-01-09 12:14:00,2025-01-09 11:25:00,Y,specimen labeled incorrectly by client,11,11.75,0
ORD-26609,2025-03-15 17:48:00,02195,02122,RUSH,Tufts Medical,D010,2025-03-15 18:03:00,2025-03-15 19:00:00,2025-03-15 20:56:00,2025-03-15 19:42:00,Y,,26,12.66,0
ORD-26610,03-22-25 07:30 AM,02101,02198,rush,NE Labs,D006,2025-03-22 07:48:00,2025-03-22 08:34:00,2025-03-22 09:24:00,2025-03-22 09:18:00,Y,"client called to confirm - specimen critical, needs STAT upgrade",29,5.62,0
ORD-26611,2025-01-02 09:35:00,02114,02133,routine,Childrens Hospital,D008,2025-01-02 09:45:00,2025-01-02 10:03:00,2025-01-02 11:07:00,2025-01-02 15:05:00,Y,traffic accident on route 1 delay,28,17.67,0
ORD-26612,2025-02-22 08:37:00,02131,02185,STAT,Quest Diagnostics,D041,2025-02-22 09:21:00,2025-02-22 09:54:00,2025-02-22 10:50:00,2025-02-22 09:14:00,Y,specimen labeled incorrectly by client,21,20.43,0
ORD-26613,2025-01-14 14:25:00,02153,02019,Same-Day,LabCorp,D039,2025-01-14 15:09:00,,2025-01-14 16:02:00,2025-01-14 17:14:00,Y,"driver stuck in traffic on 93, running ~20 min late",8,30.76,0
ORD-26614,01/16/2025 14:47,02180,02148,Rush,Children's Hospital,D038,2025-01-16 15:19:00,2025-01-16 16:04:00,2025-01-16 16:43:00,2025-01-16 16:36:00,Y,"wrong zip code on order, corrected",37,36.24,0
ORD-26615,01-31-25 12:43 AM,02119,02120,ROUTINE,Brigham and Womens,D020,2025-01-31 01:28:00,2025-01-31 02:14:00,2025-01-31 03:17:00,2025-01-31 06:38:00,Y,,40,20.52,0
ORD-26616,01/27/2025 14:13,02045,02048,Stat,Boston Medical Center,D030,2025-01-27 14:56:00,2025-01-27 15:46:00,2025-01-27 16:32:00,2025-01-27 15:13:00,Y,"pickup not ready, driver waiting 15+ min",31,9.14,0
ORD-26617,2025-01-11 15:33:00,02191,02120,STAT,Brigham and Womens,D034,2025-01-11 16:01:00,2025-01-11 16:29:00,2025-01-11 18:29:00,2025-01-11 16:23:00,Y,"elevator down at 15 Elm St, driver using stairs",19,9.71,0
ORD-26618,02-23-25 08:07 AM,02107,02026,Stat,Tufts Med Center,D041,2025-02-23 08:49:00,2025-02-23 09:03:00,2025-02-23 10:33:00,2025-02-23 08:45:00,N,specimen labeled incorrectly by client,14,23.84,1
ORD-26619,03/16/2025 15:42,02061,02120,Routine,BioReference Labs,D041,2025-03-16 16:10:00,2025-03-16 16:49:00,2025-03-16 18:47:00,2025-03-16 21:16:00,Y,delayed at security checkpoint - id verification required,21,25.42,0
ORD-26620,2025/02/12 17:10,02056,02127,SAME-DAY,Children's Hospital,D017,2025-02-12 17:32:00,2025-02-12 18:15:00,2025-02-12 19:57:00,2025-02-12 20:52:00,Y,"wrong zip code on order, corrected",32,28.94,0
ORD-26621,2025/02/26 11:55,01860,02110,RUSH,Mass General Hospital,D028,2025-02-26 12:14:00,2025-02-26 13:02:00,,2025-02-26 13:30:00,Y,"wrong address on manifest, corrected enroute",26,16.15,0
ORD-26622,03/29/2025 13:44,02136,02163,ROUTINE,Brigham & Women's,D034,2025-03-29 14:17:00,2025-03-29 14:30:00,2025-03-29 16:03:00,2025-03-29 17:09:00,Y,"driver stuck in traffic on 93, running ~20 min late",22,36.45,0
ORD-26623,03/02/2025 07:26,02150,02169,Rush,Northeast Labs,D013,2025-03-02 07:49:00,,2025-03-02 09:38:00,2025-03-02 08:37:00,Y,called client re specimen integrity - awaiting callback,44,36.37,0
ORD-26624,2025-03-02 15:46:00,02196,02001,stat,LabCorp,D038,2025-03-02 16:09:00,,2025-03-02 18:33:00,2025-03-02 16:42:00,N,pickup completed but paperwork missing from package,33,7.36,1
ORD-26625,2025/03/29 08:25,02110,02102,stat,Tufts Med Center,D023,2025-03-29 08:53:00,2025-03-29 09:32:00,2025-03-29 11:10:00,2025-03-29 09:00:00,Y,"driver ran out of dry ice, needs resupply",23,9.87,0
ORD-26626,2025-01-28 03:00:00,02067,02169,Same-Day,Northeast Laboratory,D033,2025-01-28 03:12:00,2025-01-28 03:32:00,2025-01-28 05:00:00,2025-01-28 06:11:00,N,driver reports ice on roads in reading area,19,32.59,1
ORD-26627,01-16-25 03:30 AM,02120,02195,stat,Brigham & Women's,D015,2025-01-16 04:00:00,2025-01-16 04:58:00,2025-01-16 05:58:00,2025-01-16 04:04:00,N,"client changed pickup time, driver redirected",435,19.55,1
ORD-26628,02/08/2025 07:30,02142,02109,Rush,South Shore Hospital,D040,2025-02-08 08:00:00,2025-02-08 08:23:00,2025-02-08 10:15:00,2025-02-08 08:40:00,Y,pickup completed but paperwork missing from package,25,7.56,0
ORD-26629,2025/01/04 02:23,01826,02193,STAT,Quest Diagnostics,D017,2025-01-04 02:34:00,2025-01-04 03:11:00,2025-01-04 03:42:00,2025-01-04 02:54:00,N,GPS routing error sent driver to wrong building,5,9.01,0
ORD-26630,2025-01-06 07:41:00,01801,02056,SAME-DAY,Lowell General,D010,2025-01-06 08:24:00,2025-01-06 08:46:00,2025-01-06 09:36:00,2025-01-06 10:07:00,Y,GPS routing error sent driver to wrong building,41,36.55,0
ORD-26631,2025/01/05 17:07,02148,02169,stat,Children's Hospital,D028,2025-01-05 17:49:00,2025-01-05 18:34:00,2025-01-05 19:38:00,2025-01-05 17:37:00,Y,,5,13.83,0
ORD-26632,2025-02-03 05:01:00,02107,02169,Stat,Childrens Hospital,UNASSIGNED,2025-02-03 05:38:00,2025-02-03 06:06:00,2025-02-03 06:57:00,2025-02-03 05:31:00,N,pickup completed but paperwork missing from package,11,14.53,0
ORD-26633,2025-02-23 16:10:00,02130,02119,RUSH,Boston Medical Center,D021,2025-02-23 16:14:00,2025-02-23 17:03:00,2025-02-23 18:41:00,2025-02-23 17:46:00,Y,GPS routing error sent driver to wrong building,11,30.39,0
ORD-26634,01-17-25 09:10 AM,02071,02124,ROUTINE,South Shore Hospital,D036,2025-01-17 09:16:00,2025-01-17 09:58:00,2025-01-17 10:54:00,2025-01-17 14:06:00,Y,"wrong zip code on order, corrected",24,35.36,0
ORD-26635,01-09-25 08:54 PM,02116,02170,STAT,Quest Diag,D013,2025-01-09 21:35:00,2025-01-09 21:47:00,2025-01-09 22:48:00,2025-01-09 21:53:00,Y,"driver vehicle breakdown, transfer to DD021 in progress",25,19.09,0
ORD-26636,2025-01-25 11:45:00,02122,02126,Rush,Mass General Hospital,D029,2025-01-25 12:05:00,,2025-01-25 14:15:00,2025-01-25 13:01:00,Y,called client re specimen integrity - awaiting callback,39,21.5,0
ORD-26637,2025-03-18 11:53:00,01843,02144,routine,Boston Med Ctr,D015,2025-03-18 12:19:00,2025-03-18 12:50:00,2025-03-18 14:34:00,2025-03-18 17:42:00,Y,"client called to confirm - specimen critical, needs STAT upgrade",16,29.17,0
ORD-26638,02/16/2025 12:28,02116,02025,ROUTINE,NE Labs,D013,2025-02-16 12:59:00,2025-02-16 13:44:00,2025-02-16 15:14:00,2025-02-16 16:52:00,Y,package refused by receiving staff - no signature authority,33,15.39,0
ORD-26639,,02127,02152,Same-Day,Providence Health,D003,2025-03-30 06:33:00,2025-03-30 07:25:00,2025-03-30 08:24:00,2025-03-30 08:38:00,Y,traffic accident on route 1 delay,29,24.44,0
ORD-26640,2025-02-19 04:58:00,02047,02186,Rush,Cape Cod Hospital,D033,2025-02-19 05:41:00,2025-02-19 06:24:00,2025-02-19 07:52:00,2025-02-19 05:58:00,Y,,36,34.73,0
ORD-26641,2025/01/16 15:46,02132,02067,ROUTINE,Providence Health,D039,2025-01-16 15:57:00,2025-01-16 16:13:00,2025-01-16 17:27:00,2025-01-16 21:44:00,Y,specimen temp excursion possible - driver reports cooler malfunction,19,27.17,0
ORD-26642,2025-03-12 17:43:00,02185,02121,ROUTINE,Cape Cod Hospital,D036,2025-03-12 18:25:00,2025-03-12 19:00:00,2025-03-12 20:20:00,2025-03-12 21:49:00,Y,delayed at security checkpoint - id verification required,34,12.63,0
ORD-26643,2025-03-15 00:00:00,02116,02021,RUSH,Providence Health,D020,2025-03-15 00:20:00,2025-03-15 00:59:00,2025-03-15 01:54:00,2025-03-15 01:16:00,Y,lab closed early today per client,22,36.76,0
ORD-26644,2025/02/28 10:57,02153,02177,STAT,Emerson Hospital,D022,2025-02-28 11:18:00,2025-02-28 11:42:00,2025-02-28 13:20:00,2025-02-28 11:38:00,Y,recipient not available at delivery location,252,12.86,0
ORD-26645,03/17/2025 13:32,02133,02194,RUSH,Emerson Hospital,D037,2025-03-17 13:38:00,2025-03-17 14:26:00,2025-03-17 15:40:00,2025-03-17 14:59:00,Y,,25,29.84,0
ORD-26646,03-29-25 11:26 AM,02176,02198,STAT,Tufts Medical,D014,2025-03-29 11:48:00,2025-03-29 12:00:00,2025-03-29 13:41:00,2025-03-29 12:02:00,N,driver reports ice on roads in reading area,11,32.65,0
ORD-26647,02-20-25 06:58 AM,02189,02128,RUSH,Northeast Labs,D001,2025-02-20 07:32:00,2025-02-20 08:16:00,2025-02-20 09:36:00,2025-02-20 08:07:00,Y,"elevator down at 15 Elm St, driver using stairs",37,4.96,0
ORD-26648,2025-01-26 10:37:00,01863,02198,RUSH,Northeast Laboratory,D015,2025-01-26 10:45:00,2025-01-26 11:03:00,2025-01-26 12:55:00,2025-01-26 12:02:00,Y,"driver vehicle breakdown, transfer to DD030 in progress",20,26.98,0
ORD-26649,2025-02-13 16:18:00,01876,02138,ROUTINE,Northeast Laboratory,D009,2025-02-13 16:36:00,2025-02-13 17:16:00,2025-02-13 18:05:00,2025-02-13 21:54:00,Y,specimen temp excursion possible - driver reports cooler malfunction,42,16.46,0
ORD-26650,2025/02/18 09:28,01832,02122,STAT,Children's Hospital,D017,2025-02-18 09:35:00,2025-02-18 10:11:00,2025-02-18 10:50:00,2025-02-18 10:27:00,Y,delayed at security checkpoint - id verification required,22,31.27,0
ORD-26651,2025-01-16 15:06:00,02038,02047,ROUTINE,Emerson Hospital,D001,2025-01-16 15:35:00,2025-01-16 15:46:00,2025-01-16 16:42:00,2025-01-16 18:45:00,N,package refused by receiving staff - no signature authority,39,26.48,0
ORD-26652,2025-02-17 10:18:00,02144,02152,Stat,Northeast Labs,D024,2025-02-17 10:44:00,2025-02-17 11:15:00,,2025-02-17 11:01:00,N,"pickup not ready, driver waiting 15+ min",375,20.82,0
ORD-26653,03/29/2025 09:50,02138,02120,ROUTINE,Brigham and Womens,D039,2025-03-29 09:56:00,2025-03-29 10:49:00,,2025-03-29 15:03:00,N,pickup completed but paperwork missing from package,20,17.13,0
ORD-26654,2025/01/20 20:27,02127,02103,stat,Lowell General,D004,2025-01-20 21:06:00,2025-01-20 21:39:00,2025-01-20 22:50:00,2025-01-20 21:09:00,N,dispatcher note: double-check temp on this one before logging,449,35.94,0
ORD-26655,01/10/2025 20:43,01826,02108,stat,Brigham and Womens,D040,2025-01-10 20:48:00,2025-01-10 21:25:00,2025-01-10 22:38:00,2025-01-10 21:42:00,N,"driver vehicle breakdown, transfer to DD005 in progress",40,27.48,0
ORD-26656,2025/01/31 12:40,01845,02062,ROUTINE,Providence Health,D040,2025-01-31 12:52:00,2025-01-31 13:02:00,2025-01-31 13:31:00,2025-01-31 17:42:00,N,"driver vehicle breakdown, transfer to DD027 in progress",7,34.57,1
ORD-26657,2025-01-20 11:41:00,02153,02140,stat,Northeast Laboratory,D040,2025-01-20 12:19:00,2025-01-20 13:00:00,2025-01-20 13:56:00,2025-01-20 12:25:00,Y,,40,6.58,0
ORD-26658,01-26-25 07:44 AM,02185,02053,Routine,Northeast Labs,D011,2025-01-26 08:13:00,,2025-01-26 10:26:00,2025-01-26 12:30:00,Y,called client re specimen integrity - awaiting callback,37,9.1,0
ORD-26659,2025/02/05 11:00,02105,02053,routine,Emerson Hospital,D017,2025-02-05 11:31:00,2025-02-05 12:25:00,2025-02-05 12:59:00,2025-02-05 15:27:00,N,driver reports ice on roads in reading area,18,20.1,0
ORD-26660,03/06/2025 12:34,02108,02101,routine,South Shore Hospital,D027,2025-03-06 12:57:00,2025-03-06 13:36:00,2025-03-06 14:52:00,2025-03-06 17:25:00,N,,44,24.82,0
ORD-26661,2025-01-21 12:09:00,01841,02025,STAT,Boston Med Ctr,D005,2025-01-21 12:53:00,2025-01-21 13:27:00,2025-01-21 15:18:00,2025-01-21 12:39:00,Y,,36,21.78,0
ORD-26662,02-25-25 03:24 AM,02102,02197,ROUTINE,Brigham and Womens,D026,2025-02-25 03:51:00,2025-02-25 04:31:00,2025-02-25 05:25:00,2025-02-25 07:58:00,Y,package refused by receiving staff - no signature authority,34,10.9,0
ORD-26663,01-17-25 05:48 PM,02045,02120,ROUTINE,LabCorp,D024,2025-01-17 18:08:00,2025-01-17 18:43:00,2025-01-17 19:08:00,2025-01-17 23:22:00,N,"client called to confirm - specimen critical, needs STAT upgrade",40,23.13,0
ORD-26664,2025-01-02 19:07:00,02144,02193,Routine,Lowell General,D007,2025-01-02 19:33:00,2025-01-02 19:45:00,2025-01-02 20:21:00,2025-01-02 22:21:00,Y,lab closed early today per client,8,12.04,0
ORD-26665,2025-03-13 12:46:00,02072,02185,ROUTINE,Emerson Hospital,D027,2025-03-13 12:54:00,2025-03-13 13:07:00,,2025-03-13 15:54:00,Y,delayed at security checkpoint - id verification required,5,20.21,0
ORD-26666,2025-01-15 11:47:00,02150,02126,STAT,Northeast Laboratory,D019,2025-01-15 12:26:00,2025-01-15 12:46:00,2025-01-15 14:01:00,2025-01-15 12:24:00,Y,"client called to confirm - specimen critical, needs STAT upgrade",126,37.66,0
ORD-26667,2025-01-24 13:56:00,02194,02032,Routine,Tufts Medical,D030,2025-01-24 14:40:00,2025-01-24 15:11:00,2025-01-24 16:50:00,2025-01-24 18:44:00,Y,,33,13.02,0
ORD-26668,01-23-25 09:24 AM,02143,02030,Routine,MGH,D011,2025-01-23 09:30:00,2025-01-23 09:45:00,2025-01-23 10:36:00,2025-01-23 13:18:00,Y,specimen temp excursion possible - driver reports cooler malfunction,28,34.59,0
ORD-26669,01-26-25 08:59 AM,02133,02072,stat,Childrens Hospital,D026,2025-01-26 09:38:00,2025-01-26 10:38:00,2025-01-26 12:31:00,2025-01-26 09:46:00,N,"driver called in sick mid-route, reassigning trips",29,4.66,0
ORD-26670,2025/02/14 11:05,02110,02143,ROUTINE,Northeast Laboratory,D034,2025-02-14 11:27:00,2025-02-14 12:23:00,2025-02-14 13:56:00,2025-02-14 15:15:00,Y,"client called to confirm - specimen critical, needs STAT upgrade",7,11.58,0
ORD-26671,02/14/2025 11:10,01832,02050,RUSH,MGH,D002,2025-02-14 11:49:00,2025-02-14 12:35:00,2025-02-14 14:09:00,2025-02-14 12:26:00,Y,specimen labeled incorrectly by client,25,19.29,0
ORD-26672,03/18/2025 06:57,02144,02108,SAME-DAY,Tufts Med Center,D005,2025-03-18 07:34:00,2025-03-18 08:10:00,2025-03-18 08:57:00,2025-03-18 10:15:00,Y,pickup completed but paperwork missing from package,25,31.92,0
ORD-26673,2025-01-11 08:52:00,01862,02192,ROUTINE,Northeast Laboratory,D030,2025-01-11 09:07:00,2025-01-11 09:34:00,2025-01-11 11:12:00,2025-01-11 11:54:00,Y,specimen temp excursion possible - driver reports cooler malfunction,14,33.26,0
ORD-26674,2025/02/04 07:39,02116,02047,SAME-DAY,Northeast Labs,D022,2025-02-04 08:00:00,2025-02-04 08:20:00,2025-02-04 09:44:00,2025-02-04 11:32:00,Y,,40,28.56,0
ORD-26675,01-20-25 09:54 PM,02050,02188,same-day,MGH,D035,2025-01-20 22:14:00,2025-01-20 22:43:00,2025-01-20 23:55:00,2025-01-21 01:08:00,Y,driver reports ice on roads in reading area,11,22.85,0
ORD-26676,2025/02/03 14:50,01850,02138,Rush,Childrens Hospital,D022,2025-02-03 15:27:00,2025-02-03 15:54:00,2025-02-03 16:15:00,2025-02-03 16:43:00,Y,GPS routing error sent driver to wrong building,33,32.6,0
ORD-26677,2025-03-22 18:33:00,02110,02021,same-day,Tufts Med Center,D031,2025-03-22 18:57:00,2025-03-22 19:24:00,2025-03-22 20:16:00,2025-03-22 21:30:00,Y,"wrong address on manifest, corrected enroute",20,8.37,0
ORD-26678,03-21-25 07:08 PM,02129,02053,same-day,Children's Hospital,D001,2025-03-21 19:32:00,2025-03-21 20:09:00,2025-03-21 21:41:00,2025-03-21 22:32:00,Y,"elevator down at 15 Elm St, driver using stairs",42,17.13,0
ORD-26679,02/02/2025 11:01,02186,02140,routine,Tufts Med Center,D019,2025-02-02 11:34:00,2025-02-02 11:59:00,2025-02-02 13:31:00,2025-02-02 15:30:00,Y,,9,18.22,0
ORD-26680,02-22-25 07:08 AM,02035,02108,Same-Day,Childrens Hospital,UNASSIGNED,2025-02-22 07:37:00,2025-02-22 08:26:00,,2025-02-22 09:48:00,Y,recipient not available at delivery location,186,19.56,0
ORD-26681,02/09/2025 08:03,02108,02050,STAT,Emerson Hospital,D032,2025-02-09 08:10:00,2025-02-09 08:46:00,2025-02-09 10:09:00,2025-02-09 08:42:00,Y,,27,33.36,0
ORD-26682,01/15/2025 06:04,02145,02102,ROUTINE,Brigham & Women's,D032,2025-01-15 06:41:00,2025-01-15 06:54:00,2025-01-15 08:46:00,2025-01-15 10:25:00,Y,lab closed early today per client,27,21.61,0
ORD-26683,2025-03-08 10:14:00,02059,02056,routine,NE Labs,D002,2025-03-08 10:27:00,2025-03-08 11:12:00,2025-03-08 12:47:00,2025-03-08 13:49:00,N,"driver vehicle breakdown, transfer to DD034 in progress",39,24.06,0
ORD-26684,02/11/2025 16:39,02130,02059,ROUTINE,Quest Diagnostics,D033,2025-02-11 16:52:00,2025-02-11 17:36:00,2025-02-11 19:19:00,2025-02-11 19:48:00,Y,specimen temp excursion possible - driver reports cooler malfunction,20,11.88,0
ORD-26685,2025-03-29 07:39:00,02189,02186,STAT,Cape Cod Hospital,D011,2025-03-29 07:55:00,2025-03-29 08:15:00,2025-03-29 10:05:00,2025-03-29 08:22:00,Y,specimen container damaged on pickup,32,8.75,0
ORD-26686,2025-02-27 19:47:00,02101,02120,Rush,BioReference Labs,D022,2025-02-27 20:01:00,2025-02-27 20:20:00,2025-02-27 21:35:00,2025-02-27 20:48:00,Y,package refused by receiving staff - no signature authority,5,35.08,0
ORD-26687,02/28/2025 12:53,01850,02066,STAT,Brigham & Women's,D015,2025-02-28 13:10:00,2025-02-28 14:00:00,2025-02-28 14:49:00,2025-02-28 13:47:00,Y,"wrong zip code on order, corrected",28,15.96,0
ORD-26688,02/25/2025 07:41,02176,02185,ROUTINE,South Shore Hospital,D004,2025-02-25 08:00:00,2025-02-25 08:23:00,2025-02-25 09:20:00,2025-02-25 13:10:00,Y,specimen temp excursion possible - driver reports cooler malfunction,13,11.89,0
ORD-26689,03/24/2025 14:08,02062,02185,SAME-DAY,Northeast Labs,D011,2025-03-24 14:27:00,2025-03-24 15:25:00,2025-03-24 15:45:00,2025-03-24 16:51:00,Y,,31,28.84,0
ORD-26690,04-01-25 02:37 PM,02193,02186,ROUTINE,Quest Diagnostics,D027,2025-04-01 15:10:00,2025-04-01 15:54:00,,2025-04-01 20:06:00,Y,,23,26.1,0
ORD-26691,01-31-25 12:53 PM,02190,02150,RUSH,Northeast Labs,D018,2025-01-31 13:28:00,2025-01-31 13:54:00,2025-01-31 15:34:00,2025-01-31 14:40:00,Y,"driver vehicle breakdown, transfer to DD012 in progress",44,36.82,0
ORD-26692,01/22/2025 08:38,02122,02187,SAME-DAY,Childrens Hospital,UNASSIGNED,2025-01-22 09:23:00,2025-01-22 09:43:00,2025-01-22 10:52:00,2025-01-22 12:38:00,Y,,42,13.85,0
ORD-26693,2025-01-22 10:02:00,01821,02038,ROUTINE,Quest Diag,D006,2025-01-22 10:13:00,2025-01-22 10:26:00,2025-01-22 12:12:00,2025-01-22 15:29:00,Y,"elevator down at 15 Elm St, driver using stairs",12,36.17,0
ORD-26694,2025-03-06 06:48:00,02124,02132,Stat,Children's Hospital,D004,2025-03-06 07:11:00,2025-03-06 08:10:00,,2025-03-06 07:39:00,N,recipient not available at delivery location,28,11.42,0
ORD-26695,,02136,02045,rush,Brigham & Women's,D030,2025-01-27 09:36:00,2025-01-27 10:10:00,2025-01-27 11:05:00,2025-01-27 11:08:00,Y,"elevator down at 15 Elm St, driver using stairs",42,14.41,0
ORD-26696,2025-03-06 09:21:00,02071,02155,STAT,Quest Diag,D016,2025-03-06 10:04:00,2025-03-06 10:22:00,2025-03-06 11:26:00,2025-03-06 10:05:00,N,specimen container damaged on pickup,28,36.56,0
ORD-26697,01/11/2025 12:39,01879,02053,RUSH,Cape Cod Hospital,D024,2025-01-11 12:51:00,2025-01-11 13:04:00,2025-01-11 15:02:00,2025-01-11 14:28:00,Y,specimen container damaged on pickup,15,6.99,0
ORD-26698,03/26/2025 09:55,02135,02056,stat,Quest Diagnostics,D024,2025-03-26 10:29:00,2025-03-26 11:24:00,2025-03-26 12:16:00,2025-03-26 10:50:00,N,,13,17.42,0
ORD-26699,2025-02-04 11:01:00,02169,02198,STAT,Northeast Laboratory,D024,2025-02-04 11:19:00,2025-02-04 12:15:00,2025-02-04 12:52:00,2025-02-04 11:54:00,Y,,479,10.29,0
ORD-26700,01/27/2025 23:27,02138,02103,ROUTINE,NE Labs,D006,2025-01-28 00:05:00,2025-01-28 00:38:00,2025-01-28 00:57:00,2025-01-28 03:57:00,Y,"pickup not ready, driver waiting 15+ min",42,28.2,0
ORD-26701,2025-02-07 19:30:00,02043,02113,STAT,Emerson Hospital,D010,2025-02-07 19:53:00,,2025-02-07 21:22:00,2025-02-07 20:19:00,N,,12,14.64,0
ORD-26702,01-31-25 08:32 AM,02113,02109,stat,St. Elizabeth's Medical,D040,2025-01-31 09:02:00,2025-01-31 09:23:00,2025-01-31 11:06:00,2025-01-31 09:15:00,N,"client changed pickup time, driver redirected",20,8.8,0
ORD-26703,2025-01-21 02:10:00,02192,02054,Routine,Tufts Med Center,D015,2025-01-21 02:15:00,2025-01-21 02:43:00,2025-01-21 03:09:00,2025-01-21 05:18:00,N,specimen container damaged on pickup,43,22.76,0
ORD-26704,2025-01-10 12:43:00,02177,02153,STAT,Boston Medical Center,D007,2025-01-10 13:22:00,2025-01-10 13:34:00,,2025-01-10 13:19:00,N,redelivery needed: building locked,40,27.82,1
ORD-26705,2025/01/21 08:27,02135,02170,ROUTINE,Quest Diagnostics,D005,2025-01-21 09:00:00,2025-01-21 09:10:00,2025-01-21 09:35:00,2025-01-21 13:47:00,Y,"wrong address on manifest, corrected enroute",44,21.46,0
ORD-26706,2025/03/04 09:20,01821,02116,Stat,Brigham and Womens,D002,2025-03-04 09:38:00,2025-03-04 10:04:00,2025-03-04 10:53:00,2025-03-04 10:20:00,Y,driver cannot locate parking at hospital,38,17.59,0
ORD-26707,2025-01-09 16:31:00,02155,02056,STAT,South Shore Hospital,D030,2025-01-09 16:43:00,2025-01-09 16:57:00,2025-01-09 17:40:00,2025-01-09 17:07:00,N,"driver stuck in traffic on 93, running ~20 min late",17,36.65,0
ORD-26708,01-11-25 06:54 AM,02163,02108,RUSH,South Shore Hospital,D002,2025-01-11 07:09:00,2025-01-11 07:55:00,2025-01-11 09:47:00,2025-01-11 08:07:00,N,redelivery needed: building locked,296,24.39,0
ORD-26709,2025-03-19 17:25:00,02132,02135,SAME-DAY,Boston Med Ctr,D016,2025-03-19 17:41:00,,2025-03-19 20:03:00,2025-03-19 21:00:00,Y,specimen container damaged on pickup,5,23.93,0
ORD-26710,2025-01-10 08:03:00,02021,02135,stat,Quest Diagnostics,D002,2025-01-10 08:31:00,2025-01-10 09:15:00,2025-01-10 10:13:00,2025-01-10 09:01:00,Y,"elevator down at 15 Elm St, driver using stairs",38,25.37,0
ORD-26711,03/26/2025 07:29,02151,02101,routine,Tufts Medical,D034,2025-03-26 07:52:00,2025-03-26 08:46:00,2025-03-26 10:10:00,2025-03-26 11:55:00,Y,called client re specimen integrity - awaiting callback,25,8.27,0
ORD-26712,2025-03-22 15:57:00,02105,02104,Same-Day,Quest Diagnostics,D011,2025-03-22 16:15:00,2025-03-22 16:56:00,2025-03-22 18:05:00,2025-03-22 19:07:00,Y,traffic accident on route 1 delay,30,32.68,0
ORD-26713,2025-01-26 07:15:00,01826,02138,ROUTINE,Children's Hospital,D024,2025-01-26 07:51:00,2025-01-26 08:27:00,2025-01-26 09:21:00,2025-01-26 12:27:00,Y,"client changed pickup time, driver redirected",22,12.23,0
ORD-26714,01/13/2025 06:25,02110,02149,RUSH,Brigham & Women's,D031,2025-01-13 06:53:00,2025-01-13 07:10:00,2025-01-13 07:29:00,2025-01-13 07:25:00,Y,recipient not available at delivery location,22,7.16,0
ORD-26715,02-27-25 07:07 AM,02149,02131,ROUTINE,NE Labs,D035,2025-02-27 07:34:00,2025-02-27 07:50:00,2025-02-27 08:20:00,2025-02-27 10:57:00,Y,"wrong address on manifest, corrected enroute",10,10.07,0
ORD-26716,01/04/2025 15:21,02135,02139,RUSH,LabCorp,D012,2025-01-04 15:49:00,2025-01-04 16:14:00,2025-01-04 17:33:00,2025-01-04 17:20:00,Y,dispatcher note: double-check temp on this one before logging,19,7.5,0
ORD-26717,02/05/2025 16:12,02176,02050,RUSH,Lowell General,D022,2025-02-05 16:51:00,2025-02-05 17:44:00,2025-02-05 18:44:00,2025-02-05 17:12:00,Y,"driver stuck in traffic on 93, running ~20 min late",10,36.5,0
ORD-26718,2025-03-25 21:09:00,01876,02132,Same-Day,Labcorp Inc,D031,2025-03-25 21:29:00,2025-03-25 21:47:00,2025-03-25 23:29:00,2025-03-26 00:42:00,Y,driver reports ice on roads in reading area,18,22.27,0
ORD-26719,2025/03/11 09:50,02199,02019,RUSH,Lowell General,D002,2025-03-11 10:30:00,,2025-03-11 11:35:00,2025-03-11 11:26:00,N,"driver called in sick mid-route, reassigning trips",178,6.83,0
ORD-26720,2025/03/31 16:54,02169,02103,Stat,Tufts Med Center,D036,2025-03-31 17:14:00,2025-03-31 18:11:00,2025-03-31 18:50:00,2025-03-31 17:25:00,N,GPS routing error sent driver to wrong building,16,35.59,0
ORD-26721,03-27-25 12:56 PM,02054,02127,ROUTINE,LabCorp,D040,2025-03-27 13:23:00,2025-03-27 14:09:00,2025-03-27 15:18:00,2025-03-27 16:17:00,Y,dispatcher note: double-check temp on this one before logging,35,27.89,0
ORD-26722,2025-02-16 17:08:00,01880,02192,STAT,Northeast Labs,D005,2025-02-16 17:52:00,2025-02-16 18:15:00,2025-02-16 19:27:00,2025-02-16 17:59:00,Y,"elevator down at 15 Elm St, driver using stairs",25,12.35,0
ORD-26723,03-29-25 06:26 AM,02125,02133,routine,Children's Hospital,D033,2025-03-29 07:07:00,,2025-03-29 09:19:00,2025-03-29 09:37:00,N,driver reports ice on roads in reading area,5,36.86,1
ORD-26724,2025-03-30 14:18:00,02061,02185,Rush,NE Labs,D016,2025-03-30 14:23:00,2025-03-30 15:22:00,2025-03-30 16:11:00,2025-03-30 15:53:00,Y,"elevator down at 15 Elm St, driver using stairs",23,28.14,0
ORD-26725,03/24/2025 17:51,02149,02151,Routine,BioReference Labs,D014,2025-03-24 18:24:00,2025-03-24 19:17:00,2025-03-24 19:53:00,2025-03-24 22:22:00,Y,"driver called in sick mid-route, reassigning trips",36,23.09,0
ORD-26726,03/27/2025 08:58,02192,02148,RUSH,Emerson Hospital,D031,2025-03-27 09:07:00,2025-03-27 09:22:00,2025-03-27 11:22:00,2025-03-27 10:54:00,Y,"wrong address on manifest, corrected enroute",38,36.66,0
ORD-26727,01-06-25 02:33 PM,02048,02110,SAME-DAY,Northeast Labs,D037,2025-01-06 14:43:00,,2025-01-06 15:48:00,2025-01-06 17:24:00,Y,redelivery needed: building locked,10,37.98,0
ORD-26728,2025-03-07 08:48:00,02067,02143,STAT,Quest Diagnostics,D032,2025-03-07 09:04:00,2025-03-07 10:03:00,2025-03-07 11:51:00,2025-03-07 09:45:00,Y,"pickup not ready, driver waiting 15+ min",16,38.0,0
ORD-26729,2025-03-28 11:18:00,02186,02061,ROUTINE,Northeast Labs,D036,2025-03-28 11:56:00,2025-03-28 12:46:00,2025-03-28 13:16:00,2025-03-28 15:43:00,Y,"driver vehicle breakdown, transfer to DD006 in progress",40,22.95,0
ORD-26730,2025-01-22 15:25:00,02129,02108,ROUTINE,Lowell General,D002,2025-01-22 15:37:00,2025-01-22 16:14:00,2025-01-22 17:38:00,2025-01-22 19:17:00,Y,traffic accident on route 1 delay,41,16.59,0
ORD-26731,01-10-25 10:25 AM,02141,02195,STAT,Boston Medical Center,D001,2025-01-10 10:28:00,2025-01-10 11:21:00,2025-01-10 12:00:00,2025-01-10 11:21:00,Y,delayed at security checkpoint - id verification required,6,31.66,0
ORD-26732,2025-03-05 11:03:00,02119,02067,Routine,South Shore Hospital,D028,2025-03-05 11:43:00,,2025-03-05 12:46:00,2025-03-05 17:03:00,N,,37,21.4,0
ORD-26733,2025-03-29 14:27:00,02053,02197,Rush,Children's Hospital,D012,2025-03-29 15:09:00,,2025-03-29 16:48:00,2025-03-29 15:45:00,Y,driver cannot locate parking at hospital,26,19.29,0
ORD-26734,02-25-25 11:23 AM,01851,02072,ROUTINE,Brigham & Women's,D029,2025-02-25 12:03:00,2025-02-25 12:44:00,2025-02-25 13:33:00,2025-02-25 14:33:00,Y,"pickup not ready, driver waiting 15+ min",13,6.54,0
ORD-26735,2025-02-26 21:25:00,02030,02108,stat,Cape Cod Hospital,D017,2025-02-26 21:50:00,2025-02-26 22:23:00,2025-02-26 22:59:00,2025-02-26 21:55:00,Y,"elevator down at 15 Elm St, driver using stairs",7,19.96,0
ORD-26736,02-04-25 03:02 PM,02032,02149,STAT,Tufts Med Center,D010,2025-02-04 15:22:00,2025-02-04 15:57:00,2025-02-04 17:11:00,2025-02-04 15:36:00,Y,"driver ran out of dry ice, needs resupply",17,25.7,0
ORD-26737,03-18-25 10:03 PM,02066,02130,Rush,Children's Hospital,D014,2025-03-18 22:18:00,2025-03-18 22:59:00,2025-03-18 23:31:00,2025-03-18 23:19:00,N,"driver ran out of dry ice, needs resupply",27,9.84,0
ORD-26738,2025/03/09 08:08,02185,02132,ROUTINE,Brigham & Women's,D038,2025-03-09 08:24:00,2025-03-09 08:36:00,2025-03-09 09:04:00,2025-03-09 13:08:00,Y,pickup completed but paperwork missing from package,474,24.07,0
ORD-26739,2025/01/20 13:16,01826,02130,Routine,Northeast Labs,D013,2025-01-20 13:33:00,2025-01-20 13:55:00,2025-01-20 15:47:00,2025-01-20 18:33:00,Y,specimen container damaged on pickup,18,16.8,0
ORD-26740,03/24/2025 15:05,02138,02190,SAME-DAY,Emerson Hospital,D018,2025-03-24 15:37:00,,2025-03-24 16:58:00,2025-03-24 18:35:00,Y,called client re specimen integrity - awaiting callback,12,18.6,0
ORD-26741,2025/03/27 10:01,02139,02035,Rush,LabCorp,D023,2025-03-27 10:23:00,2025-03-27 11:19:00,2025-03-27 12:12:00,2025-03-27 11:24:00,Y,"elevator down at 15 Elm St, driver using stairs",39,20.03,0
ORD-26742,03/28/2025 07:18,02025,02059,STAT,Childrens Hospital,D039,2025-03-28 07:48:00,2025-03-28 08:31:00,2025-03-28 09:52:00,2025-03-28 08:11:00,Y,specimen container damaged on pickup,40,31.39,0
ORD-26743,2025-01-06 08:29:00,02132,02187,SAME-DAY,Lowell General,D014,2025-01-06 08:45:00,2025-01-06 09:39:00,2025-01-06 10:04:00,2025-01-06 10:41:00,Y,called client re specimen integrity - awaiting callback,42,18.59,0
ORD-26744,02/15/2025 16:49,02143,02061,STAT,Quest Diag,UNASSIGNED,2025-02-15 17:19:00,2025-02-15 18:16:00,2025-02-15 19:26:00,2025-02-15 17:40:00,Y,redelivery needed: building locked,34,14.47,0
ORD-26745,02/24/2025 11:55,02127,02001,ROUTINE,Children's Hospital,D036,2025-02-24 12:35:00,2025-02-24 13:31:00,2025-02-24 14:31:00,2025-02-24 14:55:00,Y,"pickup not ready, driver waiting 15+ min",16,33.19,0
ORD-26746,02/19/2025 07:06,02127,02071,Rush,Lowell General,D014,2025-02-19 07:45:00,2025-02-19 08:21:00,2025-02-19 10:02:00,2025-02-19 08:45:00,Y,"client called to confirm - specimen critical, needs STAT upgrade",404,23.36,0
ORD-26747,2025-02-12 15:18:00,02107,02047,ROUTINE,Brigham and Womens,D004,2025-02-12 15:53:00,,2025-02-12 17:33:00,2025-02-12 18:41:00,N,package refused by receiving staff - no signature authority,34,17.24,0
ORD-26748,2025-03-30 15:10:00,02101,02047,routine,Brigham and Womens,D012,2025-03-30 15:23:00,2025-03-30 15:46:00,2025-03-30 17:34:00,2025-03-30 19:18:00,Y,"client called to confirm - specimen critical, needs STAT upgrade",9,17.61,0
ORD-26749,2025-01-14 12:02:00,02053,02198,ROUTINE,Labcorp Inc,D002,2025-01-14 12:33:00,2025-01-14 13:30:00,2025-01-14 14:11:00,2025-01-14 16:56:00,Y,"driver ran out of dry ice, needs resupply",41,11.12,0
ORD-26750,2025-03-03 11:39:00,02199,02140,STAT,Children's Hospital,D040,2025-03-03 12:24:00,2025-03-03 13:12:00,2025-03-03 13:29:00,2025-03-03 12:22:00,Y,dispatcher note: double-check temp on this one before logging,28,23.23,0
ORD-26751,2025-01-03 08:48:00,02038,02059,RUSH,Children's Hospital,D020,2025-01-03 09:07:00,2025-01-03 10:07:00,2025-01-03 11:25:00,2025-01-03 10:02:00,Y,dispatcher note: double-check temp on this one before logging,40,29.43,0
ORD-26752,,02060,02163,Rush,NE Labs,D029,2025-02-12 07:13:00,2025-02-12 07:42:00,2025-02-12 09:39:00,2025-02-12 08:13:00,Y,dispatcher note: double-check temp on this one before logging,39,37.22,0
ORD-26753,2025-02-06 08:16:00,02132,02170,ROUTINE,St. Elizabeth's Medical,D003,2025-02-06 08:44:00,2025-02-06 09:41:00,2025-02-06 10:16:00,2025-02-06 11:27:00,Y,delayed at security checkpoint - id verification required,42,17.56,0
ORD-26754,02/21/2025 16:40,02198,02132,RUSH,Mass General Hospital,D034,2025-02-21 17:08:00,2025-02-21 17:39:00,2025-02-21 19:10:00,2025-02-21 18:32:00,N,called client re specimen integrity - awaiting callback,240,21.4,1
ORD-26755,03/09/2025 12:13,02054,02176,ROUTINE,Labcorp Inc,D020,2025-03-09 12:53:00,2025-03-09 13:06:00,2025-03-09 15:03:00,2025-03-09 17:05:00,Y,GPS routing error sent driver to wrong building,42,29.35,0
ORD-26756,01/12/2025 10:11,02177,02150,STAT,Mass General Hospital,D026,2025-01-12 10:34:00,2025-01-12 11:19:00,2025-01-12 12:18:00,2025-01-12 11:03:00,Y,"wrong address on manifest, corrected enroute",45,25.9,0
ORD-26757,01/07/2025 15:19,02120,02026,stat,Brigham and Womens,D035,2025-01-07 15:48:00,2025-01-07 16:43:00,,2025-01-07 16:15:00,N,"pickup not ready, driver waiting 15+ min",25,30.18,1
ORD-26758,2025-03-18 09:54:00,02171,02194,STAT,Northeast Labs,D019,2025-03-18 10:19:00,2025-03-18 10:35:00,2025-03-18 11:49:00,2025-03-18 10:35:00,Y,redelivery needed: building locked,10,24.85,0
ORD-26759,2025-03-17 06:58:00,02170,02060,RUSH,LabCorp,D037,2025-03-17 07:07:00,2025-03-17 08:04:00,2025-03-17 09:44:00,2025-03-17 08:57:00,Y,"driver ran out of dry ice, needs resupply",33,19.01,0
ORD-26760,,01803,02043,RUSH,Boston Med Ctr,D014,2025-03-27 11:43:00,2025-03-27 12:28:00,2025-03-27 14:19:00,2025-03-27 13:24:00,Y,called client re specimen integrity - awaiting callback,6,35.04,0
ORD-26761,01/14/2025 13:05,02130,02132,stat,Boston Med Ctr,D013,2025-01-14 13:25:00,2025-01-14 13:57:00,2025-01-14 15:25:00,2025-01-14 13:53:00,Y,,21,6.25,0
ORD-26762,01/29/2025 11:43,02197,02188,ROUTINE,Tufts Med Center,D025,2025-01-29 11:55:00,2025-01-29 12:33:00,,2025-01-29 16:25:00,N,"elevator down at 15 Elm St, driver using stairs",16,30.93,0
ORD-26763,01/06/2025 13:58,02101,02021,same-day,LabCorp,D028,2025-01-06 14:21:00,,2025-01-06 16:31:00,2025-01-06 17:08:00,Y,,9,34.62,0
ORD-26764,03-28-25 03:55 PM,02138,02133,SAME-DAY,St. Elizabeth's Medical,D015,2025-03-28 16:10:00,2025-03-28 16:31:00,2025-03-28 16:53:00,2025-03-28 19:30:00,Y,"client changed pickup time, driver redirected",42,9.04,0
ORD-26765,02/25/2025 15:14,02050,02047,RUSH,Children's Hospital,D033,2025-02-25 15:55:00,2025-02-25 16:11:00,2025-02-25 18:10:00,2025-02-25 16:59:00,Y,recipient not available at delivery location,41,33.32,0
ORD-26766,01/08/2025 21:22,01879,02113,STAT,Northeast Laboratory,D028,2025-01-08 21:25:00,2025-01-08 21:42:00,2025-01-08 23:03:00,2025-01-08 21:55:00,Y,,40,12.98,0
ORD-26767,2025-02-23 16:56:00,01845,02053,ROUTINE,Boston Medical Center,D036,2025-02-23 17:14:00,2025-02-23 17:51:00,2025-02-23 18:40:00,2025-02-23 22:20:00,Y,"driver stuck in traffic on 93, running ~20 min late",468,31.69,0
ORD-26768,2025-02-13 16:58:00,02104,02119,ROUTINE,Childrens Hospital,D026,2025-02-13 17:28:00,2025-02-13 18:13:00,2025-02-13 19:44:00,2025-02-13 22:17:00,Y,called client re specimen integrity - awaiting callback,41,20.82,0
ORD-26769,01/20/2025 13:17,01867,02048,ROUTINE,Northeast Labs,D023,2025-01-20 13:49:00,2025-01-20 14:27:00,2025-01-20 16:05:00,2025-01-20 17:05:00,Y,"wrong zip code on order, corrected",39,18.11,0
ORD-26770,2025-02-20 13:56:00,02062,02128,STAT,Labcorp Inc,D019,2025-02-20 14:30:00,2025-02-20 15:13:00,2025-02-20 15:45:00,2025-02-20 14:41:00,Y,"driver called in sick mid-route, reassigning trips",29,15.23,0
ORD-26771,2025/01/03 07:50,02101,02119,ROUTINE,Childrens Hospital,D006,2025-01-03 08:00:00,2025-01-03 08:34:00,2025-01-03 10:26:00,2025-01-03 13:08:00,Y,"driver stuck in traffic on 93, running ~20 min late",17,21.99,0
ORD-26772,2025/02/05 16:25,02131,02035,same-day,Lowell General,D003,2025-02-05 16:35:00,2025-02-05 17:08:00,2025-02-05 18:13:00,2025-02-05 20:00:00,Y,"driver called in sick mid-route, reassigning trips",23,6.61,0
ORD-26773,2025/02/17 16:31,02025,02113,Routine,Boston Med Ctr,D018,2025-02-17 16:45:00,2025-02-17 17:16:00,2025-02-17 17:56:00,2025-02-17 21:10:00,Y,"driver stuck in traffic on 93, running ~20 min late",38,32.54,0
ORD-26774,2025/03/22 09:24,02109,02127,STAT,Northeast Laboratory,D010,2025-03-22 09:27:00,2025-03-22 10:00:00,2025-03-22 11:35:00,2025-03-22 10:04:00,N,"wrong address on manifest, corrected enroute",17,21.75,0
ORD-26775,2025/02/23 01:39,02134,02133,RUSH,Boston Med Ctr,D009,2025-02-23 01:49:00,,2025-02-23 02:52:00,2025-02-23 03:35:00,Y,,21,12.08,0
ORD-26776,2025/01/15 16:17,02138,02110,RUSH,Northeast Labs,D035,2025-01-15 16:51:00,2025-01-15 17:15:00,2025-01-15 18:35:00,2025-01-15 18:11:00,Y,,45,32.45,0
ORD-26777,03-18-25 03:09 PM,02053,02106,Routine,Boston Medical Center,D028,2025-03-18 15:45:00,,2025-03-18 16:42:00,2025-03-18 20:33:00,Y,,38,8.15,0
ORD-26778,01-03-25 08:51 PM,02101,02122,SAME-DAY,Brigham & Women's,D023,2025-01-03 21:23:00,2025-01-03 22:22:00,2025-01-03 23:43:00,2025-01-04 00:34:00,Y,"pickup not ready, driver waiting 15+ min",28,19.63,0
ORD-26779,02/07/2025 15:55,01863,02176,stat,South Shore Hospital,D034,2025-02-07 16:32:00,2025-02-07 16:54:00,2025-02-07 17:27:00,2025-02-07 16:51:00,Y,"pickup not ready, driver waiting 15+ min",24,10.72,0
ORD-26780,03/24/2025 09:20,02194,02187,Same-Day,Lowell General,D012,2025-03-24 09:58:00,,2025-03-24 10:47:00,2025-03-24 12:03:00,Y,"driver ran out of dry ice, needs resupply",38,36.73,0
ORD-26781,2025-01-22 00:16:00,02113,02180,RUSH,Labcorp Inc,D035,2025-01-22 00:27:00,2025-01-22 01:11:00,2025-01-22 02:35:00,2025-01-22 02:01:00,Y,specimen container damaged on pickup,33,26.78,0
ORD-26782,01/09/2025 13:20,02143,02131,Routine,Labcorp Inc,D039,2025-01-09 13:35:00,2025-01-09 14:08:00,2025-01-09 14:36:00,2025-01-09 18:01:00,N,"driver called in sick mid-route, reassigning trips",7,14.4,0
ORD-26783,01/12/2025 08:16,02136,02118,STAT,Labcorp Inc,D019,2025-01-12 08:41:00,2025-01-12 09:28:00,2025-01-12 10:01:00,2025-01-12 09:15:00,Y,"elevator down at 15 Elm St, driver using stairs",34,35.71,0
ORD-26784,2025-01-29 05:50:00,02114,02114,routine,Lowell General,D015,2025-01-29 06:07:00,2025-01-29 06:32:00,2025-01-29 08:31:00,2025-01-29 10:45:00,N,GPS routing error sent driver to wrong building,44,7.59,0
ORD-26785,01/28/2025 16:19,02053,02025,ROUTINE,LabCorp,D035,2025-01-28 16:44:00,2025-01-28 17:29:00,2025-01-28 19:28:00,2025-01-28 21:34:00,Y,"wrong address on manifest, corrected enroute",35,6.3,0
ORD-26786,2025-01-18 06:36:00,02116,02026,Stat,Childrens Hospital,D015,2025-01-18 07:11:00,2025-01-18 07:52:00,2025-01-18 08:23:00,2025-01-18 07:07:00,Y,traffic accident on route 1 delay,18,10.11,0
ORD-26787,01/31/2025 17:20,01832,02184,STAT,Childrens Hospital,D008,2025-01-31 17:42:00,2025-01-31 18:39:00,2025-01-31 20:27:00,2025-01-31 18:15:00,Y,driver reports ice on roads in reading area,24,28.72,0
ORD-26788,,02103,02163,Rush,LabCorp,D001,2025-03-06 09:00:00,2025-03-06 09:55:00,2025-03-06 10:58:00,2025-03-06 10:04:00,Y,recipient not available at delivery location,16,26.11,0
ORD-26789,2025/01/18 06:53,02188,02192,Rush,BioReference Labs,D036,2025-01-18 07:12:00,2025-01-18 07:50:00,2025-01-18 09:42:00,2025-01-18 08:43:00,Y,traffic accident on route 1 delay,17,34.86,0
ORD-26790,2025-02-17 13:53:00,01880,02047,Routine,Labcorp Inc,D026,2025-02-17 13:58:00,2025-02-17 14:42:00,2025-02-17 15:31:00,2025-02-17 17:39:00,Y,"wrong zip code on order, corrected",21,15.89,0
ORD-26791,02/06/2025 12:35,02120,02047,RUSH,Children's Hospital,D010,2025-02-06 12:54:00,,2025-02-06 13:49:00,2025-02-06 13:50:00,Y,"driver called in sick mid-route, reassigning trips",10,28.2,0
ORD-26792,2025/02/10 12:46,02171,02156,Stat,Tufts Med Center,D027,2025-02-10 13:10:00,2025-02-10 13:42:00,2025-02-10 15:11:00,2025-02-10 13:42:00,Y,"wrong zip code on order, corrected",28,13.14,0
ORD-26793,2025-01-11 13:31:00,02021,02115,stat,Children's Hospital,D026,2025-01-11 13:55:00,2025-01-11 14:36:00,2025-01-11 16:04:00,2025-01-11 14:14:00,Y,"client changed pickup time, driver redirected",36,11.52,0
ORD-26794,2025/03/14 10:13,02054,02113,ROUTINE,St. Elizabeth's Medical,D023,2025-03-14 10:30:00,,2025-03-14 13:09:00,2025-03-14 15:32:00,Y,"driver vehicle breakdown, transfer to DD028 in progress",36,10.93,0
ORD-26795,2025/03/20 13:43,02187,02170,STAT,Northeast Labs,UNASSIGNED,2025-03-20 13:50:00,2025-03-20 14:14:00,2025-03-20 14:39:00,2025-03-20 14:29:00,Y,lab closed early today per client,23,11.16,0
ORD-26796,02-03-25 11:10 AM,02045,02019,ROUTINE,NE Labs,UNASSIGNED,2025-02-03 11:46:00,2025-02-03 12:02:00,2025-02-03 13:07:00,2025-02-03 15:14:00,Y,"elevator down at 15 Elm St, driver using stairs",441,37.36,0
ORD-26797,03/27/2025 13:05,02194,02189,stat,Lowell General,D025,2025-03-27 13:37:00,2025-03-27 14:23:00,2025-03-27 15:56:00,2025-03-27 13:47:00,Y,specimen temp excursion possible - driver reports cooler malfunction,42,8.46,0
ORD-26798,01/25/2025 15:29,02054,02132,ROUTINE,Northeast Laboratory,D025,2025-01-25 16:08:00,2025-01-25 16:46:00,2025-01-25 18:13:00,2025-01-25 20:01:00,Y,"client changed pickup time, driver redirected",11,29.72,0
ORD-26799,2025-02-17 09:43:00,02021,02124,Routine,Tufts Medical,D008,2025-02-17 09:53:00,2025-02-17 10:24:00,2025-02-17 12:06:00,2025-02-17 14:42:00,Y,traffic accident on route 1 delay,45,28.96,0
ORD-26800,2025-02-23 00:37:00,02061,02171,ROUTINE,South Shore Hospital,D036,2025-02-23 01:06:00,,2025-02-23 03:11:00,2025-02-23 05:04:00,Y,"client changed pickup time, driver redirected",17,21.28,0
ORD-26801,2025/03/04 17:52,02130,02142,routine,South Shore Hospital,D027,2025-03-04 18:12:00,,2025-03-04 19:42:00,2025-03-04 21:30:00,Y,,36,34.15,0
ORD-26802,2025/02/15 12:51,02045,02062,RUSH,Childrens Hospital,D025,2025-02-15 13:18:00,2025-02-15 13:44:00,2025-02-15 15:18:00,2025-02-15 14:19:00,Y,called client re specimen integrity - awaiting callback,27,31.61,0
ORD-26803,2025/02/01 08:28,02189,02145,ROUTINE,South Shore Hospital,D017,2025-02-01 08:32:00,2025-02-01 09:05:00,2025-02-01 10:59:00,2025-02-01 14:01:00,Y,"driver ran out of dry ice, needs resupply",22,29.56,0
ORD-26804,03/21/2025 10:56,02134,02138,RUSH,Northeast Labs,D023,2025-03-21 11:16:00,2025-03-21 11:28:00,2025-03-21 12:53:00,2025-03-21 11:56:00,Y,"driver ran out of dry ice, needs resupply",18,22.38,0
ORD-26805,02-22-25 12:11 PM,01862,02135,Rush,Labcorp Inc,D034,2025-02-22 12:16:00,2025-02-22 12:43:00,,2025-02-22 13:25:00,Y,specimen temp excursion possible - driver reports cooler malfunction,22,4.54,0
ORD-26806,2025/02/20 08:51,02043,02104,RUSH,Northeast Laboratory,D010,2025-02-20 09:20:00,2025-02-20 10:03:00,2025-02-20 11:04:00,2025-02-20 10:31:00,Y,traffic accident on route 1 delay,17,35.47,0
ORD-26807,03/02/2025 08:27,02170,02169,SAME-DAY,Cape Cod Hospital,UNASSIGNED,2025-03-02 08:43:00,2025-03-02 09:24:00,2025-03-02 09:56:00,2025-03-02 11:46:00,Y,recipient not available at delivery location,26,30.72,0
ORD-26808,03/16/2025 08:52,02191,02113,STAT,Emerson Hospital,D003,2025-03-16 09:25:00,,2025-03-16 12:06:00,2025-03-16 09:32:00,N,lab closed early today per client,38,34.02,0
ORD-26809,03/24/2025 11:33,02035,02103,Rush,MGH,D021,2025-03-24 12:04:00,2025-03-24 12:37:00,2025-03-24 14:15:00,2025-03-24 13:06:00,Y,,296,26.9,0
ORD-26810,03/25/2025 14:26,02156,02187,STAT,Labcorp Inc,D031,2025-03-25 14:50:00,2025-03-25 15:48:00,2025-03-25 16:58:00,2025-03-25 15:16:00,Y,"elevator down at 15 Elm St, driver using stairs",39,8.51,0
ORD-26811,2025/01/22 13:15,02103,02114,SAME-DAY,Providence Health,D013,2025-01-22 13:49:00,2025-01-22 14:15:00,2025-01-22 15:29:00,2025-01-22 16:21:00,Y,"driver called in sick mid-route, reassigning trips",11,36.86,0
ORD-26812,2025-02-02 11:59:00,01803,02149,SAME-DAY,Tufts Med Center,D001,2025-02-02 12:33:00,2025-02-02 12:47:00,2025-02-02 14:16:00,2025-02-02 15:35:00,Y,"wrong zip code on order, corrected",28,5.5,0
ORD-26813,02/25/2025 08:31,02110,02195,stat,BioReference Labs,D020,2025-02-25 09:02:00,2025-02-25 09:58:00,2025-02-25 11:20:00,2025-02-25 09:26:00,N,driver cannot locate parking at hospital,38,16.27,1
ORD-26814,02-13-25 01:44 PM,02190,02142,SAME-DAY,St. Elizabeth's Medical,D012,2025-02-13 14:19:00,,2025-02-13 15:30:00,2025-02-13 16:41:00,Y,,37,26.72,0
ORD-26815,02/20/2025 16:16,02200,02111,Rush,Cape Cod Hospital,D040,2025-02-20 16:51:00,2025-02-20 17:17:00,2025-02-20 18:06:00,2025-02-20 17:51:00,Y,delayed at security checkpoint - id verification required,25,24.19,0
ORD-26816,2025/01/05 07:11,01826,02187,ROUTINE,LabCorp,D022,2025-01-05 07:23:00,2025-01-05 08:12:00,,2025-01-05 11:43:00,N,,7,24.84,0
ORD-26817,03/22/2025 10:12,02131,02125,SAME-DAY,LabCorp,D026,2025-03-22 10:37:00,2025-03-22 10:47:00,,2025-03-22 13:28:00,Y,recipient not available at delivery location,27,31.13,0
ORD-26818,2025-01-09 16:43:00,02197,02124,STAT,Boston Med Ctr,D041,2025-01-09 17:24:00,,2025-01-09 18:47:00,2025-01-09 17:23:00,N,lab closed early today per client,13,26.75,0
ORD-26819,2025/04/01 03:44,02198,02194,STAT,Northeast Laboratory,D008,2025-04-01 03:49:00,2025-04-01 04:14:00,,2025-04-01 04:44:00,Y,specimen container damaged on pickup,23,11.79,0
ORD-26820,2025/03/09 09:48,02131,02185,SAME-DAY,Providence Health,D010,2025-03-09 10:08:00,2025-03-09 10:39:00,2025-03-09 12:25:00,2025-03-09 12:55:00,Y,called client re specimen integrity - awaiting callback,10,20.78,0
ORD-26821,2025/03/29 07:32,02107,02140,routine,Providence Health,D007,2025-03-29 08:07:00,2025-03-29 08:28:00,2025-03-29 09:26:00,2025-03-29 12:31:00,Y,dispatcher note: double-check temp on this one before logging,38,26.66,0
ORD-26822,2025-01-12 09:21:00,02038,02107,SAME-DAY,Boston Medical Center,D040,2025-01-12 09:45:00,2025-01-12 10:11:00,2025-01-12 11:04:00,2025-01-12 11:34:00,Y,"pickup not ready, driver waiting 15+ min",5,30.03,0
ORD-26823,03-08-25 12:37 PM,02192,02059,routine,Cape Cod Hospital,UNASSIGNED,2025-03-08 13:16:00,2025-03-08 14:07:00,2025-03-08 14:39:00,2025-03-08 16:51:00,N,,331,24.45,0
ORD-26824,02-16-25 01:51 PM,02025,02155,SAME-DAY,Tufts Med Center,D004,2025-02-16 14:26:00,2025-02-16 15:21:00,2025-02-16 17:12:00,2025-02-16 16:47:00,Y,lab closed early today per client,33,19.64,0
ORD-26825,2025-03-06 19:17:00,02190,02127,RUSH,South Shore Hospital,D014,2025-03-06 19:52:00,2025-03-06 20:11:00,2025-03-06 21:23:00,2025-03-06 21:08:00,Y,"client changed pickup time, driver redirected",43,5.79,0
ORD-26826,2025/03/06 05:18,02193,02153,ROUTINE,Quest Diagnostics,D020,2025-03-06 05:57:00,2025-03-06 06:54:00,2025-03-06 08:37:00,2025-03-06 08:45:00,Y,package refused by receiving staff - no signature authority,17,15.92,0
ORD-26827,02/24/2025 13:31,02060,02153,ROUTINE,Quest Diag,D011,2025-02-24 14:02:00,2025-02-24 14:40:00,2025-02-24 15:50:00,2025-02-24 16:36:00,Y,recipient not available at delivery location,14,37.52,0
ORD-26828,2025-03-05 07:30:00,02021,02109,Same-Day,LabCorp,D041,2025-03-05 07:45:00,2025-03-05 08:01:00,2025-03-05 08:51:00,2025-03-05 11:14:00,N,"pickup not ready, driver waiting 15+ min",23,15.77,0
ORD-26829,2025/02/08 09:39,02192,02153,SAME-DAY,Brigham & Women's,D028,2025-02-08 10:17:00,2025-02-08 10:40:00,2025-02-08 12:19:00,2025-02-08 13:37:00,Y,"elevator down at 15 Elm St, driver using stairs",31,6.31,0
ORD-26830,03/21/2025 09:00,02176,02066,ROUTINE,Northeast Labs,D004,2025-03-21 09:21:00,2025-03-21 09:36:00,2025-03-21 10:16:00,2025-03-21 13:24:00,Y,"driver ran out of dry ice, needs resupply",25,7.63,0
ORD-26831,03/17/2025 11:14,02126,02163,SAME-DAY,St. Elizabeth's Medical,D016,2025-03-17 11:21:00,2025-03-17 12:14:00,2025-03-17 13:54:00,2025-03-17 15:07:00,Y,specimen container damaged on pickup,39,27.25,0
ORD-26832,01-13-25 03:23 AM,02125,02129,ROUTINE,NE Labs,D014,2025-01-13 03:37:00,2025-01-13 03:57:00,,2025-01-13 08:59:00,Y,"driver called in sick mid-route, reassigning trips",20,36.0,0
ORD-26833,02/26/2025 08:37,02195,02101,ROUTINE,Mass General Hospital,D041,2025-02-26 09:08:00,2025-02-26 09:28:00,2025-02-26 10:49:00,2025-02-26 11:53:00,Y,"client called to confirm - specimen critical, needs STAT upgrade",18,13.99,0
ORD-26834,02-28-25 11:48 AM,02163,02185,Rush,Mass General Hospital,D018,2025-02-28 11:59:00,2025-02-28 12:09:00,2025-02-28 13:58:00,2025-02-28 13:32:00,N,lab closed early today per client,16,18.06,0
ORD-26835,2025-02-06 07:52:00,02048,02104,Stat,Emerson Hospital,D011,2025-02-06 08:26:00,2025-02-06 09:03:00,2025-02-06 10:34:00,2025-02-06 08:47:00,Y,specimen container damaged on pickup,10,22.91,0
ORD-26836,02/27/2025 16:19,02127,02125,RUSH,Tufts Med Center,D006,2025-02-27 16:41:00,2025-02-27 17:15:00,2025-02-27 18:02:00,2025-02-27 18:09:00,Y,"elevator down at 15 Elm St, driver using stairs",26,31.65,0
ORD-26837,02/13/2025 16:25,01867,02129,ROUTINE,Northeast Labs,D041,2025-02-13 16:52:00,2025-02-13 17:52:00,,2025-02-13 21:47:00,Y,,29,36.5,0
ORD-26838,2025/02/20 10:42,02120,02109,Same-Day,Boston Medical Center,D035,2025-02-20 10:56:00,2025-02-20 11:42:00,2025-02-20 12:14:00,2025-02-20 14:07:00,Y,"wrong zip code on order, corrected",13,23.27,0
ORD-26839,01/19/2025 07:03,02025,02133,ROUTINE,BioReference Labs,D004,2025-01-19 07:30:00,,2025-01-19 10:06:00,2025-01-19 12:08:00,Y,"elevator down at 15 Elm St, driver using stairs",38,21.11,0
ORD-26840,02-02-25 04:16 AM,02059,02019,Rush,Quest Diag,D029,2025-02-02 05:01:00,2025-02-02 05:52:00,2025-02-02 06:58:00,2025-02-02 05:39:00,Y,driver reports ice on roads in reading area,37,27.18,0
ORD-26841,01/08/2025 18:21,02152,02119,SAME-DAY,Emerson Hospital,D028,2025-01-08 18:40:00,2025-01-08 19:06:00,2025-01-08 20:42:00,2025-01-08 21:14:00,Y,"driver vehicle breakdown, transfer to DD030 in progress",7,8.1,0
ORD-26842,02/26/2025 09:56,02043,02126,STAT,Quest Diagnostics,D033,2025-02-26 10:26:00,2025-02-26 10:52:00,2025-02-26 12:03:00,2025-02-26 10:37:00,N,specimen labeled incorrectly by client,25,23.74,0
ORD-26843,,02061,02171,RUSH,Boston Medical Center,D021,2025-03-10 10:20:00,2025-03-10 10:33:00,2025-03-10 11:28:00,2025-03-10 10:54:00,Y,,16,21.27,0
ORD-26844,03-03-25 06:26 PM,02025,02127,SAME-DAY,Lowell General,D004,2025-03-03 18:46:00,2025-03-03 19:09:00,2025-03-03 19:40:00,2025-03-03 21:17:00,N,pickup completed but paperwork missing from package,37,7.09,0
ORD-26845,01/07/2025 03:09,01850,02195,RUSH,Childrens Hospital,D019,2025-01-07 03:49:00,2025-01-07 04:25:00,2025-01-07 06:18:00,2025-01-07 04:30:00,Y,"client changed pickup time, driver redirected",6,16.27,0
ORD-26846,2025/03/22 10:07,02026,02145,SAME-DAY,Tufts Med Center,D003,2025-03-22 10:29:00,2025-03-22 11:19:00,2025-03-22 11:34:00,2025-03-22 13:41:00,Y,recipient not available at delivery location,19,7.07,0
ORD-26847,2025/03/19 15:57,01864,02115,Rush,Providence Health,D022,2025-03-19 16:12:00,,2025-03-19 18:51:00,2025-03-19 17:12:00,Y,package refused by receiving staff - no signature authority,7,7.27,0
ORD-26848,01-18-25 10:15 AM,01886,02171,Rush,LabCorp,D003,2025-01-18 10:29:00,2025-01-18 10:51:00,2025-01-18 11:34:00,2025-01-18 11:37:00,Y,"driver stuck in traffic on 93, running ~20 min late",31,12.89,0
ORD-26849,2025-02-12 09:09:00,02199,02120,SAME-DAY,Lowell General,D041,2025-02-12 09:42:00,2025-02-12 09:55:00,2025-02-12 11:45:00,2025-02-12 11:23:00,N,,27,32.82,0
ORD-26850,2025-02-26 12:02:00,01801,02145,rush,NE Labs,D012,2025-02-26 12:10:00,,2025-02-26 14:37:00,2025-02-26 13:57:00,Y,traffic accident on route 1 delay,16,16.73,0
ORD-26851,01-26-25 12:14 PM,02196,02133,STAT,LabCorp,D019,2025-01-26 12:54:00,2025-01-26 13:24:00,2025-01-26 15:08:00,2025-01-26 12:57:00,Y,,8,23.99,0
ORD-26852,01-26-25 07:06 AM,02032,02105,STAT,Brigham & Women's,D017,2025-01-26 07:35:00,2025-01-26 08:18:00,2025-01-26 10:08:00,2025-01-26 07:57:00,Y,recipient not available at delivery location,137,14.7,0
ORD-26853,03-26-25 06:20 PM,02124,02192,STAT,Quest Diag,D039,2025-03-26 18:37:00,2025-03-26 19:05:00,2025-03-26 19:44:00,2025-03-26 18:57:00,N,GPS routing error sent driver to wrong building,17,4.72,0
ORD-26854,2025-02-18 14:12:00,02190,02107,STAT,BioReference Labs,D008,2025-02-18 14:40:00,2025-02-18 15:06:00,2025-02-18 16:59:00,2025-02-18 14:43:00,Y,package refused by receiving staff - no signature authority,11,4.86,0
ORD-26855,2025/02/05 10:07,02061,02056,ROUTINE,St. Elizabeth's Medical,D015,2025-02-05 10:23:00,2025-02-05 11:09:00,2025-02-05 12:44:00,2025-02-05 15:51:00,Y,"driver ran out of dry ice, needs resupply",28,8.13,0
ORD-26856,02/19/2025 13:23,02132,02114,ROUTINE,Cape Cod Hospital,D037,2025-02-19 13:41:00,2025-02-19 14:39:00,2025-02-19 14:57:00,2025-02-19 19:18:00,Y,called client re specimen integrity - awaiting callback,42,17.18,0
ORD-26857,03-13-25 07:45 AM,02115,02021,stat,Labcorp Inc,D032,2025-03-13 07:49:00,2025-03-13 08:37:00,2025-03-13 09:58:00,2025-03-13 08:24:00,N,called client re specimen integrity - awaiting callback,45,37.76,0
ORD-26858,2025-01-21 21:21:00,02198,02155,rush,Lowell General,D025,2025-01-21 21:47:00,2025-01-21 22:33:00,2025-01-21 22:48:00,2025-01-21 22:21:00,Y,,25,26.36,0
ORD-26859,01-25-25 10:37 AM,01879,02171,STAT,Boston Med Ctr,D041,2025-01-25 11:22:00,2025-01-25 12:22:00,2025-01-25 13:26:00,2025-01-25 11:10:00,Y,specimen container damaged on pickup,6,5.38,0
ORD-26860,03/20/2025 18:50,02186,02101,ROUTINE,NE Labs,D037,2025-03-20 18:53:00,,2025-03-20 21:37:00,2025-03-20 22:02:00,Y,package refused by receiving staff - no signature authority,36,26.84,0
ORD-26861,2025/03/10 02:59,02141,02048,ROUTINE,Childrens Hospital,D032,2025-03-10 03:33:00,,2025-03-10 05:41:00,2025-03-10 07:57:00,N,redelivery needed: building locked,37,36.62,1
ORD-26862,02-13-25 10:41 AM,02131,02170,RUSH,Northeast Labs,D029,2025-02-13 10:56:00,2025-02-13 11:26:00,2025-02-13 13:02:00,2025-02-13 12:25:00,Y,"driver called in sick mid-route, reassigning trips",12,31.88,0
ORD-26863,2025/01/21 03:55,02187,02118,same-day,LabCorp,D037,2025-01-21 04:40:00,2025-01-21 05:08:00,2025-01-21 06:21:00,2025-01-21 07:13:00,N,specimen temp excursion possible - driver reports cooler malfunction,8,8.05,0
ORD-26864,2025-02-05 17:46:00,02136,02188,stat,BioReference Labs,D009,2025-02-05 17:56:00,2025-02-05 18:52:00,2025-02-05 20:09:00,2025-02-05 18:46:00,Y,"client changed pickup time, driver redirected",33,17.02,0
ORD-26865,03-21-25 07:42 PM,02060,02045,ROUTINE,Brigham and Womens,D024,2025-03-21 20:09:00,2025-03-21 20:56:00,2025-03-21 22:28:00,2025-03-21 23:27:00,Y,dispatcher note: double-check temp on this one before logging,7,24.99,0
ORD-26866,01/09/2025 14:57,02136,02001,STAT,Labcorp Inc,D008,2025-01-09 15:36:00,2025-01-09 16:22:00,2025-01-09 16:48:00,2025-01-09 15:33:00,N,specimen labeled incorrectly by client,7,7.06,0
ORD-26867,03/04/2025 12:02,02102,02195,STAT,Cape Cod Hospital,D031,2025-03-04 12:28:00,2025-03-04 12:53:00,2025-03-04 13:37:00,2025-03-04 12:45:00,Y,specimen temp excursion possible - driver reports cooler malfunction,13,13.77,0
ORD-26868,2025-03-13 20:16:00,01862,02116,stat,Brigham & Women's,D038,2025-03-13 20:31:00,2025-03-13 21:28:00,2025-03-13 22:20:00,2025-03-13 21:04:00,Y,,13,11.9,0
ORD-26869,2025-02-27 13:32:00,02194,02102,Routine,Providence Health,D029,2025-02-27 13:58:00,2025-02-27 14:49:00,2025-02-27 16:41:00,2025-02-27 18:35:00,Y,"client changed pickup time, driver redirected",35,23.35,0
ORD-26870,2025/03/01 09:04,02141,02143,stat,Emerson Hospital,D023,2025-03-01 09:22:00,,2025-03-01 11:35:00,2025-03-01 09:49:00,Y,,42,36.95,0
ORD-26871,2025-01-22 04:17:00,02151,02128,RUSH,South Shore Hospital,D029,2025-01-22 05:01:00,2025-01-22 05:37:00,2025-01-22 06:37:00,2025-01-22 05:29:00,Y,recipient not available at delivery location,31,34.31,0
ORD-26872,2025-03-01 21:51:00,02056,02148,STAT,Providence Health,D015,2025-03-01 22:31:00,2025-03-01 22:58:00,2025-03-02 00:35:00,2025-03-01 22:46:00,Y,"driver stuck in traffic on 93, running ~20 min late",24,20.81,0
ORD-26873,03/18/2025 11:39,02048,02019,STAT,Northeast Labs,D034,2025-03-18 11:46:00,2025-03-18 12:30:00,2025-03-18 13:49:00,2025-03-18 12:28:00,Y,"client called to confirm - specimen critical, needs STAT upgrade",12,9.71,0
ORD-26874,2025-03-23 12:23:00,02059,02130,ROUTINE,Tufts Med Center,D005,2025-03-23 12:32:00,2025-03-23 13:02:00,,2025-03-23 16:11:00,Y,called client re specimen integrity - awaiting callback,30,7.6,0
ORD-26875,2025/02/23 08:59,01879,02163,stat,Quest Diag,D019,2025-02-23 09:28:00,2025-02-23 09:38:00,2025-02-23 10:13:00,2025-02-23 09:55:00,Y,"elevator down at 15 Elm St, driver using stairs",21,25.37,0
ORD-26876,04/01/2025 07:42,02050,02101,ROUTINE,NE Labs,D016,2025-04-01 08:27:00,2025-04-01 08:51:00,2025-04-01 09:43:00,2025-04-01 10:57:00,Y,,44,32.41,0
ORD-26877,02-04-25 11:03 AM,01840,02176,STAT,Mass General Hospital,D034,2025-02-04 11:10:00,2025-02-04 11:48:00,2025-02-04 12:09:00,2025-02-04 11:36:00,Y,"pickup not ready, driver waiting 15+ min",13,25.69,0
ORD-26878,2025/01/12 15:00,01880,02142,ROUTINE,Tufts Medical,D005,2025-01-12 15:27:00,2025-01-12 15:39:00,2025-01-12 16:59:00,2025-01-12 19:04:00,Y,"wrong address on manifest, corrected enroute",38,34.9,0
ORD-26879,02-05-25 06:13 AM,02107,02169,RUSH,Northeast Labs,D022,2025-02-05 06:54:00,2025-02-05 07:08:00,2025-02-05 09:05:00,2025-02-05 08:01:00,Y,"driver ran out of dry ice, needs resupply",12,25.02,0
ORD-26880,2025-03-28 09:30:00,02127,02108,ROUTINE,Brigham & Women's,D020,2025-03-28 10:10:00,,2025-03-28 11:07:00,2025-03-28 12:59:00,Y,recipient not available at delivery location,23,24.03,0
ORD-26881,03/20/2025 08:07,02050,02101,Routine,Brigham and Womens,D024,2025-03-20 08:35:00,2025-03-20 09:22:00,2025-03-20 10:50:00,2025-03-20 11:50:00,Y,package refused by receiving staff - no signature authority,5,32.27,0
ORD-26882,2025/01/05 06:19,01876,02107,ROUTINE,Tufts Med Center,D020,2025-01-05 06:49:00,2025-01-05 07:31:00,2025-01-05 09:05:00,2025-01-05 11:02:00,Y,lab closed early today per client,39,22.67,0
ORD-26883,2025-03-02 07:51:00,02038,02047,Rush,Lowell General,D039,2025-03-02 08:00:00,2025-03-02 08:29:00,2025-03-02 09:37:00,2025-03-02 09:27:00,N,,25,9.51,1
ORD-26884,03/26/2025 02:06,01841,02194,RUSH,Boston Med Ctr,D023,2025-03-26 02:34:00,2025-03-26 03:33:00,2025-03-26 04:56:00,2025-03-26 03:24:00,Y,driver cannot locate parking at hospital,5,9.44,0
ORD-26885,2025-02-03 10:25:00,01850,02035,Stat,Brigham & Women's,UNASSIGNED,2025-02-03 10:36:00,2025-02-03 11:01:00,2025-02-03 11:56:00,2025-02-03 11:23:00,Y,specimen labeled incorrectly by client,39,31.29,0
ORD-26886,02/28/2025 11:01,01864,02032,SAME-DAY,Brigham and Womens,D041,2025-02-28 11:46:00,2025-02-28 12:33:00,2025-02-28 14:12:00,2025-02-28 14:31:00,Y,GPS routing error sent driver to wrong building,30,14.63,0
ORD-26887,2025/03/12 14:57,02115,02120,STAT,Childrens Hospital,D012,2025-03-12 15:18:00,,2025-03-12 17:14:00,2025-03-12 15:49:00,N,,28,5.13,0
ORD-26888,2025/03/19 14:31,01867,02141,routine,Boston Med Ctr,D012,2025-03-19 15:01:00,2025-03-19 15:29:00,2025-03-19 16:28:00,2025-03-19 20:21:00,Y,delayed at security checkpoint - id verification required,18,20.76,0
ORD-26889,02-26-25 03:48 PM,02032,02019,ROUTINE,South Shore Hospital,D036,2025-02-26 16:33:00,2025-02-26 17:18:00,2025-02-26 17:46:00,2025-02-26 21:15:00,Y,redelivery needed: building locked,17,25.49,0
ORD-26890,2025-03-01 12:27:00,02114,02062,SAME-DAY,MGH,D015,2025-03-01 12:52:00,2025-03-01 13:51:00,,2025-03-01 15:45:00,Y,delayed at security checkpoint - id verification required,20,7.2,0
ORD-26891,02/25/2025 14:37,01850,02045,stat,Mass General Hospital,D030,2025-02-25 14:43:00,2025-02-25 14:53:00,2025-02-25 15:52:00,2025-02-25 15:27:00,N,"client changed pickup time, driver redirected",405,22.98,0
ORD-26892,2025-02-09 12:42:00,02133,02170,stat,LabCorp,D033,2025-02-09 13:11:00,2025-02-09 13:47:00,,2025-02-09 13:29:00,Y,,25,16.51,0
ORD-26893,2025-03-21 15:16:00,02152,02152,RUSH,Brigham & Women's,D024,2025-03-21 15:56:00,,2025-03-21 17:24:00,2025-03-21 17:08:00,Y,specimen temp excursion possible - driver reports cooler malfunction,25,16.26,0
ORD-26894,01-14-25 12:13 PM,02066,02116,SAME-DAY,South Shore Hospital,D007,2025-01-14 12:17:00,2025-01-14 12:53:00,2025-01-14 14:24:00,2025-01-14 15:39:00,Y,,32,29.84,0
ORD-26895,03/20/2025 01:54,01821,02136,STAT,Mass General Hospital,D010,2025-03-20 02:06:00,2025-03-20 02:32:00,2025-03-20 03:17:00,2025-03-20 02:39:00,Y,,34,36.59,0
ORD-26896,01-27-25 05:52 PM,02026,02038,routine,Boston Medical Center,D006,2025-01-27 18:23:00,2025-01-27 19:23:00,2025-01-27 19:46:00,2025-01-27 23:39:00,Y,dispatcher note: double-check temp on this one before logging,19,33.33,0
ORD-26897,2025/03/29 10:43,02056,02120,Same-Day,Boston Medical Center,D011,2025-03-29 11:14:00,2025-03-29 11:44:00,2025-03-29 13:34:00,2025-03-29 14:19:00,Y,,18,14.74,0
ORD-26898,2025/01/28 08:06,02122,02192,Rush,Mass General Hospital,D028,2025-01-28 08:30:00,2025-01-28 09:17:00,2025-01-28 11:12:00,2025-01-28 09:07:00,N,,39,31.34,0
ORD-26899,02-24-25 09:23 AM,02142,02105,SAME-DAY,Boston Med Ctr,D010,2025-02-24 09:45:00,2025-02-24 10:40:00,2025-02-24 11:04:00,2025-02-24 12:20:00,N,specimen container damaged on pickup,21,6.6,0
ORD-26900,03-03-25 12:41 PM,02019,02127,Routine,Quest Diagnostics,D037,2025-03-03 13:14:00,2025-03-03 13:37:00,2025-03-03 13:53:00,2025-03-03 16:52:00,Y,lab closed early today per client,36,28.76,0
ORD-26901,02/10/2025 09:06,02067,02109,SAME-DAY,Northeast Labs,D026,2025-02-10 09:09:00,2025-02-10 09:19:00,2025-02-10 09:42:00,2025-02-10 11:21:00,Y,called client re specimen integrity - awaiting callback,26,19.75,0
ORD-26902,2025-02-09 07:46:00,01867,02052,ROUTINE,Lowell General,D023,2025-02-09 08:16:00,2025-02-09 09:10:00,2025-02-09 11:01:00,2025-02-09 12:51:00,Y,dispatcher note: double-check temp on this one before logging,9,31.32,0
ORD-26903,2025/03/19 18:35,02125,02191,Routine,Childrens Hospital,D031,2025-03-19 19:06:00,2025-03-19 19:20:00,2025-03-19 20:22:00,2025-03-20 00:23:00,N,,18,7.31,0
ORD-26904,2025-01-30 13:41:00,01879,02106,RUSH,Tufts Medical,D018,2025-01-30 14:07:00,2025-01-30 14:54:00,2025-01-30 15:23:00,2025-01-30 15:13:00,Y,specimen container damaged on pickup,10,30.98,0
ORD-26905,2025-01-30 08:34:00,02143,02104,ROUTINE,Providence Health,D020,2025-01-30 08:39:00,2025-01-30 09:29:00,2025-01-30 10:15:00,2025-01-30 13:38:00,Y,specimen container damaged on pickup,26,34.89,0
ORD-26906,2025-01-15 15:34:00,02035,02047,Rush,Boston Med Ctr,UNASSIGNED,2025-01-15 15:54:00,2025-01-15 16:23:00,2025-01-15 18:23:00,2025-01-15 17:11:00,Y,"wrong address on manifest, corrected enroute",41,5.54,0
ORD-26907,2025/02/23 08:20,02193,02186,STAT,Northeast Laboratory,D041,2025-02-23 08:27:00,2025-02-23 08:59:00,2025-02-23 10:52:00,2025-02-23 08:58:00,N,"driver called in sick mid-route, reassigning trips",27,26.24,0
ORD-26908,01/30/2025 14:17,02156,02105,rush,Tufts Med Center,D027,2025-01-30 14:49:00,2025-01-30 15:43:00,2025-01-30 16:57:00,2025-01-30 15:51:00,Y,delayed at security checkpoint - id verification required,15,34.57,0
ORD-26909,01/19/2025 21:51,02197,02105,Routine,Childrens Hospital,D001,2025-01-19 22:11:00,2025-01-19 23:10:00,2025-01-19 23:27:00,2025-01-20 01:08:00,Y,,16,8.04,0
ORD-26910,2025-02-27 09:31:00,01803,02140,STAT,Northeast Labs,D020,2025-02-27 10:09:00,2025-02-27 10:45:00,2025-02-27 11:54:00,2025-02-27 10:09:00,Y,package refused by receiving staff - no signature authority,32,14.29,0
ORD-26911,2025-03-06 04:16:00,02105,02188,STAT,Northeast Labs,D033,2025-03-06 04:48:00,,2025-03-06 07:01:00,2025-03-06 04:56:00,Y,specimen temp excursion possible - driver reports cooler malfunction,23,12.01,0
ORD-26912,01/05/2025 11:08,02072,02047,Rush,Tufts Med Center,D040,2025-01-05 11:41:00,2025-01-05 12:07:00,2025-01-05 13:46:00,2025-01-05 12:11:00,Y,"wrong zip code on order, corrected",8,36.68,0
ORD-26913,2025-03-08 22:51:00,02134,02025,SAME-DAY,Tufts Med Center,D037,2025-03-08 23:03:00,2025-03-08 23:38:00,2025-03-09 00:26:00,2025-03-09 01:50:00,N,,38,35.62,0
ORD-26914,01-09-25 06:27 AM,02050,02135,STAT,NE Labs,D023,2025-01-09 06:54:00,,2025-01-09 09:26:00,2025-01-09 07:02:00,Y,"client called to confirm - specimen critical, needs STAT upgrade",10,20.4,0
ORD-26915,2025/01/04 08:15,02110,02139,stat,Boston Med Ctr,D025,2025-01-04 08:48:00,2025-01-04 08:59:00,2025-01-04 09:51:00,2025-01-04 09:10:00,Y,traffic accident on route 1 delay,29,7.56,0
ORD-26916,03/26/2025 14:13,02184,02150,Stat,Emerson Hospital,D038,2025-03-26 14:17:00,,,2025-03-26 14:46:00,Y,redelivery needed: building locked,42,30.77,0
ORD-26917,02/17/2025 17:11,02142,02144,RUSH,Emerson Hospital,D029,2025-02-17 17:55:00,2025-02-17 18:52:00,2025-02-17 19:38:00,2025-02-17 18:46:00,Y,package refused by receiving staff - no signature authority,25,8.52,0
ORD-26918,02/23/2025 06:43,02156,02032,ROUTINE,St. Elizabeth's Medical,D010,2025-02-23 07:12:00,,2025-02-23 10:02:00,2025-02-23 11:07:00,Y,driver reports ice on roads in reading area,25,9.67,0
ORD-26919,2025-03-10 06:41:00,01841,02196,STAT,St. Elizabeth's Medical,D020,2025-03-10 06:46:00,2025-03-10 07:08:00,2025-03-10 07:46:00,2025-03-10 07:22:00,Y,,27,27.74,0
ORD-26920,03/28/2025 15:40,02138,02125,ROUTINE,Northeast Labs,D032,2025-03-28 16:03:00,2025-03-28 16:44:00,2025-03-28 17:04:00,2025-03-28 21:09:00,Y,,45,31.58,0
ORD-26921,2025/02/17 08:50,02195,02119,RUSH,MGH,D031,2025-02-17 09:24:00,2025-02-17 10:04:00,2025-02-17 11:21:00,2025-02-17 10:07:00,Y,driver cannot locate parking at hospital,42,14.75,0
ORD-26922,2025-02-07 16:03:00,02101,02200,ROUTINE,Tufts Med Center,D025,2025-02-07 16:25:00,2025-02-07 17:02:00,2025-02-07 18:26:00,2025-02-07 21:00:00,Y,called client re specimen integrity - awaiting callback,18,24.39,0
ORD-26923,2025/03/14 09:41,02139,02156,STAT,Boston Medical Center,D002,2025-03-14 10:00:00,2025-03-14 10:39:00,2025-03-14 10:57:00,2025-03-14 10:36:00,Y,pickup completed but paperwork missing from package,17,5.96,0
ORD-26924,2025/02/26 04:53,02188,02132,STAT,Emerson Hospital,D030,2025-02-26 04:57:00,2025-02-26 05:43:00,2025-02-26 06:54:00,2025-02-26 05:34:00,Y,,11,14.44,0
ORD-26925,01/17/2025 14:49,01863,02155,STAT,Mass General Hospital,D038,2025-01-17 15:11:00,2025-01-17 16:04:00,2025-01-17 16:50:00,2025-01-17 15:35:00,Y,driver cannot locate parking at hospital,14,23.7,0
ORD-26926,2025-01-21 14:15:00,02170,02191,ROUTINE,MGH,D017,2025-01-21 14:39:00,2025-01-21 15:08:00,2025-01-21 17:05:00,2025-01-21 18:45:00,Y,called client re specimen integrity - awaiting callback,34,33.84,0
ORD-26927,01-24-25 10:12 AM,02116,02056,SAME-DAY,Lowell General,D010,2025-01-24 10:43:00,2025-01-24 10:59:00,2025-01-24 12:47:00,2025-01-24 12:30:00,Y,driver cannot locate parking at hospital,6,24.59,0
ORD-26928,2025/01/28 10:42,02113,02163,STAT,Children's Hospital,D018,2025-01-28 10:46:00,2025-01-28 11:38:00,,2025-01-28 11:35:00,Y,"pickup not ready, driver waiting 15+ min",28,9.97,0
ORD-26929,2025/02/19 08:05,01810,02151,STAT,Boston Med Ctr,D009,2025-02-19 08:42:00,2025-02-19 09:30:00,2025-02-19 11:16:00,2025-02-19 08:55:00,Y,"wrong zip code on order, corrected",26,10.19,0
ORD-26930,2025-03-10 21:08:00,02198,02176,ROUTINE,MGH,D040,2025-03-10 21:24:00,2025-03-10 22:18:00,2025-03-10 23:13:00,2025-03-11 01:06:00,Y,,34,30.88,0
ORD-26931,2025-02-27 11:13:00,02163,02066,ROUTINE,NE Labs,D023,2025-02-27 11:23:00,2025-02-27 11:33:00,,2025-02-27 16:05:00,Y,"wrong address on manifest, corrected enroute",21,25.54,0
ORD-26932,2025-02-03 20:44:00,02191,02200,ROUTINE,Labcorp Inc,D022,2025-02-03 21:00:00,2025-02-03 21:14:00,2025-02-03 22:32:00,2025-02-04 00:47:00,N,"driver stuck in traffic on 93, running ~20 min late",27,23.27,0
ORD-26933,01/10/2025 12:14,02177,02200,same-day,Northeast Laboratory,D014,2025-01-10 12:31:00,2025-01-10 13:09:00,2025-01-10 14:23:00,2025-01-10 14:27:00,Y,"client called to confirm - specimen critical, needs STAT upgrade",35,34.28,0
ORD-26934,02/06/2025 19:47,02061,02107,SAME-DAY,Brigham & Women's,D030,2025-02-06 20:32:00,2025-02-06 21:20:00,2025-02-06 22:22:00,2025-02-06 21:50:00,Y,GPS routing error sent driver to wrong building,39,4.51,0
ORD-26935,,02139,02035,ROUTINE,Brigham & Women's,D008,2025-01-09 11:47:00,2025-01-09 12:45:00,2025-01-09 14:14:00,2025-01-09 15:13:00,Y,"wrong zip code on order, corrected",25,30.38,0
ORD-26936,2025/01/18 08:04,02177,02032,SAME-DAY,St. Elizabeth's Medical,D030,2025-01-18 08:29:00,2025-01-18 09:08:00,2025-01-18 09:37:00,2025-01-18 10:07:00,Y,traffic accident on route 1 delay,5,22.95,0
ORD-26937,2025/03/11 04:27,02192,02026,RUSH,NE Labs,D001,2025-03-11 04:40:00,2025-03-11 05:36:00,2025-03-11 07:32:00,2025-03-11 06:26:00,N,driver reports ice on roads in reading area,37,18.68,0
ORD-26938,03/09/2025 14:31,02143,02197,RUSH,Northeast Labs,D037,2025-03-09 14:40:00,,2025-03-09 16:04:00,2025-03-09 16:29:00,Y,,20,25.34,0
ORD-26939,03/29/2025 10:28,02106,02150,STAT,Boston Medical Center,D009,2025-03-29 10:33:00,2025-03-29 11:33:00,2025-03-29 12:27:00,2025-03-29 11:15:00,Y,"driver called in sick mid-route, reassigning trips",25,27.35,0
ORD-26940,03/31/2025 08:25,02115,02163,Stat,Brigham and Womens,D039,2025-03-31 08:40:00,,2025-03-31 10:36:00,2025-03-31 09:24:00,Y,dispatcher note: double-check temp on this one before logging,29,36.95,0
ORD-26941,2025-02-27 12:43:00,02191,02053,Rush,Tufts Med Center,D024,2025-02-27 13:20:00,2025-02-27 13:58:00,,2025-02-27 14:31:00,N,redelivery needed: building locked,32,9.57,0
ORD-26942,01/13/2025 11:39,02129,02185,ROUTINE,Quest Diag,D031,2025-01-13 11:45:00,2025-01-13 12:05:00,2025-01-13 12:29:00,2025-01-13 15:07:00,Y,driver cannot locate parking at hospital,27,24.52,0
ORD-26943,2025/01/20 19:16,02198,02184,ROUTINE,MGH,D019,2025-01-20 19:21:00,2025-01-20 20:11:00,2025-01-20 21:27:00,2025-01-20 22:33:00,Y,,33,30.84,0
ORD-26944,01-24-25 10:57 PM,02130,02120,Routine,Mass General Hospital,D011,2025-01-24 23:30:00,2025-01-25 00:01:00,2025-01-25 00:42:00,2025-01-25 03:30:00,Y,"client changed pickup time, driver redirected",16,9.67,0
ORD-26945,02-02-25 12:35 AM,02110,02047,ROUTINE,Providence Health,D038,2025-02-02 00:45:00,2025-02-02 01:09:00,2025-02-02 02:11:00,2025-02-02 05:02:00,Y,redelivery needed: building locked,396,30.78,0
ORD-26946,2025/01/02 17:21,02177,02196,stat,Emerson Hospital,D014,2025-01-02 17:25:00,,2025-01-02 18:32:00,2025-01-02 17:58:00,Y,redelivery needed: building locked,26,8.69,0
ORD-26947,2025/03/08 09:46,02047,02030,SAME-DAY,St. Elizabeth's Medical,D029,2025-03-08 10:17:00,2025-03-08 10:28:00,2025-03-08 12:27:00,2025-03-08 12:40:00,N,"client changed pickup time, driver redirected",22,7.83,0
ORD-26948,02/01/2025 08:28,01840,02140,Routine,NE Labs,D032,2025-02-01 08:50:00,2025-02-01 09:12:00,2025-02-01 10:03:00,2025-02-01 14:17:00,Y,,29,35.0,0
ORD-26949,03/01/2025 10:55,02066,02189,Routine,Quest Diagnostics,D021,2025-03-01 11:14:00,2025-03-01 11:56:00,2025-03-01 12:58:00,2025-03-01 14:33:00,Y,"driver ran out of dry ice, needs resupply",36,13.68,0
ORD-26950,03/05/2025 11:56,01843,02136,STAT,Cape Cod Hospital,D033,2025-03-05 12:29:00,2025-03-05 13:05:00,2025-03-05 13:42:00,2025-03-05 12:44:00,N,"wrong zip code on order, corrected",15,28.41,0
ORD-26951,2025/03/17 16:33,02180,02124,STAT,Providence Health,D001,2025-03-17 17:05:00,2025-03-17 17:22:00,2025-03-17 19:06:00,2025-03-17 17:24:00,Y,lab closed early today per client,22,13.16,0
ORD-26952,02-15-25 10:59 AM,01845,02153,routine,Lowell General,D030,2025-02-15 11:43:00,2025-02-15 12:17:00,2025-02-15 14:01:00,2025-02-15 15:45:00,Y,,19,34.38,0
ORD-26953,02/22/2025 14:47,02108,02045,Rush,Lowell General,D026,2025-02-22 15:13:00,2025-02-22 15:53:00,2025-02-22 17:52:00,2025-02-22 16:42:00,Y,redelivery needed: building locked,7,8.71,0
ORD-26954,03/07/2025 14:59,02138,02120,ROUTINE,Quest Diagnostics,D021,2025-03-07 15:13:00,2025-03-07 15:54:00,2025-03-07 16:18:00,2025-03-07 20:38:00,Y,"client changed pickup time, driver redirected",38,23.2,0
ORD-26955,2025-03-05 23:29:00,02152,02140,STAT,Northeast Labs,D036,2025-03-05 23:55:00,2025-03-06 00:07:00,2025-03-06 01:50:00,2025-03-06 00:18:00,Y,driver reports ice on roads in reading area,19,18.97,0
ORD-26956,2025-03-30 08:03:00,02114,02120,RUSH,Children's Hospital,D003,2025-03-30 08:21:00,2025-03-30 08:36:00,,2025-03-30 09:08:00,Y,traffic accident on route 1 delay,41,12.51,0
ORD-26957,2025/01/04 18:06,02176,02193,Stat,Northeast Labs,D017,2025-01-04 18:41:00,2025-01-04 19:11:00,2025-01-04 20:34:00,2025-01-04 18:47:00,N,lab closed early today per client,27,17.66,0
ORD-26958,2025-02-06 07:38:00,02043,02151,rush,Tufts Med Center,D005,2025-02-06 08:09:00,2025-02-06 08:53:00,2025-02-06 10:21:00,2025-02-06 09:23:00,Y,"driver called in sick mid-route, reassigning trips",20,36.96,0
ORD-26959,2025/02/25 18:27,02038,02047,same-day,BioReference Labs,D037,2025-02-25 18:52:00,2025-02-25 19:49:00,2025-02-25 21:34:00,2025-02-25 20:35:00,Y,"driver ran out of dry ice, needs resupply",14,27.36,0
ORD-26960,2025-01-07 14:38:00,02129,02116,Routine,Cape Cod Hospital,D017,2025-01-07 15:08:00,2025-01-07 15:37:00,2025-01-07 17:09:00,2025-01-07 18:21:00,Y,redelivery needed: building locked,39,18.96,0
ORD-26961,2025/02/17 16:31,02110,02128,Rush,Providence Health,D039,2025-02-17 16:37:00,2025-02-17 16:47:00,2025-02-17 17:13:00,2025-02-17 18:23:00,Y,,9,6.45,0
ORD-26962,03-22-25 09:46 AM,02189,02119,routine,Brigham and Womens,D030,2025-03-22 09:59:00,2025-03-22 10:17:00,2025-03-22 10:44:00,2025-03-22 14:19:00,Y,delayed at security checkpoint - id verification required,7,34.62,0
ORD-26963,2025/02/19 07:19,02150,02139,Rush,Brigham & Women's,D007,2025-02-19 07:47:00,2025-02-19 08:24:00,2025-02-19 09:22:00,2025-02-19 08:34:00,Y,"driver called in sick mid-route, reassigning trips",199,14.15,0
ORD-26964,01/18/2025 10:20,02122,02113,Same-Day,Northeast Labs,D032,2025-01-18 10:43:00,2025-01-18 11:31:00,2025-01-18 12:26:00,2025-01-18 12:28:00,Y,,15,34.12,0
ORD-26965,2025/03/10 09:48,01840,02190,RUSH,Northeast Labs,D039,2025-03-10 10:04:00,2025-03-10 10:29:00,2025-03-10 12:18:00,2025-03-10 11:42:00,Y,,41,20.1,0
ORD-26966,01/19/2025 08:00,02170,02129,STAT,St. Elizabeth's Medical,UNASSIGNED,2025-01-19 08:33:00,2025-01-19 09:25:00,2025-01-19 09:52:00,2025-01-19 08:40:00,Y,specimen labeled incorrectly by client,13,20.88,0
ORD-26967,2025-03-23 13:31:00,02061,02136,Rush,NE Labs,D029,2025-03-23 13:56:00,2025-03-23 14:20:00,2025-03-23 15:35:00,2025-03-23 15:30:00,N,driver reports ice on roads in reading area,11,17.55,0
ORD-26968,2025-02-14 18:15:00,02176,02072,ROUTINE,Boston Med Ctr,D012,2025-02-14 18:47:00,2025-02-14 19:00:00,2025-02-14 20:45:00,2025-02-14 22:43:00,N,"wrong zip code on order, corrected",11,13.03,0
ORD-26969,2025-03-24 08:03:00,02113,02032,SAME-DAY,BioReference Labs,D022,2025-03-24 08:38:00,2025-03-24 09:06:00,2025-03-24 09:44:00,2025-03-24 10:30:00,Y,,41,8.91,0
ORD-26970,2025-03-20 17:14:00,01860,02053,ROUTINE,Boston Med Ctr,D023,2025-03-20 17:55:00,2025-03-20 18:41:00,2025-03-20 19:27:00,2025-03-20 22:12:00,Y,"wrong address on manifest, corrected enroute",23,7.32,0
ORD-26971,01/13/2025 10:43,01886,02105,routine,South Shore Hospital,D021,2025-01-13 11:24:00,,2025-01-13 12:02:00,2025-01-13 14:47:00,Y,driver cannot locate parking at hospital,18,14.22,0
ORD-26972,01-28-25 04:47 PM,02177,02176,ROUTINE,MGH,D001,2025-01-28 17:30:00,2025-01-28 18:09:00,2025-01-28 18:31:00,2025-01-28 21:40:00,Y,specimen container damaged on pickup,20,19.97,0
ORD-26973,2025/01/08 17:32,02196,02185,SAME-DAY,Quest Diag,D007,2025-01-08 17:38:00,2025-01-08 18:01:00,2025-01-08 19:33:00,2025-01-08 19:59:00,N,specimen temp excursion possible - driver reports cooler malfunction,42,6.51,0
ORD-26974,2025-03-24 21:21:00,02189,02177,ROUTINE,Tufts Medical,D022,2025-03-24 21:42:00,2025-03-24 22:15:00,2025-03-24 23:21:00,2025-03-25 01:03:00,Y,lab closed early today per client,34,12.58,0
ORD-26975,02/06/2025 16:40,02001,02059,RUSH,Labcorp Inc,D027,2025-02-06 17:16:00,,2025-02-06 19:06:00,2025-02-06 18:06:00,Y,"pickup not ready, driver waiting 15+ min",12,21.09,0
ORD-26976,02/11/2025 21:48,02119,02153,STAT,Cape Cod Hospital,D032,2025-02-11 22:16:00,2025-02-11 23:09:00,2025-02-12 00:36:00,2025-02-11 22:36:00,Y,delayed at security checkpoint - id verification required,31,18.3,0
ORD-26977,2025/01/07 15:40,02196,02133,ROUTINE,Childrens Hospital,D010,2025-01-07 15:54:00,2025-01-07 16:29:00,2025-01-07 17:56:00,2025-01-07 21:23:00,N,"driver stuck in traffic on 93, running ~20 min late",41,37.02,1
ORD-26978,2025-01-13 15:21:00,02196,02021,ROUTINE,Cape Cod Hospital,D009,2025-01-13 15:38:00,2025-01-13 16:13:00,2025-01-13 17:30:00,2025-01-13 19:33:00,N,GPS routing error sent driver to wrong building,24,10.69,0
ORD-26979,01-07-25 12:14 PM,01876,02126,ROUTINE,Boston Med Ctr,D040,2025-01-07 12:29:00,2025-01-07 13:19:00,2025-01-07 14:20:00,2025-01-07 18:05:00,Y,package refused by receiving staff - no signature authority,15,16.87,0
ORD-26980,01-13-25 02:43 PM,02198,02144,ROUTINE,Boston Med Ctr,D002,2025-01-13 15:15:00,2025-01-13 15:52:00,2025-01-13 17:50:00,2025-01-13 19:07:00,Y,specimen temp excursion possible - driver reports cooler malfunction,39,35.78,0
ORD-26981,03-27-25 11:18 PM,02103,02186,ROUTINE,Northeast Labs,D029,2025-03-27 23:53:00,2025-03-28 00:22:00,2025-03-28 00:56:00,2025-03-28 03:58:00,Y,lab closed early today per client,40,35.63,0
ORD-26982,2025-01-02 14:36:00,02025,02194,Rush,Brigham & Women's,D023,2025-01-02 14:40:00,2025-01-02 15:10:00,2025-01-02 16:32:00,2025-01-02 16:26:00,Y,"driver vehicle breakdown, transfer to DD037 in progress",35,17.13,0
ORD-26983,03/15/2025 15:09,02195,02121,RUSH,Cape Cod Hospital,D032,2025-03-15 15:27:00,2025-03-15 15:56:00,2025-03-15 17:31:00,2025-03-15 17:07:00,Y,"elevator down at 15 Elm St, driver using stairs",43,20.36,0
ORD-26984,2025-01-09 14:17:00,02019,02050,ROUTINE,MGH,D028,2025-01-09 14:46:00,,2025-01-09 16:07:00,2025-01-09 18:33:00,Y,pickup completed but paperwork missing from package,29,6.11,0
ORD-26985,02/19/2025 17:25,02180,02198,Rush,Cape Cod Hospital,D034,2025-02-19 17:58:00,2025-02-19 18:18:00,2025-02-19 19:51:00,2025-02-19 19:22:00,Y,,6,27.29,0
ORD-26986,2025-03-26 14:39:00,02120,02177,ROUTINE,Quest Diag,D006,2025-03-26 14:56:00,2025-03-26 15:25:00,2025-03-26 17:05:00,2025-03-26 19:57:00,Y,"wrong zip code on order, corrected",20,22.74,0
ORD-26987,2025-03-12 03:25:00,02019,02139,rush,Providence Health,D009,2025-03-12 04:09:00,2025-03-12 04:32:00,2025-03-12 06:28:00,2025-03-12 05:15:00,Y,"client called to confirm - specimen critical, needs STAT upgrade",40,7.55,0
ORD-26988,2025/03/29 17:10,01821,02110,Rush,Boston Medical Center,D024,2025-03-29 17:24:00,2025-03-29 17:34:00,2025-03-29 17:52:00,2025-03-29 18:16:00,Y,traffic accident on route 1 delay,9,12.62,0
ORD-26989,02/21/2025 13:43,01843,02142,Routine,Providence Health,D006,2025-02-21 13:56:00,2025-02-21 14:08:00,2025-02-21 15:25:00,2025-02-21 19:15:00,Y,"client changed pickup time, driver redirected",177,10.63,0
ORD-26990,2025/02/15 13:57,02038,02114,ROUTINE,Childrens Hospital,D021,2025-02-15 14:25:00,2025-02-15 15:19:00,,2025-02-15 16:58:00,Y,"wrong zip code on order, corrected",42,29.69,0
ORD-26991,2025/01/12 20:24,02186,02131,routine,Brigham & Women's,D020,2025-01-12 21:00:00,2025-01-12 21:26:00,2025-01-12 22:11:00,2025-01-13 01:34:00,Y,"client changed pickup time, driver redirected",12,6.94,0
ORD-26992,2025-02-07 14:19:00,01860,02116,rush,Emerson Hospital,D036,2025-02-07 14:50:00,2025-02-07 15:08:00,2025-02-07 15:24:00,2025-02-07 15:30:00,Y,,21,25.38,0
ORD-26993,2025-03-27 23:46:00,02189,02197,SAME-DAY,Brigham and Womens,D037,2025-03-28 00:30:00,2025-03-28 00:51:00,2025-03-28 01:20:00,2025-03-28 02:34:00,Y,"driver stuck in traffic on 93, running ~20 min late",6,24.61,0
ORD-26994,01/29/2025 07:44,02032,02120,ROUTINE,LabCorp,D029,2025-01-29 08:11:00,2025-01-29 08:44:00,2025-01-29 09:19:00,2025-01-29 11:25:00,N,recipient not available at delivery location,11,23.39,0
ORD-26995,01-23-25 12:57 PM,01880,02163,ROUTINE,Northeast Labs,D006,2025-01-23 13:25:00,,2025-01-23 15:19:00,2025-01-23 17:56:00,Y,pickup completed but paperwork missing from package,39,9.05,0
ORD-26996,03/19/2025 00:20,02019,02192,Rush,MGH,D028,2025-03-19 00:51:00,,2025-03-19 02:34:00,2025-03-19 01:59:00,Y,"wrong address on manifest, corrected enroute",35,35.69,0
ORD-26997,,02200,02050,STAT,Brigham and Womens,D034,2025-02-14 09:14:00,,2025-02-14 11:22:00,2025-02-14 09:38:00,Y,"pickup not ready, driver waiting 15+ min",5,21.31,0
ORD-26998,2025/01/22 12:26,02109,02108,stat,Tufts Medical,D028,2025-01-22 12:57:00,,,2025-01-22 13:16:00,Y,"driver stuck in traffic on 93, running ~20 min late",33,26.61,0
ORD-26999,01/07/2025 09:32,02059,02059,SAME-DAY,NE Labs,D011,2025-01-07 10:03:00,2025-01-07 10:42:00,2025-01-07 11:18:00,2025-01-07 12:03:00,Y,package refused by receiving staff - no signature authority,40,5.36,0
ORD-27000,03/31/2025 12:15,02067,02115,STAT,Brigham & Women's,D013,2025-03-31 12:34:00,2025-03-31 13:11:00,2025-03-31 13:29:00,2025-03-31 13:02:00,N,,44,16.69,1
ORD-27001,01/07/2025 10:04,02113,02038,Routine,MGH,D031,2025-01-07 10:11:00,2025-01-07 10:26:00,2025-01-07 12:13:00,2025-01-07 14:13:00,Y,,33,35.06,0
ORD-27002,2025-03-14 10:12:00,01851,02124,SAME-DAY,MGH,D029,2025-03-14 10:57:00,2025-03-14 11:08:00,2025-03-14 12:40:00,2025-03-14 13:39:00,N,specimen labeled incorrectly by client,39,21.96,0
ORD-27003,2025/01/17 06:48,02048,02149,ROUTINE,Tufts Medical,D026,2025-01-17 07:20:00,2025-01-17 07:56:00,2025-01-17 09:07:00,2025-01-17 11:14:00,N,delayed at security checkpoint - id verification required,30,7.73,1
ORD-27004,2025-01-21 16:28:00,02060,02110,SAME-DAY,Tufts Medical,D030,2025-01-21 16:33:00,2025-01-21 16:52:00,2025-01-21 17:23:00,2025-01-21 19:00:00,Y,called client re specimen integrity - awaiting callback,19,21.41,0
ORD-27005,01/22/2025 10:42,02189,02128,Routine,Northeast Laboratory,D023,2025-01-22 11:25:00,2025-01-22 12:16:00,2025-01-22 13:46:00,2025-01-22 15:56:00,Y,"client changed pickup time, driver redirected",20,21.32,0
ORD-27006,2025-01-24 21:10:00,02191,02128,stat,Cape Cod Hospital,D031,2025-01-24 21:53:00,2025-01-24 22:13:00,2025-01-24 22:30:00,2025-01-24 22:08:00,Y,specimen labeled incorrectly by client,41,26.81,0
ORD-27007,2025-01-27 14:51:00,02163,02163,RUSH,Quest Diagnostics,D030,2025-01-27 15:09:00,2025-01-27 15:54:00,2025-01-27 17:23:00,2025-01-27 16:16:00,Y,called client re specimen integrity - awaiting callback,13,24.69,0
ORD-27008,03-13-25 03:26 PM,02103,02125,Routine,Boston Med Ctr,D022,2025-03-13 15:43:00,2025-03-13 16:12:00,2025-03-13 16:57:00,2025-03-13 21:07:00,N,,11,11.01,0
ORD-27009,2025/01/09 06:44,01851,02155,Rush,Brigham and Womens,D022,2025-01-09 06:58:00,2025-01-09 07:21:00,2025-01-09 08:29:00,2025-01-09 08:17:00,Y,"driver vehicle breakdown, transfer to DD014 in progress",17,5.58,0
ORD-27010,02-06-25 08:23 AM,01862,02062,SAME-DAY,Emerson Hospital,D014,2025-02-06 08:43:00,,2025-02-06 09:54:00,2025-02-06 11:06:00,Y,delayed at security checkpoint - id verification required,21,23.52,0
ORD-27011,03-04-25 01:10 PM,01850,02035,ROUTINE,South Shore Hospital,D041,2025-03-04 13:32:00,2025-03-04 13:57:00,2025-03-04 15:00:00,2025-03-04 16:29:00,N,recipient not available at delivery location,12,18.16,0
ORD-27012,03/25/2025 13:57,02101,02141,stat,St. Elizabeth's Medical,D029,2025-03-25 14:11:00,2025-03-25 14:49:00,2025-03-25 15:36:00,2025-03-25 14:47:00,Y,"client called to confirm - specimen critical, needs STAT upgrade",38,17.05,0
ORD-27013,2025-03-25 12:07:00,02188,02101,STAT,Quest Diag,D017,2025-03-25 12:33:00,2025-03-25 12:47:00,2025-03-25 14:25:00,2025-03-25 12:45:00,Y,delayed at security checkpoint - id verification required,16,34.57,0
ORD-27014,2025/01/08 09:29,02126,02125,Stat,Cape Cod Hospital,D005,2025-01-08 09:33:00,,2025-01-08 12:02:00,2025-01-08 10:08:00,Y,specimen labeled incorrectly by client,35,27.3,0
ORD-27015,02/20/2025 19:19,01840,02038,STAT,MGH,D001,2025-02-20 19:49:00,2025-02-20 20:46:00,2025-02-20 21:54:00,2025-02-20 20:12:00,N,,43,12.62,0
ORD-27016,2025/02/10 13:56,02176,02109,ROUTINE,Tufts Medical,D041,2025-02-10 14:01:00,,,2025-02-10 18:04:00,Y,called client re specimen integrity - awaiting callback,175,34.66,0
ORD-27017,2025/02/11 00:46,01850,02176,STAT,MGH,D012,2025-02-11 01:19:00,2025-02-11 02:04:00,2025-02-11 02:40:00,2025-02-11 01:29:00,Y,,37,25.9,0
ORD-27018,2025-01-16 19:03:00,02192,02111,Stat,South Shore Hospital,D019,2025-01-16 19:15:00,2025-01-16 19:27:00,2025-01-16 20:29:00,2025-01-16 19:57:00,Y,"client called to confirm - specimen critical, needs STAT upgrade",45,19.66,0
ORD-27019,02/04/2025 07:59,01843,02141,STAT,MGH,D026,2025-02-04 08:02:00,2025-02-04 08:42:00,2025-02-04 10:19:00,2025-02-04 08:36:00,Y,"driver ran out of dry ice, needs resupply",32,37.32,0
ORD-27020,03-17-25 09:33 AM,02186,02148,Routine,South Shore Hospital,D018,2025-03-17 10:05:00,2025-03-17 10:57:00,2025-03-17 11:53:00,2025-03-17 14:38:00,Y,"client called to confirm - specimen critical, needs STAT upgrade",37,12.19,0
ORD-27021,2025-02-14 09:30:00,02140,02025,ROUTINE,Brigham and Womens,D028,2025-02-14 09:34:00,2025-02-14 10:03:00,2025-02-14 11:18:00,2025-02-14 14:04:00,Y,"client called to confirm - specimen critical, needs STAT upgrade",22,22.44,0
ORD-27022,2025/02/11 00:17,02032,02200,STAT,Mass General Hospital,D028,2025-02-11 00:21:00,2025-02-11 01:04:00,2025-02-11 01:36:00,2025-02-11 01:00:00,Y,redelivery needed: building locked,32,33.13,0
ORD-27023,02-24-25 08:19 AM,02195,02169,STAT,Tufts Medical,D006,2025-02-24 08:32:00,,2025-02-24 09:11:00,2025-02-24 09:01:00,N,package refused by receiving staff - no signature authority,29,26.46,0
ORD-27024,03/10/2025 02:50,02048,02151,ROUTINE,Northeast Laboratory,D039,2025-03-10 03:33:00,2025-03-10 04:03:00,2025-03-10 04:47:00,2025-03-10 06:30:00,Y,"wrong zip code on order, corrected",20,19.68,0
ORD-27025,2025-03-18 09:52:00,02193,02176,SAME-DAY,LabCorp,D021,2025-03-18 10:24:00,2025-03-18 11:05:00,2025-03-18 11:48:00,2025-03-18 13:35:00,Y,pickup completed but paperwork missing from package,27,29.62,0
ORD-27026,2025/02/13 05:10,02199,02066,ROUTINE,Quest Diagnostics,D038,2025-02-13 05:53:00,2025-02-13 06:08:00,2025-02-13 06:29:00,2025-02-13 08:53:00,Y,,35,25.76,0
ORD-27027,01-24-25 01:36 PM,02187,02177,RUSH,Brigham & Women's,D040,2025-01-24 14:04:00,2025-01-24 14:30:00,2025-01-24 15:48:00,2025-01-24 15:35:00,Y,specimen temp excursion possible - driver reports cooler malfunction,14,12.01,0
ORD-27028,2025-03-09 09:02:00,01841,02199,Stat,NE Labs,D006,2025-03-09 09:13:00,2025-03-09 09:32:00,2025-03-09 10:23:00,2025-03-09 09:47:00,Y,specimen labeled incorrectly by client,39,28.19,0
ORD-27029,2025/01/27 14:38,02072,02056,Stat,Brigham & Women's,D027,2025-01-27 14:45:00,2025-01-27 15:03:00,2025-01-27 15:57:00,2025-01-27 15:08:00,Y,specimen container damaged on pickup,27,17.83,0
ORD-27030,2025-02-02 08:56:00,01843,02195,ROUTINE,Tufts Med Center,D029,2025-02-02 09:08:00,2025-02-02 09:29:00,2025-02-02 10:50:00,2025-02-02 14:30:00,Y,traffic accident on route 1 delay,18,5.88,0
ORD-27031,01/15/2025 14:39,01850,02163,STAT,Mass General Hospital,D015,2025-01-15 14:45:00,2025-01-15 15:18:00,2025-01-15 16:37:00,2025-01-15 15:29:00,Y,GPS routing error sent driver to wrong building,32,10.55,0
ORD-27032,01/04/2025 13:58,02030,02188,SAME-DAY,BioReference Labs,D011,2025-01-04 14:05:00,2025-01-04 14:52:00,2025-01-04 15:11:00,2025-01-04 17:30:00,Y,,31,19.83,0
ORD-27033,2025-03-02 10:54:00,02156,02186,RUSH,LabCorp,D022,2025-03-02 11:36:00,2025-03-02 11:59:00,2025-03-02 12:21:00,2025-03-02 12:01:00,Y,,21,30.35,0
ORD-27034,01/16/2025 06:03,02134,02130,ROUTINE,LabCorp,D004,2025-01-16 06:40:00,2025-01-16 07:36:00,2025-01-16 09:10:00,2025-01-16 10:06:00,Y,,10,27.24,0
ORD-27035,2025-01-10 09:41:00,02061,02066,Routine,Childrens Hospital,UNASSIGNED,2025-01-10 10:08:00,2025-01-10 10:19:00,2025-01-10 11:06:00,2025-01-10 14:29:00,N,driver reports ice on roads in reading area,23,15.21,0
ORD-27036,2025-02-09 09:32:00,01879,02115,SAME-DAY,Children's Hospital,D036,2025-02-09 09:50:00,2025-02-09 10:16:00,2025-02-09 12:05:00,2025-02-09 13:24:00,Y,delayed at security checkpoint - id verification required,34,10.34,0
ORD-27037,02/07/2025 04:36,02114,02125,RUSH,Lowell General,UNASSIGNED,2025-02-07 04:53:00,2025-02-07 05:52:00,2025-02-07 07:41:00,2025-02-07 05:49:00,Y,dispatcher note: double-check temp on this one before logging,12,22.8,0
ORD-27038,2025-03-11 08:49:00,02193,02111,ROUTINE,South Shore Hospital,D020,2025-03-11 09:30:00,2025-03-11 09:45:00,2025-03-11 10:45:00,2025-03-11 14:28:00,Y,pickup completed but paperwork missing from package,42,32.51,0
ORD-27039,2025/02/21 13:18,02107,02136,Routine,Boston Med Ctr,D038,2025-02-21 13:21:00,,2025-02-21 14:05:00,2025-02-21 17:35:00,Y,,38,22.53,0
ORD-27040,,01843,02192,ROUTINE,Tufts Medical,D023,2025-02-13 09:01:00,2025-02-13 09:54:00,2025-02-13 10:24:00,2025-02-13 12:07:00,Y,"client called to confirm - specimen critical, needs STAT upgrade",19,9.3,0
ORD-27041,03/25/2025 20:57,01863,02192,ROUTINE,Northeast Laboratory,D020,2025-03-25 21:42:00,2025-03-25 22:21:00,2025-03-25 22:45:00,2025-03-26 02:39:00,Y,driver cannot locate parking at hospital,32,12.81,0
ORD-27042,02/23/2025 06:42,02153,02190,ROUTINE,Boston Med Ctr,D006,2025-02-23 07:09:00,2025-02-23 07:41:00,2025-02-23 08:30:00,2025-02-23 11:46:00,Y,"wrong zip code on order, corrected",16,28.34,0
ORD-27043,03/28/2025 17:55,02126,02067,Rush,Lowell General,D022,2025-03-28 18:03:00,,2025-03-28 19:56:00,2025-03-28 19:20:00,Y,specimen container damaged on pickup,9,29.38,0
ORD-27044,2025/01/16 14:23,02142,02176,STAT,Children's Hospital,D038,2025-01-16 14:45:00,2025-01-16 15:31:00,2025-01-16 15:51:00,2025-01-16 15:00:00,Y,GPS routing error sent driver to wrong building,411,34.07,0
ORD-27045,02/11/2025 06:26,02195,02110,stat,Providence Health,D013,2025-02-11 06:40:00,2025-02-11 07:06:00,2025-02-11 07:37:00,2025-02-11 07:12:00,N,redelivery needed: building locked,43,24.38,1
ORD-27046,2025/01/20 13:27,02109,02062,SAME-DAY,BioReference Labs,D025,2025-01-20 14:07:00,2025-01-20 14:52:00,2025-01-20 16:09:00,2025-01-20 17:03:00,Y,"wrong zip code on order, corrected",43,29.27,0
ORD-27047,01/12/2025 12:59,02062,02124,ROUTINE,Northeast Laboratory,D014,2025-01-12 13:26:00,2025-01-12 13:47:00,2025-01-12 15:15:00,2025-01-12 18:23:00,Y,GPS routing error sent driver to wrong building,21,4.64,0
ORD-27048,2025-01-17 07:18:00,02196,02059,Routine,Boston Medical Center,D014,2025-01-17 07:27:00,,2025-01-17 10:06:00,2025-01-17 12:06:00,Y,"driver called in sick mid-route, reassigning trips",6,16.65,0
ORD-27049,,02170,02122,STAT,Northeast Labs,D023,2025-02-15 08:53:00,2025-02-15 09:16:00,2025-02-15 10:31:00,2025-02-15 09:08:00,Y,"client called to confirm - specimen critical, needs STAT upgrade",23,24.87,0
ORD-27050,02-10-25 04:00 PM,02191,02102,routine,South Shore Hospital,UNASSIGNED,2025-02-10 16:13:00,,2025-02-10 17:51:00,2025-02-10 20:18:00,Y,"driver vehicle breakdown, transfer to DD029 in progress",24,37.56,0
ORD-27051,01/28/2025 15:20,02150,02133,Routine,Children's Hospital,D036,2025-01-28 15:55:00,2025-01-28 16:53:00,2025-01-28 18:36:00,2025-01-28 20:38:00,N,,32,27.03,0
ORD-27052,2025/02/13 11:26,02140,02109,ROUTINE,Brigham and Womens,D005,2025-02-13 11:35:00,2025-02-13 12:26:00,2025-02-13 12:53:00,2025-02-13 14:46:00,Y,,227,25.86,0
ORD-27053,2025-02-25 10:14:00,02150,02030,RUSH,Brigham & Women's,D016,2025-02-25 10:27:00,2025-02-25 10:57:00,2025-02-25 12:05:00,2025-02-25 11:14:00,Y,"driver called in sick mid-route, reassigning trips",36,28.52,0
ORD-27054,2025/03/28 13:17,01821,02132,ROUTINE,Brigham and Womens,D013,2025-03-28 14:02:00,2025-03-28 14:18:00,2025-03-28 16:08:00,2025-03-28 17:21:00,Y,package refused by receiving staff - no signature authority,33,15.56,0
ORD-27055,2025-02-28 16:37:00,01840,02061,Stat,LabCorp,D030,2025-02-28 17:15:00,2025-02-28 17:54:00,2025-02-28 18:16:00,2025-02-28 17:34:00,Y,"pickup not ready, driver waiting 15+ min",14,33.12,0
ORD-27056,02/08/2025 16:38,02066,02124,routine,St. Elizabeth's Medical,D016,2025-02-08 17:13:00,2025-02-08 17:33:00,2025-02-08 18:52:00,2025-02-08 19:56:00,Y,driver cannot locate parking at hospital,42,21.14,0
ORD-27057,2025-02-05 12:15:00,01850,02171,SAME-DAY,Childrens Hospital,D023,2025-02-05 12:26:00,2025-02-05 12:46:00,2025-02-05 14:06:00,2025-02-05 15:58:00,Y,recipient not available at delivery location,41,26.49,0
ORD-27058,2025/03/15 13:01,01863,02200,RUSH,MGH,D019,2025-03-15 13:16:00,2025-03-15 14:13:00,2025-03-15 15:53:00,2025-03-15 14:21:00,Y,,31,7.07,0
ORD-27059,2025/02/01 18:34,02061,02035,RUSH,Cape Cod Hospital,D003,2025-02-01 19:14:00,2025-02-01 20:08:00,2025-02-01 20:34:00,2025-02-01 19:59:00,Y,specimen container damaged on pickup,17,11.48,0
ORD-27060,04-01-25 01:47 PM,02067,02067,ROUTINE,Brigham and Womens,D001,2025-04-01 13:57:00,2025-04-01 14:56:00,2025-04-01 16:25:00,2025-04-01 18:44:00,N,redelivery needed: building locked,11,15.46,0
ORD-27061,2025-01-06 14:31:00,02198,02184,STAT,Lowell General,D015,2025-01-06 15:14:00,2025-01-06 15:37:00,2025-01-06 17:23:00,2025-01-06 15:31:00,N,"driver stuck in traffic on 93, running ~20 min late",41,17.77,0
ORD-27062,01/30/2025 10:01,02108,02132,RUSH,MGH,D025,2025-01-30 10:27:00,,2025-01-30 12:15:00,2025-01-30 11:38:00,Y,"driver stuck in traffic on 93, running ~20 min late",27,33.21,0
ORD-27063,2025/03/05 16:53,02019,02021,Rush,Tufts Medical,UNASSIGNED,2025-03-05 17:12:00,2025-03-05 17:50:00,2025-03-05 18:55:00,2025-03-05 18:18:00,Y,"client called to confirm - specimen critical, needs STAT upgrade",5,29.38,0
ORD-27064,2025/02/14 08:27,02139,02196,ROUTINE,Mass General Hospital,D004,2025-02-14 08:52:00,2025-02-14 09:34:00,2025-02-14 10:55:00,2025-02-14 12:08:00,Y,recipient not available at delivery location,13,31.33,0
ORD-27065,02/25/2025 16:26,02047,02191,Routine,Northeast Laboratory,D037,2025-02-25 16:49:00,2025-02-25 17:02:00,2025-02-25 18:23:00,2025-02-25 20:41:00,Y,,25,20.14,0
ORD-27066,2025/01/03 03:04,02141,02108,Same-Day,Northeast Laboratory,D034,2025-01-03 03:39:00,2025-01-03 04:05:00,2025-01-03 05:00:00,2025-01-03 06:34:00,Y,lab closed early today per client,36,32.79,0
ORD-27067,2025-03-16 08:36:00,01826,02198,ROUTINE,Boston Medical Center,D037,2025-03-16 09:12:00,2025-03-16 09:58:00,,2025-03-16 12:32:00,N,traffic accident on route 1 delay,5,8.72,0
ORD-27068,03-24-25 08:50 AM,02066,02035,STAT,NE Labs,D038,2025-03-24 09:34:00,2025-03-24 09:56:00,2025-03-24 10:16:00,2025-03-24 09:47:00,Y,delayed at security checkpoint - id verification required,23,23.84,0
ORD-27069,2025-01-10 16:20:00,02134,02032,Routine,Providence Health,UNASSIGNED,2025-01-10 16:37:00,2025-01-10 17:36:00,2025-01-10 19:28:00,2025-01-10 21:14:00,Y,driver reports ice on roads in reading area,29,5.72,0
ORD-27070,2025/03/23 10:10,02121,02001,SAME-DAY,NE Labs,D020,2025-03-23 10:14:00,2025-03-23 10:37:00,2025-03-23 12:14:00,2025-03-23 13:10:00,Y,"driver ran out of dry ice, needs resupply",34,26.92,0
ORD-27071,03/26/2025 07:33,02021,02171,Stat,South Shore Hospital,D014,2025-03-26 08:16:00,2025-03-26 09:09:00,2025-03-26 10:43:00,2025-03-26 08:08:00,Y,redelivery needed: building locked,20,33.89,0
ORD-27072,03/03/2025 06:59,01850,02198,RUSH,Mass General Hospital,D007,2025-03-03 07:06:00,2025-03-03 07:46:00,,2025-03-03 08:27:00,Y,redelivery needed: building locked,33,24.36,0
ORD-27073,03/28/2025 12:38,01826,02133,STAT,Boston Med Ctr,D029,2025-03-28 13:01:00,2025-03-28 13:39:00,2025-03-28 15:36:00,2025-03-28 13:27:00,Y,"driver vehicle breakdown, transfer to DD016 in progress",5,4.93,0
ORD-27074,02/27/2025 11:30,02190,02043,STAT,St. Elizabeth's Medical,D012,2025-02-27 11:57:00,2025-02-27 12:28:00,2025-02-27 13:24:00,2025-02-27 12:06:00,Y,lab closed early today per client,41,20.47,0
ORD-27075,02-04-25 02:06 PM,02054,02145,stat,LabCorp,D023,2025-02-04 14:37:00,2025-02-04 15:06:00,2025-02-04 16:53:00,2025-02-04 15:01:00,Y,specimen container damaged on pickup,39,33.18,0
ORD-27076,2025/01/19 14:41,02132,02001,Same-Day,South Shore Hospital,D034,2025-01-19 15:07:00,2025-01-19 16:05:00,2025-01-19 16:33:00,2025-01-19 17:21:00,Y,"client changed pickup time, driver redirected",20,22.71,0
ORD-27077,2025-02-15 05:29:00,02152,02176,ROUTINE,Northeast Laboratory,D004,2025-02-15 06:14:00,2025-02-15 07:12:00,2025-02-15 08:19:00,2025-02-15 08:31:00,Y,"driver ran out of dry ice, needs resupply",17,11.52,0
ORD-27078,01/10/2025 17:14,02059,02054,STAT,Tufts Medical,D028,2025-01-10 17:20:00,2025-01-10 18:10:00,2025-01-10 18:56:00,2025-01-10 17:55:00,Y,"elevator down at 15 Elm St, driver using stairs",20,30.54,0
ORD-27079,2025-03-16 07:19:00,02192,02153,STAT,Quest Diag,D022,2025-03-16 07:26:00,2025-03-16 07:57:00,2025-03-16 08:52:00,2025-03-16 08:19:00,Y,package refused by receiving staff - no signature authority,30,22.72,0
ORD-27080,2025/03/24 08:10,02142,02062,SAME-DAY,Boston Med Ctr,D025,2025-03-24 08:20:00,2025-03-24 09:03:00,2025-03-24 10:43:00,2025-03-24 10:30:00,Y,"elevator down at 15 Elm St, driver using stairs",37,17.16,0
ORD-27081,2025-03-02 20:16:00,02150,02127,Same-Day,Brigham and Womens,D002,2025-03-02 20:32:00,2025-03-02 21:17:00,2025-03-02 22:59:00,2025-03-02 23:16:00,Y,driver reports ice on roads in reading area,16,7.72,0
ORD-27082,2025-01-26 18:50:00,01886,02060,ROUTINE,MGH,D012,2025-01-26 19:07:00,2025-01-26 19:49:00,,2025-01-26 23:30:00,Y,specimen labeled incorrectly by client,42,29.03,0
ORD-27083,2025-03-07 09:21:00,01843,02197,ROUTINE,Quest Diag,D034,2025-03-07 09:39:00,2025-03-07 10:05:00,,2025-03-07 13:20:00,Y,specimen labeled incorrectly by client,6,35.15,0
ORD-27084,03/07/2025 07:30,02141,02143,SAME-DAY,Northeast Labs,D029,2025-03-07 08:10:00,2025-03-07 09:08:00,2025-03-07 11:07:00,2025-03-07 10:26:00,N,,37,19.13,1
ORD-27085,01-26-25 07:47 AM,01841,02195,Rush,BioReference Labs,D035,2025-01-26 08:10:00,2025-01-26 08:38:00,2025-01-26 09:42:00,2025-01-26 09:15:00,Y,"driver called in sick mid-route, reassigning trips",38,36.1,0
ORD-27086,01/24/2025 08:36,02067,02197,Rush,Tufts Med Center,D041,2025-01-24 08:57:00,2025-01-24 09:36:00,2025-01-24 10:41:00,2025-01-24 10:01:00,Y,redelivery needed: building locked,17,33.04,0
ORD-27087,2025-02-08 10:06:00,02153,02169,Same-Day,Boston Med Ctr,D001,2025-02-08 10:24:00,2025-02-08 11:18:00,2025-02-08 11:59:00,2025-02-08 12:12:00,Y,,23,26.86,0
ORD-27088,02/07/2025 12:40,02177,02134,Stat,Emerson Hospital,D003,2025-02-07 12:57:00,2025-02-07 13:10:00,2025-02-07 13:37:00,2025-02-07 13:22:00,Y,dispatcher note: double-check temp on this one before logging,29,37.49,0
ORD-27089,2025/01/20 11:23,02054,02110,RUSH,Northeast Labs,D022,2025-01-20 11:55:00,2025-01-20 12:29:00,2025-01-20 14:02:00,2025-01-20 12:45:00,N,,11,21.63,0
ORD-27090,2025/01/12 03:46,02105,02066,STAT,Lowell General,D012,2025-01-12 04:13:00,2025-01-12 04:41:00,,2025-01-12 04:19:00,Y,"client called to confirm - specimen critical, needs STAT upgrade",26,32.28,0
ORD-27091,03-22-25 06:52 AM,02193,02120,SAME-DAY,MGH,D002,2025-03-22 07:21:00,2025-03-22 08:11:00,2025-03-22 09:15:00,2025-03-22 09:32:00,Y,,19,9.44,0
ORD-27092,2025/01/11 10:03,02195,02052,RUSH,Brigham and Womens,D037,2025-01-11 10:18:00,2025-01-11 10:45:00,2025-01-11 11:44:00,2025-01-11 11:03:00,Y,,9,5.01,0
ORD-27093,2025-03-02 15:39:00,01821,02125,Stat,Lowell General,UNASSIGNED,2025-03-02 16:04:00,,2025-03-02 18:37:00,2025-03-02 16:23:00,N,"driver ran out of dry ice, needs resupply",26,11.95,1
ORD-27094,01/17/2025 11:05,02128,02071,RUSH,MGH,D005,2025-01-17 11:18:00,2025-01-17 12:03:00,2025-01-17 13:30:00,2025-01-17 12:53:00,Y,"driver vehicle breakdown, transfer to DD001 in progress",16,26.99,0
ORD-27095,03-13-25 05:50 AM,01840,02193,ROUTINE,Lowell General,D008,2025-03-13 06:21:00,,2025-03-13 08:11:00,2025-03-13 09:30:00,Y,GPS routing error sent driver to wrong building,15,6.02,0
ORD-27096,02-12-25 03:30 PM,02149,02120,RUSH,St. Elizabeth's Medical,D039,2025-02-12 15:51:00,2025-02-12 16:04:00,2025-02-12 16:49:00,2025-02-12 17:18:00,N,specimen temp excursion possible - driver reports cooler malfunction,15,24.61,0
ORD-27097,2025/02/01 12:32,02052,02107,Routine,Lowell General,D031,2025-02-01 13:16:00,2025-02-01 13:48:00,2025-02-01 14:53:00,2025-02-01 18:03:00,Y,,40,29.2,0
ORD-27098,2025-01-04 07:01:00,02136,02136,routine,Quest Diagnostics,D016,2025-01-04 07:12:00,,2025-01-04 09:33:00,2025-01-04 10:06:00,Y,specimen temp excursion possible - driver reports cooler malfunction,22,21.62,0
ORD-27099,2025-03-06 13:21:00,02186,02145,STAT,Boston Med Ctr,D030,2025-03-06 13:55:00,,,2025-03-06 13:59:00,Y,"client changed pickup time, driver redirected",41,23.53,0
ORD-27100,2025-03-31 05:07:00,02043,02059,STAT,Brigham and Womens,D023,2025-03-31 05:35:00,2025-03-31 06:28:00,2025-03-31 07:50:00,2025-03-31 06:06:00,Y,redelivery needed: building locked,26,20.81,0
ORD-27101,01/28/2025 11:49,02072,02170,RUSH,Northeast Labs,D015,2025-01-28 12:17:00,,2025-01-28 14:16:00,2025-01-28 13:45:00,Y,driver cannot locate parking at hospital,11,23.2,0
ORD-27102,2025-03-12 00:27:00,02025,02192,ROUTINE,LabCorp,D009,2025-03-12 01:04:00,2025-03-12 01:51:00,,2025-03-12 04:22:00,Y,dispatcher note: double-check temp on this one before logging,28,5.11,0
ORD-27103,02/21/2025 13:45,02108,02155,STAT,Children's Hospital,D019,2025-02-21 14:23:00,2025-02-21 14:46:00,2025-02-21 15:07:00,2025-02-21 14:21:00,Y,specimen container damaged on pickup,9,9.51,0
ORD-27104,03/25/2025 12:15,02115,02163,SAME-DAY,Brigham & Women's,D033,2025-03-25 12:32:00,2025-03-25 13:21:00,2025-03-25 15:12:00,2025-03-25 15:34:00,Y,called client re specimen integrity - awaiting callback,20,9.04,0
ORD-27105,04/01/2025 17:25,02139,02196,same-day,Brigham and Womens,D036,2025-04-01 17:57:00,2025-04-01 18:25:00,,2025-04-01 19:35:00,Y,,43,28.61,0
ORD-27106,03-01-25 09:17 PM,02021,02050,SAME-DAY,Childrens Hospital,D003,2025-03-01 21:37:00,2025-03-01 22:24:00,,2025-03-02 00:10:00,Y,"wrong address on manifest, corrected enroute",43,32.07,0
ORD-27107,2025-02-20 21:21:00,02200,02185,stat,Labcorp Inc,D003,2025-02-20 22:06:00,2025-02-20 23:05:00,,2025-02-20 22:06:00,N,,30,32.94,0
ORD-27108,,02177,02116,ROUTINE,Tufts Medical,D021,2025-01-08 12:17:00,2025-01-08 13:07:00,2025-01-08 14:41:00,2025-01-08 16:48:00,Y,,15,34.58,0
ORD-27109,2025-03-07 13:32:00,02110,02109,ROUTINE,Children's Hospital,D037,2025-03-07 14:12:00,2025-03-07 14:46:00,2025-03-07 15:13:00,2025-03-07 17:31:00,Y,lab closed early today per client,9,13.33,0
ORD-27110,2025/02/13 10:35,02105,02185,SAME-DAY,Boston Medical Center,D025,2025-02-13 10:58:00,2025-02-13 11:38:00,2025-02-13 13:36:00,2025-02-13 12:43:00,Y,package refused by receiving staff - no signature authority,42,10.07,0
ORD-27111,2025-03-05 15:39:00,02122,02193,RUSH,Emerson Hospital,D037,2025-03-05 16:19:00,2025-03-05 17:08:00,,2025-03-05 17:12:00,Y,pickup completed but paperwork missing from package,27,23.27,0
ORD-27112,2025-02-13 17:12:00,02032,02108,Routine,MGH,D027,2025-02-13 17:28:00,2025-02-13 18:11:00,2025-02-13 18:41:00,2025-02-13 22:18:00,N,,12,25.35,0
ORD-27113,03/13/2025 14:54,02153,02144,STAT,Northeast Laboratory,D018,2025-03-13 14:59:00,2025-03-13 15:37:00,,2025-03-13 15:31:00,Y,recipient not available at delivery location,8,14.96,0
ORD-27114,2025-01-07 10:38:00,02129,02171,ROUTINE,Brigham & Women's,D036,2025-01-07 11:13:00,2025-01-07 11:44:00,2025-01-07 13:23:00,2025-01-07 15:34:00,Y,pickup completed but paperwork missing from package,22,24.22,0
ORD-27115,2025-03-05 12:47:00,02193,02155,STAT,Emerson Hospital,D031,2025-03-05 13:02:00,2025-03-05 13:38:00,2025-03-05 15:36:00,2025-03-05 13:27:00,Y,driver reports ice on roads in reading area,28,32.5,0
ORD-27116,2025/03/14 14:42,02038,02048,ROUTINE,NE Labs,D021,2025-03-14 14:57:00,2025-03-14 15:54:00,2025-03-14 17:24:00,2025-03-14 20:13:00,N,GPS routing error sent driver to wrong building,36,23.2,1
ORD-27117,02/22/2025 00:40,02052,02132,ROUTINE,MGH,D011,2025-02-22 01:05:00,,2025-02-22 03:08:00,2025-02-22 04:31:00,Y,GPS routing error sent driver to wrong building,30,20.07,0
ORD-27118,2025-01-20 11:00:00,01876,02185,ROUTINE,South Shore Hospital,D030,2025-01-20 11:09:00,2025-01-20 11:46:00,2025-01-20 12:57:00,2025-01-20 14:02:00,Y,,23,27.83,0
ORD-27119,2025/01/22 12:38,02144,02142,stat,BioReference Labs,D032,2025-01-22 13:07:00,2025-01-22 13:42:00,2025-01-22 14:56:00,2025-01-22 13:35:00,Y,specimen temp excursion possible - driver reports cooler malfunction,14,14.95,0
ORD-27120,2025-01-11 10:14:00,02056,02193,RUSH,Children's Hospital,D031,2025-01-11 10:25:00,,2025-01-11 11:58:00,2025-01-11 12:05:00,Y,,37,26.39,0
ORD-27121,,02144,02115,RUSH,South Shore Hospital,D012,2025-03-30 09:07:00,2025-03-30 09:32:00,2025-03-30 09:55:00,2025-03-30 10:34:00,Y,specimen labeled incorrectly by client,10,9.68,0
ORD-27122,03-29-25 04:52 AM,02101,02184,Rush,Quest Diag,D001,2025-03-29 05:15:00,2025-03-29 06:12:00,2025-03-29 06:56:00,2025-03-29 06:32:00,Y,recipient not available at delivery location,31,13.8,0
ORD-27123,2025/02/13 08:10,02118,02066,Rush,NE Labs,D001,2025-02-13 08:36:00,2025-02-13 08:50:00,2025-02-13 10:15:00,2025-02-13 09:12:00,Y,driver reports ice on roads in reading area,19,11.99,0
ORD-27124,2025/02/27 17:48,02139,02199,Rush,LabCorp,D024,2025-02-27 17:59:00,2025-02-27 18:16:00,,2025-02-27 18:48:00,Y,called client re specimen integrity - awaiting callback,28,4.78,0
ORD-27125,01/22/2025 13:23,02103,02196,ROUTINE,MGH,D009,2025-01-22 13:38:00,2025-01-22 14:31:00,2025-01-22 15:29:00,2025-01-22 19:21:00,Y,GPS routing error sent driver to wrong building,16,15.15,0
ORD-27126,2025-02-21 13:55:00,02056,02180,STAT,Labcorp Inc,D022,2025-02-21 14:40:00,2025-02-21 14:54:00,2025-02-21 15:53:00,2025-02-21 14:49:00,Y,,33,16.67,0
ORD-27127,2025-03-17 07:56:00,02130,02149,stat,Brigham & Women's,D013,2025-03-17 08:16:00,2025-03-17 08:42:00,2025-03-17 10:34:00,2025-03-17 08:46:00,N,"wrong address on manifest, corrected enroute",44,18.67,1
ORD-27128,01-27-25 07:26 PM,02102,02140,ROUTINE,NE Labs,D028,2025-01-27 19:50:00,2025-01-27 20:09:00,2025-01-27 20:55:00,2025-01-28 01:18:00,Y,,466,21.59,0
ORD-27129,01-02-25 06:33 AM,01880,02019,Routine,NE Labs,D035,2025-01-02 06:53:00,2025-01-02 07:52:00,2025-01-02 08:12:00,2025-01-02 12:21:00,Y,driver reports ice on roads in reading area,24,30.1,0
ORD-27130,2025/03/25 14:46,02177,02120,SAME-DAY,Tufts Med Center,D039,2025-03-25 15:04:00,,2025-03-25 16:16:00,2025-03-25 17:27:00,Y,,42,4.9,0
ORD-27131,03/26/2025 18:32,01862,02139,STAT,Brigham and Womens,D002,2025-03-26 18:56:00,2025-03-26 19:41:00,2025-03-26 20:00:00,2025-03-26 19:25:00,Y,"pickup not ready, driver waiting 15+ min",29,28.29,0
ORD-27132,02-14-25 08:33 PM,02140,02180,routine,Providence Health,D041,2025-02-14 20:47:00,2025-02-14 21:46:00,,2025-02-15 01:18:00,Y,delayed at security checkpoint - id verification required,24,34.31,0
ORD-27133,2025/03/24 05:58,02052,02180,Same-Day,Children's Hospital,D010,2025-03-24 06:33:00,2025-03-24 06:52:00,2025-03-24 07:21:00,2025-03-24 08:42:00,Y,,17,9.82,0
ORD-27134,2025-03-01 16:17:00,02184,02199,Routine,MGH,D021,2025-03-01 16:58:00,2025-03-01 17:19:00,2025-03-01 17:43:00,2025-03-01 19:55:00,N,specimen labeled incorrectly by client,10,13.2,0
ORD-27135,2025-02-24 21:22:00,02194,02118,Routine,Labcorp Inc,D033,2025-02-24 22:05:00,,2025-02-24 22:55:00,2025-02-25 03:01:00,Y,specimen temp excursion possible - driver reports cooler malfunction,24,21.29,0
ORD-27136,2025-03-29 15:18:00,02102,02139,RUSH,Tufts Med Center,D037,2025-03-29 15:41:00,2025-03-29 16:41:00,2025-03-29 17:20:00,2025-03-29 17:12:00,Y,"client changed pickup time, driver redirected",14,34.43,0
ORD-27137,03/13/2025 18:24,02196,02127,Rush,Brigham and Womens,D037,2025-03-13 18:50:00,2025-03-13 19:49:00,2025-03-13 21:48:00,2025-03-13 19:58:00,Y,specimen container damaged on pickup,5,33.15,0
ORD-27138,2025/01/27 12:19,01826,02194,stat,MGH,D018,2025-01-27 12:31:00,2025-01-27 13:21:00,2025-01-27 15:02:00,2025-01-27 13:07:00,Y,specimen container damaged on pickup,12,5.01,0
ORD-27139,2025-03-21 10:24:00,01886,02155,ROUTINE,St. Elizabeth's Medical,D010,2025-03-21 10:56:00,2025-03-21 11:50:00,2025-03-21 13:00:00,2025-03-21 15:41:00,Y,,16,12.23,0
ORD-27140,2025-02-03 06:13:00,02132,02056,Routine,LabCorp,D041,2025-02-03 06:46:00,2025-02-03 07:43:00,,2025-02-03 09:47:00,Y,"driver stuck in traffic on 93, running ~20 min late",10,21.15,0
ORD-27141,03/29/2025 21:26,02052,02153,SAME-DAY,Northeast Labs,D025,2025-03-29 22:11:00,2025-03-29 22:57:00,2025-03-30 00:49:00,2025-03-30 01:05:00,Y,traffic accident on route 1 delay,22,33.99,0
ORD-27142,2025-03-25 08:15:00,01821,02066,stat,Mass General Hospital,D008,2025-03-25 08:51:00,2025-03-25 09:43:00,2025-03-25 10:53:00,2025-03-25 09:12:00,Y,specimen temp excursion possible - driver reports cooler malfunction,32,20.79,0
ORD-27143,2025-02-03 11:41:00,02155,02107,Routine,Boston Medical Center,D004,2025-02-03 12:02:00,2025-02-03 12:47:00,2025-02-03 13:02:00,2025-02-03 16:40:00,Y,"driver vehicle breakdown, transfer to DD026 in progress",6,26.02,0
ORD-27144,02-28-25 11:30 AM,02155,02151,ROUTINE,Brigham and Womens,D019,2025-02-28 11:42:00,2025-02-28 12:12:00,2025-02-28 12:44:00,2025-02-28 17:07:00,N,driver cannot locate parking at hospital,13,30.1,0
ORD-27145,2025-01-25 10:16:00,02142,02150,STAT,Boston Medical Center,D034,2025-01-25 10:52:00,,2025-01-25 12:12:00,2025-01-25 10:55:00,Y,GPS routing error sent driver to wrong building,7,17.18,0
ORD-27146,2025-03-10 08:52:00,02163,02196,ROUTINE,Tufts Med Center,D012,2025-03-10 08:56:00,2025-03-10 09:53:00,2025-03-10 11:45:00,2025-03-10 13:16:00,Y,"wrong zip code on order, corrected",42,12.76,0
ORD-27147,03/27/2025 11:38,02155,02188,STAT,Labcorp Inc,D016,2025-03-27 12:18:00,2025-03-27 13:01:00,2025-03-27 13:38:00,2025-03-27 12:28:00,N,,25,7.22,0
ORD-27148,2025-03-28 14:30:00,02052,02171,Routine,Childrens Hospital,D034,2025-03-28 15:15:00,2025-03-28 15:29:00,2025-03-28 17:25:00,2025-03-28 19:42:00,Y,traffic accident on route 1 delay,31,7.13,0
ORD-27149,2025-01-30 17:20:00,02052,02038,RUSH,Providence Health,D005,2025-01-30 17:30:00,2025-01-30 18:15:00,2025-01-30 20:01:00,2025-01-30 18:34:00,Y,"pickup not ready, driver waiting 15+ min",45,25.23,0
ORD-27150,2025-03-01 08:31:00,01864,02170,ROUTINE,Tufts Med Center,D038,2025-03-01 08:58:00,2025-03-01 09:26:00,2025-03-01 10:26:00,2025-03-01 14:10:00,Y,"driver called in sick mid-route, reassigning trips",34,28.22,0
ORD-27151,2025/03/13 13:09,02171,02120,STAT,BioReference Labs,D008,2025-03-13 13:13:00,,2025-03-13 15:19:00,2025-03-13 13:55:00,Y,"driver called in sick mid-route, reassigning trips",31,17.74,0
ORD-27152,02/11/2025 05:31,02061,02115,Stat,Providence Health,D003,2025-02-11 06:10:00,2025-02-11 06:45:00,2025-02-11 08:29:00,2025-02-11 06:26:00,Y,,5,4.77,0
ORD-27153,2025-02-04 13:22:00,02114,02127,RUSH,Lowell General,D019,2025-02-04 14:02:00,2025-02-04 14:39:00,2025-02-04 15:44:00,2025-02-04 15:01:00,Y,specimen container damaged on pickup,17,36.32,0
ORD-27154,2025-02-15 06:07:00,01876,02066,RUSH,Brigham & Women's,D017,2025-02-15 06:23:00,2025-02-15 06:48:00,2025-02-15 08:40:00,2025-02-15 07:36:00,N,driver reports ice on roads in reading area,35,11.62,0
ORD-27155,01-18-25 10:53 AM,02122,02189,RUSH,Brigham and Womens,D001,2025-01-18 11:15:00,2025-01-18 12:06:00,2025-01-18 13:51:00,2025-01-18 12:09:00,N,,35,34.5,0
ORD-27156,2025-03-08 03:50:00,02199,02047,same-day,St. Elizabeth's Medical,UNASSIGNED,2025-03-08 04:09:00,2025-03-08 04:44:00,2025-03-08 05:49:00,2025-03-08 07:07:00,Y,,22,31.09,0
ORD-27157,2025/01/13 11:48,02052,02072,stat,Labcorp Inc,D016,2025-01-13 11:54:00,2025-01-13 12:13:00,2025-01-13 12:55:00,2025-01-13 12:47:00,Y,,41,9.34,0
ORD-27158,02-17-25 09:28 AM,02192,02156,ROUTINE,Quest Diag,D031,2025-02-17 10:06:00,2025-02-17 10:21:00,2025-02-17 12:13:00,2025-02-17 13:13:00,Y,specimen labeled incorrectly by client,43,19.95,0
ORD-27159,2025-02-20 08:46:00,02142,02110,stat,Labcorp Inc,D040,2025-02-20 09:29:00,2025-02-20 10:17:00,2025-02-20 12:12:00,2025-02-20 09:45:00,Y,dispatcher note: double-check temp on this one before logging,41,33.33,0
ORD-27160,02/27/2025 09:44,02030,02019,SAME-DAY,Northeast Laboratory,D005,2025-02-27 10:27:00,2025-02-27 10:58:00,2025-02-27 12:30:00,2025-02-27 12:11:00,Y,specimen temp excursion possible - driver reports cooler malfunction,30,9.36,0
ORD-27161,2025-01-17 16:03:00,01845,02163,Stat,Childrens Hospital,D004,2025-01-17 16:25:00,,2025-01-17 18:00:00,2025-01-17 16:44:00,Y,,17,27.54,0
ORD-27162,2025-03-03 15:42:00,02132,02176,RUSH,Brigham & Women's,D041,2025-03-03 15:55:00,2025-03-03 16:43:00,2025-03-03 18:35:00,2025-03-03 17:07:00,Y,"client changed pickup time, driver redirected",8,14.49,0
ORD-27163,03/18/2025 12:49,01851,02127,ROUTINE,St. Elizabeth's Medical,D039,2025-03-18 12:58:00,2025-03-18 13:26:00,2025-03-18 14:22:00,2025-03-18 17:51:00,N,"driver called in sick mid-route, reassigning trips",13,11.77,0
ORD-27164,2025-01-15 08:08:00,02128,02128,ROUTINE,MGH,D011,2025-01-15 08:15:00,2025-01-15 08:52:00,2025-01-15 09:38:00,2025-01-15 12:21:00,N,"client changed pickup time, driver redirected",35,9.04,0
ORD-27165,01-10-25 11:11 AM,02138,02155,STAT,Providence Health,D027,2025-01-10 11:19:00,2025-01-10 11:56:00,2025-01-10 13:11:00,2025-01-10 11:51:00,Y,"driver vehicle breakdown, transfer to DD010 in progress",19,16.61,0
ORD-27166,2025-01-18 14:20:00,02141,02104,SAME-DAY,Children's Hospital,D010,2025-01-18 14:32:00,2025-01-18 15:31:00,2025-01-18 16:56:00,2025-01-18 18:18:00,Y,specimen labeled incorrectly by client,27,22.7,0
ORD-27167,02/27/2025 12:31,02150,02128,RUSH,St. Elizabeth's Medical,D020,2025-02-27 13:05:00,2025-02-27 13:41:00,2025-02-27 14:16:00,2025-02-27 14:18:00,Y,GPS routing error sent driver to wrong building,22,15.25,0
ORD-27168,2025-03-01 14:57:00,01854,02071,STAT,Boston Medical Center,D023,2025-03-01 15:03:00,,2025-03-01 17:09:00,2025-03-01 15:37:00,Y,lab closed early today per client,27,29.53,0
ORD-27169,,02121,02102,STAT,BioReference Labs,D036,2025-02-14 13:10:00,2025-02-14 13:58:00,2025-02-14 15:15:00,2025-02-14 13:19:00,Y,"wrong address on manifest, corrected enroute",42,22.3,0
ORD-27170,03/13/2025 20:24,02101,02038,RUSH,Quest Diag,D015,2025-03-13 20:41:00,2025-03-13 21:19:00,2025-03-13 22:12:00,2025-03-13 21:50:00,Y,traffic accident on route 1 delay,35,33.33,0
ORD-27171,01-21-25 04:59 PM,02196,02125,ROUTINE,St. Elizabeth's Medical,D023,2025-01-21 17:02:00,2025-01-21 17:25:00,2025-01-21 18:03:00,2025-01-21 22:42:00,Y,lab closed early today per client,25,36.78,0
ORD-27172,01/16/2025 13:00,02136,02101,Stat,Boston Med Ctr,D002,2025-01-16 13:42:00,2025-01-16 14:33:00,2025-01-16 15:49:00,2025-01-16 13:32:00,Y,delayed at security checkpoint - id verification required,36,37.21,0
ORD-27173,2025-02-23 10:36:00,02152,02145,ROUTINE,St. Elizabeth's Medical,D029,2025-02-23 10:58:00,2025-02-23 11:54:00,2025-02-23 13:11:00,2025-02-23 14:28:00,Y,"wrong zip code on order, corrected",38,22.05,0
ORD-27174,02-09-25 11:38 AM,02062,02045,SAME-DAY,Childrens Hospital,D008,2025-02-09 12:21:00,2025-02-09 13:05:00,2025-02-09 14:38:00,2025-02-09 15:19:00,Y,,29,19.08,0
ORD-27175,2025-03-15 09:21:00,02114,02189,ROUTINE,Mass General Hospital,D011,2025-03-15 09:29:00,2025-03-15 09:53:00,2025-03-15 10:26:00,2025-03-15 14:14:00,Y,,9,35.23,0
ORD-27176,2025-01-12 19:48:00,02120,02188,RUSH,Tufts Medical,D035,2025-01-12 20:05:00,2025-01-12 21:01:00,2025-01-12 21:32:00,2025-01-12 21:28:00,Y,,8,4.91,0
ORD-27177,2025-02-07 09:07:00,02072,02148,ROUTINE,Quest Diagnostics,UNASSIGNED,2025-02-07 09:46:00,2025-02-07 10:32:00,2025-02-07 10:55:00,2025-02-07 12:54:00,Y,package refused by receiving staff - no signature authority,35,9.01,0
ORD-27178,2025/03/21 08:56,02169,02071,Rush,Mass General Hospital,D013,2025-03-21 09:22:00,2025-03-21 10:02:00,2025-03-21 11:35:00,2025-03-21 10:33:00,Y,"driver stuck in traffic on 93, running ~20 min late",41,31.65,0
ORD-27179,03/07/2025 07:45,02103,02101,ROUTINE,BioReference Labs,D041,2025-03-07 08:08:00,2025-03-07 08:48:00,2025-03-07 10:24:00,2025-03-07 11:22:00,Y,,35,20.08,0
ORD-27180,2025/02/25 08:37,02110,02132,ROUTINE,Tufts Med Center,D028,2025-02-25 09:04:00,2025-02-25 09:15:00,2025-02-25 10:22:00,2025-02-25 13:44:00,Y,"pickup not ready, driver waiting 15+ min",26,31.0,0
ORD-27181,01/09/2025 14:18,02067,02047,STAT,South Shore Hospital,D026,2025-01-09 14:31:00,2025-01-09 15:27:00,2025-01-09 17:00:00,2025-01-09 14:48:00,Y,"driver stuck in traffic on 93, running ~20 min late",33,28.31,0
ORD-27182,2025-03-31 20:25:00,02109,02194,STAT,Quest Diagnostics,D002,2025-03-31 20:49:00,2025-03-31 21:18:00,2025-03-31 22:52:00,2025-03-31 21:08:00,Y,"wrong address on manifest, corrected enroute",34,11.31,0
ORD-27183,2025/03/13 16:46,02108,02125,RUSH,Emerson Hospital,D006,2025-03-13 17:26:00,2025-03-13 18:11:00,,2025-03-13 18:18:00,Y,lab closed early today per client,5,28.35,0
ORD-27184,,02021,02062,Rush,St. Elizabeth's Medical,D010,2025-01-27 15:21:00,2025-01-27 15:44:00,2025-01-27 17:05:00,2025-01-27 15:53:00,Y,pickup completed but paperwork missing from package,6,31.22,0
ORD-27185,2025-01-07 10:26:00,01843,02119,ROUTINE,Quest Diag,D016,2025-01-07 11:04:00,,2025-01-07 13:16:00,2025-01-07 15:29:00,Y,specimen container damaged on pickup,26,23.57,0
ORD-27186,03/14/2025 15:07,02150,02001,STAT,NE Labs,D007,2025-03-14 15:40:00,2025-03-14 15:50:00,2025-03-14 16:35:00,2025-03-14 15:43:00,Y,,38,11.73,0
ORD-27187,2025/02/23 12:43,02025,02177,Routine,Tufts Med Center,D028,2025-02-23 13:14:00,2025-02-23 13:36:00,2025-02-23 14:11:00,2025-02-23 18:33:00,Y,,30,16.94,0
ORD-27188,02-15-25 12:28 PM,02152,02067,Routine,Quest Diagnostics,D001,2025-02-15 12:51:00,2025-02-15 13:49:00,2025-02-15 15:39:00,2025-02-15 17:31:00,Y,package refused by receiving staff - no signature authority,27,14.34,0
ORD-27189,2025/01/24 09:52,02122,02045,ROUTINE,Tufts Med Center,D002,2025-01-24 10:35:00,2025-01-24 11:05:00,2025-01-24 12:29:00,2025-01-24 13:30:00,Y,"client changed pickup time, driver redirected",37,16.55,0
ORD-27190,2025-03-03 13:02:00,01876,02141,Same-Day,Northeast Labs,D006,2025-03-03 13:28:00,2025-03-03 14:28:00,2025-03-03 14:50:00,2025-03-03 16:39:00,Y,specimen labeled incorrectly by client,12,4.96,0
ORD-27191,03-28-25 06:49 AM,01860,02113,RUSH,LabCorp,D028,2025-03-28 06:57:00,2025-03-28 07:48:00,2025-03-28 08:32:00,2025-03-28 08:17:00,Y,called client re specimen integrity - awaiting callback,7,33.7,0
ORD-27192,02/10/2025 09:19,02138,02198,ROUTINE,Boston Med Ctr,D002,2025-02-10 09:47:00,2025-02-10 10:36:00,2025-02-10 12:04:00,2025-02-10 13:57:00,Y,,24,15.62,0
ORD-27193,2025/03/26 09:44,02139,02192,Same-Day,Lowell General,D026,2025-03-26 10:00:00,2025-03-26 10:23:00,2025-03-26 11:49:00,2025-03-26 13:35:00,N,called client re specimen integrity - awaiting callback,25,35.2,1
ORD-27194,01/06/2025 11:14,01843,02071,Routine,Emerson Hospital,D017,2025-01-06 11:34:00,2025-01-06 12:24:00,2025-01-06 14:01:00,2025-01-06 15:58:00,N,specimen labeled incorrectly by client,140,28.94,0
ORD-27195,2025-01-29 12:45:00,02047,02054,same-day,Cape Cod Hospital,D035,2025-01-29 13:14:00,2025-01-29 14:04:00,2025-01-29 15:22:00,2025-01-29 15:23:00,N,delayed at security checkpoint - id verification required,29,19.16,0
ORD-27196,03/07/2025 19:13,02184,02102,Same-Day,Tufts Med Center,D026,2025-03-07 19:42:00,,2025-03-07 21:50:00,2025-03-07 21:42:00,Y,"driver ran out of dry ice, needs resupply",23,8.14,0
ORD-27197,01/25/2025 12:23,02072,02136,RUSH,Children's Hospital,D010,2025-01-25 12:49:00,,2025-01-25 14:24:00,2025-01-25 13:37:00,Y,package refused by receiving staff - no signature authority,33,21.27,0
ORD-27198,02/21/2025 07:55,02155,02019,RUSH,Tufts Medical,D041,2025-02-21 08:35:00,2025-02-21 09:16:00,,2025-02-21 08:58:00,Y,"wrong zip code on order, corrected",37,19.62,0
ORD-27199,03/02/2025 18:41,02156,02150,Routine,Boston Medical Center,D003,2025-03-02 19:01:00,2025-03-02 19:35:00,2025-03-02 20:12:00,2025-03-02 22:48:00,Y,dispatcher note: double-check temp on this one before logging,21,34.54,0
ORD-27200,02/13/2025 03:16,01854,02155,stat,MGH,D023,2025-02-13 04:01:00,2025-02-13 04:58:00,2025-02-13 06:17:00,2025-02-13 04:11:00,Y,"client called to confirm - specimen critical, needs STAT upgrade",23,16.87,0
ORD-27201,2025-01-13 13:53:00,02192,02116,routine,Cape Cod Hospital,D036,2025-01-13 13:58:00,2025-01-13 14:46:00,2025-01-13 15:33:00,2025-01-13 17:27:00,N,traffic accident on route 1 delay,40,19.38,0
ORD-27202,2025/02/12 15:19,02180,02188,ROUTINE,Northeast Labs,D032,2025-02-12 15:40:00,2025-02-12 16:33:00,2025-02-12 18:12:00,2025-02-12 19:28:00,N,"driver vehicle breakdown, transfer to DD028 in progress",12,10.91,1
ORD-27203,2025-02-16 09:05:00,01867,02180,Routine,NE Labs,D017,2025-02-16 09:15:00,2025-02-16 09:48:00,2025-02-16 11:31:00,2025-02-16 14:32:00,Y,driver cannot locate parking at hospital,13,25.55,0
ORD-27204,,02103,02197,ROUTINE,Northeast Laboratory,D018,2025-01-20 18:05:00,2025-01-20 18:26:00,2025-01-20 19:48:00,2025-01-20 22:21:00,N,redelivery needed: building locked,17,5.59,0
ORD-27205,2025-03-27 13:31:00,01854,02061,Routine,Boston Med Ctr,D011,2025-03-27 14:02:00,2025-03-27 14:27:00,2025-03-27 15:13:00,2025-03-27 18:25:00,Y,pickup completed but paperwork missing from package,32,19.05,0
ORD-27206,03-21-25 09:32 AM,02189,02118,ROUTINE,Quest Diagnostics,D035,2025-03-21 10:03:00,2025-03-21 10:58:00,2025-03-21 12:34:00,2025-03-21 15:27:00,N,delayed at security checkpoint - id verification required,23,24.95,0
ORD-27207,2025-01-27 10:22:00,02116,02124,same-day,Cape Cod Hospital,D026,2025-01-27 10:51:00,2025-01-27 11:17:00,2025-01-27 12:36:00,2025-01-27 14:14:00,N,"driver called in sick mid-route, reassigning trips",26,26.25,0
ORD-27208,03/25/2025 11:48,02019,02110,Rush,South Shore Hospital,D014,2025-03-25 11:57:00,2025-03-25 12:35:00,2025-03-25 13:51:00,2025-03-25 13:07:00,N,traffic accident on route 1 delay,40,11.92,1
ORD-27209,2025/03/26 09:42,02151,02114,ROUTINE,Boston Medical Center,D018,2025-03-26 10:19:00,2025-03-26 10:29:00,2025-03-26 12:28:00,2025-03-26 14:59:00,N,recipient not available at delivery location,43,22.2,0
ORD-27210,2025/03/21 13:23,01845,02116,RUSH,Lowell General,D037,2025-03-21 13:56:00,2025-03-21 14:12:00,2025-03-21 15:36:00,2025-03-21 15:14:00,N,"pickup not ready, driver waiting 15+ min",42,5.22,0
ORD-27211,2025/02/25 01:26,02035,02059,RUSH,Northeast Laboratory,D003,2025-02-25 01:38:00,2025-02-25 02:29:00,2025-02-25 03:36:00,2025-02-25 03:21:00,Y,"driver ran out of dry ice, needs resupply",45,9.34,0
ORD-27212,2025-02-14 06:50:00,02145,02121,SAME-DAY,Children's Hospital,D007,2025-02-14 07:08:00,2025-02-14 07:20:00,2025-02-14 08:18:00,2025-02-14 08:57:00,Y,specimen temp excursion possible - driver reports cooler malfunction,9,20.58,0
ORD-27213,2025/03/21 18:31,01810,02169,STAT,St. Elizabeth's Medical,D005,2025-03-21 18:36:00,2025-03-21 19:25:00,2025-03-21 20:52:00,2025-03-21 19:28:00,Y,specimen container damaged on pickup,30,17.03,0
ORD-27214,03/11/2025 08:35,02102,02199,SAME-DAY,Lowell General,D008,2025-03-11 08:56:00,2025-03-11 09:34:00,2025-03-11 09:54:00,2025-03-11 11:00:00,N,"driver called in sick mid-route, reassigning trips",34,13.9,1
ORD-27215,2025-01-04 07:00:00,01876,02104,SAME-DAY,Quest Diag,D026,2025-01-04 07:14:00,,,2025-01-04 09:22:00,Y,,23,21.71,0
ORD-27216,2025-02-12 18:28:00,02149,02196,routine,St. Elizabeth's Medical,D015,2025-02-12 18:41:00,2025-02-12 19:05:00,2025-02-12 20:19:00,2025-02-12 22:12:00,N,,18,23.76,0
ORD-27217,01/24/2025 20:20,01860,02142,ROUTINE,Lowell General,D019,2025-01-24 20:54:00,2025-01-24 21:27:00,2025-01-24 23:20:00,2025-01-25 01:29:00,Y,,24,13.49,0
ORD-27218,2025/03/12 04:30,02185,02001,STAT,MGH,D014,2025-03-12 04:58:00,2025-03-12 05:46:00,2025-03-12 06:53:00,2025-03-12 05:26:00,Y,"wrong zip code on order, corrected",28,13.88,0
ORD-27219,2025-02-14 12:34:00,01826,02102,SAME-DAY,Tufts Medical,D003,2025-02-14 13:16:00,2025-02-14 13:29:00,2025-02-14 14:58:00,2025-02-14 16:15:00,N,"wrong zip code on order, corrected",9,30.16,0
ORD-27220,03/07/2025 00:12,01860,02067,RUSH,Children's Hospital,D017,2025-03-07 00:16:00,,2025-03-07 00:58:00,2025-03-07 01:17:00,Y,"driver called in sick mid-route, reassigning trips",17,35.27,0
ORD-27221,2025/02/12 07:54,01880,02126,routine,Labcorp Inc,D037,2025-02-12 08:10:00,2025-02-12 08:44:00,2025-02-12 09:08:00,2025-02-12 12:32:00,Y,,19,17.2,0
ORD-27222,2025/02/08 04:35,02019,02115,STAT,Tufts Medical,D029,2025-02-08 04:45:00,2025-02-08 05:45:00,2025-02-08 07:17:00,2025-02-08 05:34:00,Y,specimen temp excursion possible - driver reports cooler malfunction,26,24.72,0
ORD-27223,2025-03-24 12:01:00,02131,02056,STAT,Quest Diag,D029,2025-03-24 12:18:00,2025-03-24 12:50:00,2025-03-24 14:26:00,2025-03-24 12:38:00,Y,called client re specimen integrity - awaiting callback,10,18.98,0
ORD-27224,02/17/2025 07:07,02199,02104,STAT,Brigham & Women's,D034,2025-02-17 07:34:00,,2025-02-17 09:06:00,2025-02-17 08:00:00,Y,"driver vehicle breakdown, transfer to DD019 in progress",42,10.97,0
ORD-27225,02/28/2025 10:18,02053,02019,STAT,Tufts Medical,D022,2025-02-28 10:33:00,2025-02-28 10:51:00,2025-02-28 11:25:00,2025-02-28 11:07:00,Y,,36,27.2,0
ORD-27226,02/15/2025 07:07,02111,02194,ROUTINE,Tufts Med Center,D008,2025-02-15 07:35:00,2025-02-15 08:31:00,2025-02-15 10:30:00,2025-02-15 12:09:00,Y,"pickup not ready, driver waiting 15+ min",12,13.14,0
ORD-27227,02-04-25 06:18 AM,02118,02144,same-day,Quest Diagnostics,D029,2025-02-04 06:34:00,2025-02-04 07:27:00,2025-02-04 07:51:00,2025-02-04 10:16:00,Y,,21,34.36,0
ORD-27228,2025-01-02 14:25:00,02054,02145,ROUTINE,BioReference Labs,D001,2025-01-02 14:40:00,2025-01-02 14:50:00,2025-01-02 15:37:00,2025-01-02 17:48:00,Y,redelivery needed: building locked,10,17.46,0
ORD-27229,01/28/2025 13:02,02142,02119,rush,BioReference Labs,D006,2025-01-28 13:47:00,2025-01-28 14:37:00,2025-01-28 15:58:00,2025-01-28 14:12:00,N,specimen labeled incorrectly by client,25,17.25,0
ORD-27230,02/25/2025 08:01,01843,02048,Routine,Emerson Hospital,D021,2025-02-25 08:22:00,2025-02-25 09:21:00,,2025-02-25 12:53:00,Y,package refused by receiving staff - no signature authority,23,18.61,0
ORD-27231,02-06-25 08:48 AM,02053,02047,Routine,NE Labs,D017,2025-02-06 09:21:00,2025-02-06 09:49:00,2025-02-06 10:44:00,2025-02-06 12:24:00,Y,dispatcher note: double-check temp on this one before logging,38,12.17,0
ORD-27232,2025/01/09 13:57,02052,02119,Routine,NE Labs,D033,2025-01-09 14:16:00,2025-01-09 14:29:00,2025-01-09 15:35:00,2025-01-09 19:29:00,Y,recipient not available at delivery location,45,25.05,0
ORD-27233,2025-02-01 08:44:00,02056,02121,STAT,Tufts Medical,D017,2025-02-01 09:07:00,2025-02-01 10:05:00,2025-02-01 10:44:00,2025-02-01 09:27:00,Y,driver cannot locate parking at hospital,42,4.82,0
ORD-27234,2025/01/06 15:41,01854,02114,ROUTINE,Brigham and Womens,D007,2025-01-06 15:58:00,2025-01-06 16:51:00,2025-01-06 18:28:00,2025-01-06 19:42:00,Y,dispatcher note: double-check temp on this one before logging,5,22.7,0
ORD-27235,2025-03-30 04:30:00,02128,02052,Routine,Childrens Hospital,D004,2025-03-30 04:40:00,2025-03-30 05:39:00,2025-03-30 07:05:00,2025-03-30 08:40:00,N,"driver called in sick mid-route, reassigning trips",25,36.89,0
ORD-27236,03/05/2025 09:31,02047,02054,stat,Emerson Hospital,D039,2025-03-05 10:04:00,2025-03-05 10:41:00,2025-03-05 11:27:00,2025-03-05 10:04:00,Y,specimen container damaged on pickup,28,36.36,0
ORD-27237,2025/02/01 05:51,02114,02145,STAT,Northeast Labs,D014,2025-02-01 06:24:00,2025-02-01 06:39:00,2025-02-01 06:56:00,2025-02-01 06:31:00,Y,"driver ran out of dry ice, needs resupply",41,13.5,0
ORD-27238,01/04/2025 15:22,01810,02148,Routine,Lowell General,D003,2025-01-04 16:03:00,2025-01-04 16:43:00,2025-01-04 17:42:00,2025-01-04 18:39:00,Y,driver reports ice on roads in reading area,14,21.43,0
ORD-27239,2025/02/21 19:47,02132,02038,SAME-DAY,Quest Diagnostics,D041,2025-02-21 19:56:00,2025-02-21 20:44:00,2025-02-21 21:10:00,2025-02-21 23:30:00,Y,pickup completed but paperwork missing from package,45,30.94,0
ORD-27240,2025-01-24 15:32:00,02193,02030,STAT,BioReference Labs,D004,2025-01-24 16:00:00,,2025-01-24 17:41:00,2025-01-24 16:32:00,Y,recipient not available at delivery location,34,15.63,0
ORD-27241,01-19-25 05:09 PM,02191,02124,stat,NE Labs,D025,2025-01-19 17:43:00,2025-01-19 18:01:00,2025-01-19 19:19:00,2025-01-19 18:01:00,Y,specimen container damaged on pickup,27,34.38,0
ORD-27242,2025-01-17 10:44:00,01860,02138,STAT,MGH,D032,2025-01-17 11:28:00,2025-01-17 12:09:00,2025-01-17 13:54:00,2025-01-17 11:34:00,Y,"elevator down at 15 Elm St, driver using stairs",36,10.53,0
ORD-27243,01-14-25 02:19 PM,01803,02026,Stat,Northeast Laboratory,D016,2025-01-14 14:52:00,2025-01-14 15:09:00,2025-01-14 15:57:00,2025-01-14 14:51:00,Y,"client called to confirm - specimen critical, needs STAT upgrade",23,6.19,0
ORD-27244,03/27/2025 09:36,02187,02149,stat,Emerson Hospital,D001,2025-03-27 10:15:00,2025-03-27 10:47:00,2025-03-27 11:48:00,2025-03-27 10:23:00,Y,"client called to confirm - specimen critical, needs STAT upgrade",43,14.4,0
ORD-27245,2025-01-25 11:29:00,02110,02122,stat,Cape Cod Hospital,D028,2025-01-25 11:36:00,2025-01-25 12:23:00,2025-01-25 12:54:00,2025-01-25 12:02:00,N,,45,26.46,1
ORD-27246,2025-01-05 11:12:00,02156,02050,STAT,MGH,D037,2025-01-05 11:32:00,2025-01-05 12:31:00,2025-01-05 13:53:00,2025-01-05 12:10:00,N,traffic accident on route 1 delay,13,8.72,0
ORD-27247,2025-01-23 18:35:00,02038,02195,Routine,South Shore Hospital,D031,2025-01-23 18:41:00,2025-01-23 19:39:00,2025-01-23 21:32:00,2025-01-23 22:28:00,Y,,11,4.9,0
ORD-27248,2025/03/10 21:35,02120,02130,ROUTINE,Brigham & Women's,D008,2025-03-10 22:05:00,2025-03-10 23:02:00,2025-03-11 01:01:00,2025-03-11 03:21:00,N,"driver stuck in traffic on 93, running ~20 min late",44,24.47,0
ORD-27249,02/18/2025 06:14,02109,02197,RUSH,South Shore Hospital,D036,2025-02-18 06:32:00,2025-02-18 06:42:00,2025-02-18 08:06:00,2025-02-18 07:55:00,Y,pickup completed but paperwork missing from package,19,7.71,0
ORD-27250,01/28/2025 10:42,02047,02169,STAT,LabCorp,D002,2025-01-28 11:13:00,,2025-01-28 12:40:00,2025-01-28 11:41:00,Y,"wrong zip code on order, corrected",37,33.11,0
ORD-27251,02-04-25 12:06 PM,02169,02193,STAT,BioReference Labs,D037,2025-02-04 12:50:00,2025-02-04 13:14:00,2025-02-04 15:04:00,2025-02-04 13:01:00,Y,pickup completed but paperwork missing from package,39,20.62,0
ORD-27252,2025-03-13 15:21:00,02152,02152,stat,NE Labs,D028,2025-03-13 15:42:00,2025-03-13 16:12:00,2025-03-13 16:39:00,2025-03-13 15:58:00,N,specimen temp excursion possible - driver reports cooler malfunction,33,17.27,0
ORD-27253,03-06-25 04:56 AM,02103,02131,Routine,Mass General Hospital,D037,2025-03-06 05:03:00,2025-03-06 05:40:00,2025-03-06 07:26:00,2025-03-06 10:27:00,Y,pickup completed but paperwork missing from package,245,20.92,0
ORD-27254,01-16-25 04:16 PM,02032,02190,ROUTINE,NE Labs,D001,2025-01-16 16:32:00,2025-01-16 17:18:00,2025-01-16 18:35:00,2025-01-16 21:02:00,N,"driver ran out of dry ice, needs resupply",42,6.2,1
ORD-27255,2025-02-18 11:02:00,02177,02114,Rush,MGH,D020,2025-02-18 11:13:00,2025-02-18 11:50:00,2025-02-18 12:43:00,2025-02-18 12:17:00,N,,25,18.72,0
ORD-27256,,02149,02132,Rush,Childrens Hospital,D008,2025-01-19 12:49:00,2025-01-19 13:27:00,2025-01-19 13:45:00,2025-01-19 14:25:00,Y,"client called to confirm - specimen critical, needs STAT upgrade",27,31.73,0
ORD-27257,03/20/2025 02:14,02145,02148,STAT,BioReference Labs,D039,2025-03-20 02:43:00,2025-03-20 03:40:00,2025-03-20 05:04:00,2025-03-20 02:54:00,Y,driver reports ice on roads in reading area,39,32.12,0
ORD-27258,02/28/2025 08:11,02056,02138,STAT,Emerson Hospital,D006,2025-02-28 08:37:00,2025-02-28 09:29:00,2025-02-28 11:12:00,2025-02-28 08:49:00,N,,16,28.93,0
ORD-27259,02-11-25 01:38 PM,01826,02104,STAT,MGH,D006,2025-02-11 14:00:00,2025-02-11 14:32:00,2025-02-11 14:51:00,2025-02-11 14:20:00,Y,"driver stuck in traffic on 93, running ~20 min late",41,13.04,0
ORD-27260,02/05/2025 20:22,02043,02101,same-day,Northeast Labs,D019,2025-02-05 20:27:00,2025-02-05 20:55:00,2025-02-05 21:12:00,2025-02-05 23:07:00,Y,driver reports ice on roads in reading area,29,11.57,0
ORD-27261,03/11/2025 16:22,02104,02103,RUSH,BioReference Labs,D010,2025-03-11 16:43:00,2025-03-11 17:20:00,2025-03-11 18:25:00,2025-03-11 17:25:00,N,traffic accident on route 1 delay,360,24.68,0
ORD-27262,01/13/2025 22:07,02193,02115,Routine,Labcorp Inc,D024,2025-01-13 22:13:00,,2025-01-14 00:32:00,2025-01-14 03:41:00,N,specimen labeled incorrectly by client,11,5.22,0
ORD-27263,01/11/2025 15:16,02107,02052,RUSH,Tufts Medical,D025,2025-01-11 15:31:00,2025-01-11 16:30:00,2025-01-11 18:29:00,2025-01-11 16:18:00,Y,,19,9.74,0
ORD-27264,2025-02-02 06:29:00,01841,02124,RUSH,Labcorp Inc,D033,2025-02-02 06:48:00,2025-02-02 07:15:00,2025-02-02 08:07:00,2025-02-02 07:52:00,Y,"wrong zip code on order, corrected",37,29.93,0
ORD-27265,2025/02/03 14:05,02124,02133,stat,NE Labs,D016,2025-02-03 14:36:00,2025-02-03 14:54:00,2025-02-03 16:29:00,2025-02-03 14:56:00,Y,"client changed pickup time, driver redirected",43,9.76,0
ORD-27266,03/17/2025 11:45,02128,02113,Routine,MGH,D020,2025-03-17 12:21:00,,,2025-03-17 17:34:00,Y,"pickup not ready, driver waiting 15+ min",39,18.07,0
ORD-27267,03/17/2025 07:47,02152,02192,ROUTINE,Northeast Labs,D031,2025-03-17 08:05:00,2025-03-17 08:40:00,2025-03-17 09:56:00,2025-03-17 12:49:00,Y,driver cannot locate parking at hospital,41,11.39,0
ORD-27268,03/10/2025 04:15,01867,02151,STAT,Boston Medical Center,D030,2025-03-10 04:25:00,2025-03-10 04:43:00,2025-03-10 05:52:00,2025-03-10 04:54:00,Y,,34,27.76,0
ORD-27269,2025-02-22 15:44:00,02130,02118,ROUTINE,LabCorp,D017,2025-02-22 15:55:00,2025-02-22 16:41:00,2025-02-22 17:39:00,2025-02-22 19:12:00,Y,,42,35.6,0
ORD-27270,2025-01-03 12:22:00,02188,02185,RUSH,Boston Medical Center,UNASSIGNED,2025-01-03 12:48:00,2025-01-03 13:25:00,2025-01-03 15:03:00,2025-01-03 14:19:00,Y,"wrong zip code on order, corrected",31,26.66,0
ORD-27271,2025/02/06 15:30,02196,02116,RUSH,LabCorp,D030,2025-02-06 15:36:00,2025-02-06 16:09:00,2025-02-06 16:41:00,2025-02-06 17:14:00,N,called client re specimen integrity - awaiting callback,23,13.95,0
ORD-27272,2025-03-22 14:56:00,02110,02148,STAT,Labcorp Inc,D014,2025-03-22 15:30:00,2025-03-22 15:57:00,2025-03-22 16:45:00,2025-03-22 15:37:00,Y,"pickup not ready, driver waiting 15+ min",35,32.42,0
ORD-27273,2025/03/29 10:15,02144,02139,same-day,Northeast Labs,D022,2025-03-29 10:19:00,2025-03-29 10:50:00,2025-03-29 12:17:00,2025-03-29 13:42:00,Y,"client changed pickup time, driver redirected",35,25.44,0
ORD-27274,2025-04-01 15:30:00,02059,02050,ROUTINE,BioReference Labs,D036,2025-04-01 16:10:00,2025-04-01 16:30:00,2025-04-01 17:19:00,2025-04-01 20:19:00,Y,"driver stuck in traffic on 93, running ~20 min late",20,18.69,0
ORD-27275,2025-03-21 12:50:00,02169,02187,Rush,Quest Diagnostics,D012,2025-03-21 13:34:00,2025-03-21 14:22:00,2025-03-21 16:15:00,2025-03-21 14:08:00,Y,called client re specimen integrity - awaiting callback,7,20.65,0
ORD-27276,2025-02-21 16:27:00,02114,02191,SAME-DAY,Childrens Hospital,D017,2025-02-21 16:38:00,,2025-02-21 18:09:00,2025-02-21 19:39:00,Y,delayed at security checkpoint - id verification required,12,36.15,0
ORD-27277,2025/02/25 12:01,02143,02188,routine,Quest Diag,D023,2025-02-25 12:06:00,2025-02-25 12:40:00,2025-02-25 13:07:00,2025-02-25 17:37:00,Y,specimen temp excursion possible - driver reports cooler malfunction,35,9.25,0
ORD-27278,,01843,02129,stat,Cape Cod Hospital,D038,2025-01-08 11:06:00,2025-01-08 11:29:00,2025-01-08 12:02:00,2025-01-08 11:39:00,N,GPS routing error sent driver to wrong building,41,10.38,0
ORD-27279,,02145,02156,ROUTINE,Emerson Hospital,D040,2025-03-22 09:17:00,2025-03-22 09:34:00,2025-03-22 10:04:00,2025-03-22 12:51:00,Y,driver cannot locate parking at hospital,7,37.7,0
ORD-27280,2025/03/12 07:29,02194,02114,Stat,LabCorp,D007,2025-03-12 07:37:00,,2025-03-12 09:34:00,2025-03-12 08:06:00,Y,,8,24.69,0
ORD-27281,2025-02-20 22:43:00,02129,02136,STAT,Providence Health,D019,2025-02-20 22:58:00,2025-02-20 23:51:00,2025-02-21 01:17:00,2025-02-20 23:41:00,Y,pickup completed but paperwork missing from package,23,22.25,0
ORD-27282,02-09-25 10:30 AM,02035,02144,ROUTINE,Emerson Hospital,D004,2025-02-09 10:48:00,2025-02-09 11:44:00,2025-02-09 12:00:00,2025-02-09 14:04:00,Y,"wrong address on manifest, corrected enroute",34,31.77,0
ORD-27283,2025/02/22 07:02,02060,02152,stat,Children's Hospital,D039,2025-02-22 07:14:00,2025-02-22 08:05:00,2025-02-22 08:55:00,2025-02-22 07:54:00,Y,"elevator down at 15 Elm St, driver using stairs",34,36.46,0
ORD-27284,2025-03-02 15:31:00,02035,02061,ROUTINE,Lowell General,D018,2025-03-02 16:12:00,2025-03-02 16:32:00,2025-03-02 16:57:00,2025-03-02 20:24:00,N,"client changed pickup time, driver redirected",35,30.91,0
ORD-27285,,02072,02056,SAME-DAY,Brigham & Women's,D040,2025-03-21 05:45:00,2025-03-21 06:06:00,2025-03-21 07:01:00,2025-03-21 08:53:00,Y,specimen labeled incorrectly by client,9,6.18,0
ORD-27286,01/04/2025 08:16,02193,02102,rush,Boston Medical Center,D009,2025-01-04 08:57:00,2025-01-04 09:24:00,2025-01-04 11:18:00,2025-01-04 09:45:00,N,,16,19.17,0
ORD-27287,2025/02/08 13:14,02056,02104,STAT,Brigham and Womens,D005,2025-02-08 13:59:00,2025-02-08 14:10:00,2025-02-08 14:35:00,2025-02-08 14:00:00,Y,redelivery needed: building locked,33,36.47,0
ORD-27288,01/13/2025 16:30,01832,02060,ROUTINE,NE Labs,D030,2025-01-13 16:50:00,,2025-01-13 18:39:00,2025-01-13 21:02:00,Y,"driver stuck in traffic on 93, running ~20 min late",36,4.73,0
ORD-27289,2025/01/15 14:44,02187,02184,stat,Brigham and Womens,D039,2025-01-15 15:17:00,2025-01-15 16:07:00,2025-01-15 18:05:00,2025-01-15 15:42:00,Y,recipient not available at delivery location,23,18.36,0
ORD-27290,2025-01-11 16:35:00,01879,02124,Same-Day,Lowell General,D001,2025-01-11 16:38:00,2025-01-11 16:52:00,2025-01-11 18:00:00,2025-01-11 19:09:00,Y,delayed at security checkpoint - id verification required,32,6.28,0
ORD-27291,2025/03/26 09:05,02047,02135,RUSH,Cape Cod Hospital,D018,2025-03-26 09:38:00,2025-03-26 09:52:00,2025-03-26 10:17:00,2025-03-26 10:06:00,Y,specimen temp excursion possible - driver reports cooler malfunction,24,7.28,0
ORD-27292,02/11/2025 15:59,01860,02001,Same-Day,St. Elizabeth's Medical,D041,2025-02-11 16:28:00,2025-02-11 16:47:00,2025-02-11 17:09:00,2025-02-11 18:23:00,Y,"elevator down at 15 Elm St, driver using stairs",22,37.37,0
ORD-27293,2025-03-06 23:38:00,01840,02148,Stat,Tufts Med Center,D022,2025-03-07 00:05:00,2025-03-07 00:35:00,,2025-03-07 00:16:00,N,lab closed early today per client,30,29.86,0
ORD-27294,2025-02-04 13:44:00,02155,02116,Routine,Tufts Medical,D017,2025-02-04 13:53:00,2025-02-04 14:36:00,2025-02-04 16:25:00,2025-02-04 17:11:00,Y,lab closed early today per client,40,30.92,0
ORD-27295,,01845,02200,ROUTINE,Quest Diag,D032,2025-02-19 04:40:00,2025-02-19 05:00:00,2025-02-19 06:26:00,2025-02-19 09:12:00,Y,"pickup not ready, driver waiting 15+ min",7,29.09,0
ORD-27296,2025/01/13 18:57,02153,02120,ROUTINE,MGH,D026,2025-01-13 19:31:00,,2025-01-13 22:17:00,2025-01-14 00:56:00,Y,specimen temp excursion possible - driver reports cooler malfunction,9,8.65,0
ORD-27297,2025-02-27 14:42:00,02163,02126,Rush,MGH,D029,2025-02-27 14:47:00,2025-02-27 15:06:00,2025-02-27 15:58:00,2025-02-27 16:18:00,Y,recipient not available at delivery location,23,34.87,0
ORD-27298,01-02-25 10:24 AM,01850,02184,ROUTINE,Northeast Laboratory,D005,2025-01-02 10:43:00,2025-01-02 11:20:00,2025-01-02 12:03:00,2025-01-02 16:15:00,Y,"client called to confirm - specimen critical, needs STAT upgrade",34,29.2,0
ORD-27299,03/30/2025 04:16,02110,02111,RUSH,Northeast Labs,D028,2025-03-30 04:19:00,2025-03-30 05:13:00,2025-03-30 05:38:00,2025-03-30 06:04:00,Y,"elevator down at 15 Elm St, driver using stairs",39,4.68,0
ORD-27300,02/28/2025 18:35,02118,02141,same-day,LabCorp,D007,2025-02-28 19:11:00,2025-02-28 19:48:00,2025-02-28 21:23:00,2025-02-28 20:40:00,Y,"client changed pickup time, driver redirected",13,24.74,0
ORD-27301,2025-01-22 16:11:00,02032,02143,ROUTINE,Boston Medical Center,D001,2025-01-22 16:54:00,2025-01-22 17:54:00,2025-01-22 19:24:00,2025-01-22 21:06:00,Y,pickup completed but paperwork missing from package,28,22.41,0
ORD-27302,2025-01-27 10:53:00,02048,02053,STAT,Tufts Med Center,D007,2025-01-27 11:06:00,,2025-01-27 13:47:00,2025-01-27 11:48:00,Y,lab closed early today per client,34,30.4,0
ORD-27303,2025/03/18 15:34,02124,02104,STAT,Lowell General,D022,2025-03-18 16:02:00,,2025-03-18 18:17:00,2025-03-18 16:07:00,Y,,40,9.48,0
ORD-27304,03-05-25 04:02 PM,02187,02170,SAME-DAY,Brigham & Women's,D026,2025-03-05 16:20:00,2025-03-05 16:33:00,2025-03-05 17:46:00,2025-03-05 18:45:00,Y,,44,8.63,0
ORD-27305,02/27/2025 18:48,02148,02171,STAT,Providence Health,D023,2025-02-27 19:25:00,2025-02-27 20:22:00,2025-02-27 21:27:00,2025-02-27 19:19:00,N,called client re specimen integrity - awaiting callback,20,17.09,0
ORD-27306,01/20/2025 16:39,02059,02140,RUSH,BioReference Labs,D002,2025-01-20 17:06:00,,2025-01-20 19:06:00,2025-01-20 18:30:00,Y,,18,34.85,0
ORD-27307,2025/03/14 11:06,02122,02129,ROUTINE,Quest Diagnostics,D004,2025-03-14 11:12:00,2025-03-14 11:22:00,2025-03-14 12:58:00,2025-03-14 15:20:00,Y,specimen labeled incorrectly by client,41,5.42,0
ORD-27308,01/02/2025 08:03,02177,02145,routine,South Shore Hospital,D035,2025-01-02 08:44:00,2025-01-02 09:34:00,,2025-01-02 12:13:00,Y,,20,25.4,0
ORD-27309,2025/01/02 08:29,01840,02038,routine,Quest Diag,D016,2025-01-02 08:35:00,,2025-01-02 10:03:00,2025-01-02 13:44:00,Y,"driver vehicle breakdown, transfer to DD030 in progress",32,8.31,0
ORD-27310,01/26/2025 00:49,02196,02035,routine,Boston Medical Center,D035,2025-01-26 01:12:00,2025-01-26 01:43:00,2025-01-26 03:00:00,2025-01-26 06:07:00,Y,"driver stuck in traffic on 93, running ~20 min late",39,20.74,0
ORD-27311,01/05/2025 10:32,02059,02101,rush,LabCorp,D012,2025-01-05 10:35:00,2025-01-05 11:29:00,2025-01-05 12:31:00,2025-01-05 11:36:00,Y,called client re specimen integrity - awaiting callback,8,15.54,0
ORD-27312,2025/02/03 11:05,02125,02193,ROUTINE,LabCorp,UNASSIGNED,2025-02-03 11:31:00,2025-02-03 11:54:00,2025-02-03 12:24:00,2025-02-03 17:02:00,N,specimen container damaged on pickup,45,21.68,0
ORD-27313,01/13/2025 16:06,02149,02101,ROUTINE,Emerson Hospital,D018,2025-01-13 16:32:00,2025-01-13 17:03:00,2025-01-13 17:26:00,2025-01-13 20:00:00,Y,dispatcher note: double-check temp on this one before logging,14,27.96,0
ORD-27314,2025-01-20 15:24:00,02193,02019,RUSH,Mass General Hospital,D040,2025-01-20 15:39:00,2025-01-20 16:25:00,2025-01-20 16:45:00,2025-01-20 16:35:00,Y,"client called to confirm - specimen critical, needs STAT upgrade",8,6.22,0
ORD-27315,02/23/2025 07:51,01850,02122,RUSH,Boston Medical Center,D014,2025-02-23 08:33:00,,2025-02-23 10:15:00,2025-02-23 09:25:00,Y,"wrong address on manifest, corrected enroute",41,18.91,0
ORD-27316,2025-03-17 08:12:00,02025,02177,RUSH,South Shore Hospital,D020,2025-03-17 08:35:00,2025-03-17 09:23:00,2025-03-17 11:06:00,2025-03-17 10:12:00,Y,dispatcher note: double-check temp on this one before logging,12,29.76,0
ORD-27317,2025/03/17 09:06,02072,02054,stat,Emerson Hospital,D007,2025-03-17 09:43:00,2025-03-17 10:32:00,2025-03-17 11:44:00,2025-03-17 09:49:00,Y,specimen labeled incorrectly by client,7,4.76,0
ORD-27318,01/21/2025 16:13,02030,02053,ROUTINE,Emerson Hospital,D007,2025-01-21 16:58:00,,2025-01-21 18:59:00,2025-01-21 19:19:00,Y,"elevator down at 15 Elm St, driver using stairs",14,13.16,0
ORD-27319,01-05-25 03:15 PM,02124,02180,SAME-DAY,Children's Hospital,D030,2025-01-05 15:20:00,2025-01-05 16:01:00,2025-01-05 17:59:00,2025-01-05 18:49:00,N,"pickup not ready, driver waiting 15+ min",35,24.8,0
ORD-27320,2025-01-27 10:01:00,02115,02128,ROUTINE,BioReference Labs,D010,2025-01-27 10:16:00,2025-01-27 10:28:00,,2025-01-27 15:36:00,Y,delayed at security checkpoint - id verification required,39,20.05,0
ORD-27321,2025-01-08 13:29:00,02121,02053,SAME-DAY,Boston Med Ctr,D037,2025-01-08 14:04:00,2025-01-08 14:54:00,2025-01-08 16:33:00,2025-01-08 17:24:00,Y,traffic accident on route 1 delay,30,35.81,0
ORD-27322,03-30-25 07:41 AM,02191,02177,ROUTINE,Providence Health,D001,2025-03-30 08:08:00,2025-03-30 08:43:00,2025-03-30 10:37:00,2025-03-30 12:55:00,N,,15,6.07,0
ORD-27323,01-22-25 09:34 AM,02072,02148,ROUTINE,Northeast Labs,D005,2025-01-22 10:05:00,2025-01-22 10:23:00,2025-01-22 11:54:00,2025-01-22 15:24:00,Y,,34,19.34,0
ORD-27324,01/29/2025 06:35,02026,02138,ROUTINE,Northeast Labs,D023,2025-01-29 06:54:00,2025-01-29 07:37:00,2025-01-29 08:24:00,2025-01-29 09:46:00,Y,,22,22.39,0
ORD-27325,01-26-25 08:57 AM,02124,02156,SAME-DAY,Childrens Hospital,D041,2025-01-26 09:08:00,2025-01-26 09:21:00,2025-01-26 10:25:00,2025-01-26 12:22:00,Y,"elevator down at 15 Elm St, driver using stairs",6,18.65,0
ORD-27326,2025/02/24 09:20,02132,02001,ROUTINE,Lowell General,D041,2025-02-24 09:24:00,2025-02-24 10:05:00,,2025-02-24 15:19:00,Y,specimen container damaged on pickup,16,26.02,0
ORD-27327,02/13/2025 14:53,01854,02119,Rush,Tufts Med Center,D002,2025-02-13 15:14:00,2025-02-13 15:45:00,2025-02-13 16:10:00,2025-02-13 16:27:00,Y,recipient not available at delivery location,20,19.23,0
ORD-27328,2025/01/11 08:10,01862,02189,ROUTINE,Labcorp Inc,D018,2025-01-11 08:43:00,2025-01-11 09:31:00,2025-01-11 11:02:00,2025-01-11 12:13:00,Y,recipient not available at delivery location,36,9.83,0
ORD-27329,2025-01-30 14:02:00,02189,02030,ROUTINE,Children's Hospital,D034,2025-01-30 14:24:00,2025-01-30 14:34:00,2025-01-30 16:34:00,2025-01-30 18:12:00,Y,redelivery needed: building locked,21,30.09,0
ORD-27330,2025-02-13 10:18:00,02101,02120,STAT,St. Elizabeth's Medical,D033,2025-02-13 11:03:00,2025-02-13 11:40:00,2025-02-13 12:35:00,2025-02-13 11:16:00,Y,,24,15.69,0
ORD-27331,2025-02-25 10:11:00,02128,02026,STAT,Childrens Hospital,D027,2025-02-25 10:44:00,,2025-02-25 12:44:00,2025-02-25 10:44:00,Y,dispatcher note: double-check temp on this one before logging,21,21.81,0
ORD-27332,02/27/2025 14:59,02104,02048,ROUTINE,Brigham and Womens,D040,2025-02-27 15:10:00,2025-02-27 15:32:00,2025-02-27 17:29:00,2025-02-27 20:34:00,Y,package refused by receiving staff - no signature authority,14,34.02,0
ORD-27333,2025-02-25 13:47:00,02127,02171,SAME-DAY,NE Labs,D024,2025-02-25 14:15:00,2025-02-25 14:56:00,2025-02-25 15:58:00,2025-02-25 16:58:00,Y,traffic accident on route 1 delay,36,7.15,0
ORD-27334,02/10/2025 16:37,01867,02189,stat,LabCorp,UNASSIGNED,2025-02-10 17:05:00,2025-02-10 17:18:00,2025-02-10 17:37:00,2025-02-10 17:20:00,Y,lab closed early today per client,29,5.72,0
ORD-27335,02-26-25 05:38 AM,02127,02111,STAT,St. Elizabeth's Medical,D026,2025-02-26 06:03:00,2025-02-26 06:50:00,2025-02-26 08:30:00,2025-02-26 06:38:00,Y,pickup completed but paperwork missing from package,169,20.4,0
ORD-27336,2025-03-09 17:54:00,02139,02062,SAME-DAY,Cape Cod Hospital,D011,2025-03-09 17:57:00,2025-03-09 18:27:00,2025-03-09 20:04:00,2025-03-09 20:37:00,Y,"driver ran out of dry ice, needs resupply",41,34.41,0
ORD-27337,03/30/2025 19:12,02169,02129,STAT,Children's Hospital,D024,2025-03-30 19:40:00,,2025-03-30 21:23:00,2025-03-30 20:02:00,Y,"driver called in sick mid-route, reassigning trips",30,6.7,0
ORD-27338,01/17/2025 16:05,02195,02136,STAT,Boston Med Ctr,D002,2025-01-17 16:34:00,2025-01-17 16:55:00,2025-01-17 17:44:00,2025-01-17 16:48:00,Y,driver cannot locate parking at hospital,20,23.77,0
ORD-27339,02/10/2025 15:26,02196,02180,ROUTINE,LabCorp,D021,2025-02-10 15:41:00,2025-02-10 16:22:00,2025-02-10 17:13:00,2025-02-10 19:33:00,N,GPS routing error sent driver to wrong building,5,17.03,0
ORD-27340,2025/02/16 07:53,02125,02196,Routine,Quest Diag,D041,2025-02-16 08:31:00,2025-02-16 09:01:00,2025-02-16 10:19:00,2025-02-16 11:08:00,Y,"wrong address on manifest, corrected enroute",27,9.98,0
ORD-27341,2025/03/10 15:53,02156,02133,STAT,Boston Medical Center,D018,2025-03-10 16:10:00,2025-03-10 17:02:00,2025-03-10 17:19:00,2025-03-10 16:27:00,Y,"client changed pickup time, driver redirected",34,14.38,0
ORD-27342,02-07-25 08:49 AM,01867,02021,ROUTINE,LabCorp,D034,2025-02-07 09:19:00,2025-02-07 10:13:00,2025-02-07 11:31:00,2025-02-07 12:02:00,Y,,35,8.84,0
ORD-27343,03-24-25 01:25 PM,02195,02032,ROUTINE,Cape Cod Hospital,D014,2025-03-24 14:10:00,,2025-03-24 16:32:00,2025-03-24 18:09:00,Y,,425,23.67,0
ORD-27344,2025-03-14 09:11:00,01880,02019,ROUTINE,NE Labs,D017,2025-03-14 09:22:00,2025-03-14 09:40:00,2025-03-14 10:10:00,2025-03-14 14:20:00,N,"client called to confirm - specimen critical, needs STAT upgrade",35,6.19,0
ORD-27345,01/25/2025 08:37,02061,02043,RUSH,Providence Health,D006,2025-01-25 09:03:00,2025-01-25 09:46:00,2025-01-25 11:39:00,2025-01-25 10:20:00,Y,,29,8.42,0
ORD-27346,01/20/2025 23:14,02196,02138,RUSH,South Shore Hospital,D002,2025-01-20 23:49:00,2025-01-21 00:00:00,2025-01-21 01:53:00,2025-01-21 00:18:00,Y,specimen labeled incorrectly by client,42,26.22,0
ORD-27347,2025-02-01 09:28:00,02170,02045,SAME-DAY,Quest Diag,D031,2025-02-01 09:44:00,2025-02-01 10:40:00,2025-02-01 12:23:00,2025-02-01 11:48:00,N,recipient not available at delivery location,9,14.84,1
ORD-27348,03/27/2025 11:20,02163,02191,same-day,Tufts Med Center,D030,2025-03-27 12:03:00,2025-03-27 12:16:00,2025-03-27 13:29:00,2025-03-27 13:23:00,Y,"client called to confirm - specimen critical, needs STAT upgrade",28,28.67,0
ORD-27349,2025-03-24 10:08:00,02026,02127,rush,Brigham & Women's,D013,2025-03-24 10:19:00,2025-03-24 10:50:00,,2025-03-24 11:57:00,Y,specimen container damaged on pickup,8,20.95,0
ORD-27350,03-04-25 11:50 AM,02138,02134,Rush,Tufts Med Center,D022,2025-03-04 12:03:00,2025-03-04 12:54:00,2025-03-04 14:38:00,2025-03-04 13:17:00,Y,traffic accident on route 1 delay,29,8.15,0
ORD-27351,03/09/2025 09:17,02189,02050,routine,BioReference Labs,D033,2025-03-09 09:43:00,2025-03-09 10:38:00,2025-03-09 11:50:00,2025-03-09 12:59:00,Y,package refused by receiving staff - no signature authority,334,31.41,0
ORD-27352,02-16-25 06:38 AM,02056,02125,ROUTINE,Quest Diagnostics,D035,2025-02-16 07:12:00,2025-02-16 07:45:00,2025-02-16 08:12:00,2025-02-16 10:27:00,Y,"wrong address on manifest, corrected enroute",33,30.43,0
ORD-27353,2025-01-11 16:13:00,02180,02191,RUSH,Labcorp Inc,D040,2025-01-11 16:43:00,2025-01-11 16:59:00,2025-01-11 18:49:00,2025-01-11 17:53:00,N,recipient not available at delivery location,6,30.83,1
ORD-27354,2025-03-10 10:42:00,02127,02152,SAME-DAY,Tufts Med Center,D030,2025-03-10 10:48:00,2025-03-10 10:58:00,2025-03-10 12:51:00,2025-03-10 14:42:00,Y,specimen container damaged on pickup,8,30.82,0
ORD-27355,,02194,02131,SAME-DAY,Labcorp Inc,D014,2025-01-26 06:57:00,2025-01-26 07:42:00,2025-01-26 09:30:00,2025-01-26 10:29:00,Y,"elevator down at 15 Elm St, driver using stairs",36,32.73,0
ORD-27356,2025-02-20 15:11:00,02119,02050,ROUTINE,Quest Diag,D005,2025-02-20 15:36:00,2025-02-20 16:28:00,2025-02-20 17:03:00,2025-02-20 20:28:00,Y,,6,19.44,0
ORD-27357,2025/01/26 15:19,02053,02136,ROUTINE,MGH,D008,2025-01-26 15:59:00,2025-01-26 16:45:00,2025-01-26 18:30:00,2025-01-26 21:12:00,Y,dispatcher note: double-check temp on this one before logging,29,13.3,0
ORD-27358,2025/01/27 12:00,02200,02059,routine,Tufts Medical,D005,2025-01-27 12:25:00,2025-01-27 12:49:00,2025-01-27 14:01:00,2025-01-27 16:24:00,N,driver reports ice on roads in reading area,8,8.18,0
ORD-27359,02/15/2025 06:58,01821,02128,STAT,BioReference Labs,D009,2025-02-15 07:02:00,2025-02-15 07:34:00,2025-02-15 08:50:00,2025-02-15 07:54:00,Y,GPS routing error sent driver to wrong building,32,7.09,0
ORD-27360,2025-02-23 16:46:00,02072,02102,Same-Day,Cape Cod Hospital,D018,2025-02-23 17:04:00,2025-02-23 17:14:00,,2025-02-23 19:09:00,Y,called client re specimen integrity - awaiting callback,26,27.76,0
ORD-27361,2025-03-02 09:54:00,02163,02169,RUSH,Childrens Hospital,D009,2025-03-02 10:34:00,2025-03-02 11:14:00,2025-03-02 12:51:00,2025-03-02 11:42:00,N,"driver stuck in traffic on 93, running ~20 min late",32,25.08,0
ORD-27362,2025-01-21 08:03:00,02053,02177,Routine,Brigham & Women's,D032,2025-01-21 08:46:00,2025-01-21 09:22:00,2025-01-21 09:39:00,2025-01-21 12:28:00,Y,,34,32.48,0
ORD-27363,2025/01/03 09:49,02052,02125,ROUTINE,Northeast Labs,D034,2025-01-03 09:56:00,2025-01-03 10:32:00,2025-01-03 12:08:00,2025-01-03 15:16:00,Y,redelivery needed: building locked,12,6.38,0
ORD-27364,2025-01-16 17:03:00,01862,02169,ROUTINE,Mass General Hospital,D030,2025-01-16 17:09:00,,2025-01-16 18:52:00,2025-01-16 22:00:00,Y,delayed at security checkpoint - id verification required,45,20.22,0
ORD-27365,03/20/2025 10:12,02128,02141,Rush,Northeast Laboratory,D040,2025-03-20 10:39:00,2025-03-20 10:52:00,2025-03-20 12:33:00,2025-03-20 11:38:00,Y,,14,33.4,0
ORD-27366,03-08-25 08:32 AM,02115,02197,ROUTINE,South Shore Hospital,D037,2025-03-08 09:09:00,2025-03-08 09:51:00,2025-03-08 11:11:00,2025-03-08 13:28:00,Y,redelivery needed: building locked,38,22.52,0
ORD-27367,2025/02/26 23:28,02196,02192,stat,South Shore Hospital,D003,2025-02-27 00:07:00,,2025-02-27 02:31:00,2025-02-27 00:13:00,Y,delayed at security checkpoint - id verification required,219,33.04,0
ORD-27368,01/29/2025 10:54,02140,02113,STAT,Quest Diag,D034,2025-01-29 11:01:00,2025-01-29 11:12:00,2025-01-29 12:02:00,2025-01-29 11:29:00,Y,dispatcher note: double-check temp on this one before logging,30,24.91,0
ORD-27369,01/17/2025 13:28,02171,02148,STAT,MGH,D011,2025-01-17 14:13:00,2025-01-17 15:13:00,2025-01-17 17:11:00,2025-01-17 14:27:00,Y,"wrong zip code on order, corrected",20,22.55,0
ORD-27370,2025/01/30 06:41,01843,02153,STAT,Cape Cod Hospital,D016,2025-01-30 07:08:00,2025-01-30 07:55:00,,2025-01-30 07:39:00,Y,specimen temp excursion possible - driver reports cooler malfunction,24,14.73,0
ORD-27371,03/19/2025 08:49,02177,02197,STAT,Boston Medical Center,D015,2025-03-19 09:31:00,2025-03-19 09:50:00,2025-03-19 10:37:00,2025-03-19 09:21:00,Y,"elevator down at 15 Elm St, driver using stairs",45,25.35,0
ORD-27372,2025/03/30 07:50,02131,02107,STAT,Tufts Med Center,D028,2025-03-30 07:56:00,2025-03-30 08:33:00,2025-03-30 10:09:00,2025-03-30 08:48:00,Y,lab closed early today per client,24,18.87,0
ORD-27373,2025-03-24 10:46:00,01854,02189,Routine,Lowell General,D039,2025-03-24 11:06:00,2025-03-24 11:16:00,2025-03-24 11:51:00,2025-03-24 13:58:00,Y,"driver stuck in traffic on 93, running ~20 min late",26,29.43,0
ORD-27374,2025/02/15 12:17,01803,02136,ROUTINE,Tufts Medical,D038,2025-02-15 12:40:00,2025-02-15 13:20:00,2025-02-15 15:04:00,2025-02-15 15:25:00,Y,traffic accident on route 1 delay,10,29.5,0
ORD-27375,2025-03-09 17:05:00,02130,02199,ROUTINE,Brigham & Women's,D020,2025-03-09 17:47:00,2025-03-09 18:37:00,2025-03-09 19:30:00,2025-03-09 22:50:00,Y,"client called to confirm - specimen critical, needs STAT upgrade",22,32.73,0
ORD-27376,2025/03/07 19:11,01845,02025,ROUTINE,NE Labs,UNASSIGNED,2025-03-07 19:39:00,2025-03-07 20:02:00,2025-03-07 20:46:00,2025-03-07 22:45:00,Y,driver reports ice on roads in reading area,36,20.36,0
ORD-27377,2025/03/11 09:19,01880,02177,ROUTINE,Mass General Hospital,D024,2025-03-11 09:45:00,2025-03-11 10:07:00,2025-03-11 10:55:00,2025-03-11 13:05:00,N,specimen container damaged on pickup,181,15.0,0
ORD-27378,03-04-25 10:17 AM,02142,02155,SAME-DAY,Boston Medical Center,D035,2025-03-04 10:43:00,2025-03-04 11:08:00,2025-03-04 12:10:00,2025-03-04 13:17:00,Y,specimen container damaged on pickup,18,12.61,0
ORD-27379,2025/03/02 09:10,01876,02052,same-day,Mass General Hospital,D016,2025-03-02 09:29:00,,2025-03-02 11:32:00,2025-03-02 11:54:00,Y,"client changed pickup time, driver redirected",41,15.42,0
ORD-27380,2025-02-26 07:00:00,02192,02132,RUSH,Northeast Labs,D017,2025-02-26 07:23:00,2025-02-26 07:53:00,,2025-02-26 08:57:00,Y,specimen container damaged on pickup,15,14.3,0
ORD-27381,03/03/2025 17:34,02072,02127,RUSH,LabCorp,D012,2025-03-03 18:13:00,2025-03-03 19:09:00,,2025-03-03 19:01:00,Y,"driver vehicle breakdown, transfer to DD041 in progress",45,21.47,0
ORD-27382,,01841,02155,RUSH,Boston Med Ctr,D009,2025-03-02 14:53:00,2025-03-02 15:51:00,2025-03-02 16:24:00,2025-03-02 15:29:00,Y,driver reports ice on roads in reading area,28,6.63,0
ORD-27383,2025-02-18 07:08:00,02109,02066,STAT,Brigham and Womens,D007,2025-02-18 07:29:00,2025-02-18 08:09:00,2025-02-18 09:20:00,2025-02-18 08:05:00,Y,specimen container damaged on pickup,31,20.83,0
ORD-27384,2025-02-01 22:37:00,02113,02102,ROUTINE,South Shore Hospital,D022,2025-02-01 22:55:00,2025-02-01 23:16:00,2025-02-02 00:35:00,2025-02-02 01:56:00,Y,"elevator down at 15 Elm St, driver using stairs",14,30.52,0
ORD-27385,2025/03/27 17:24,02060,02185,ROUTINE,LabCorp,D032,2025-03-27 17:51:00,2025-03-27 18:19:00,2025-03-27 19:08:00,2025-03-27 21:47:00,Y,package refused by receiving staff - no signature authority,15,22.65,0
ORD-27386,03-27-25 08:17 AM,02185,02136,ROUTINE,Boston Med Ctr,D025,2025-03-27 08:27:00,,,2025-03-27 14:10:00,Y,redelivery needed: building locked,7,18.99,0
ORD-27387,2025-03-18 16:12:00,02045,02150,STAT,Labcorp Inc,D034,2025-03-18 16:27:00,2025-03-18 17:23:00,2025-03-18 18:44:00,2025-03-18 16:54:00,N,delayed at security checkpoint - id verification required,38,17.15,0
ORD-27388,01-25-25 11:23 AM,02171,02115,Routine,Mass General Hospital,D013,2025-01-25 12:06:00,2025-01-25 12:39:00,2025-01-25 12:55:00,2025-01-25 17:09:00,Y,,16,5.66,0
ORD-27389,03/17/2025 10:19,02026,02145,STAT,Tufts Med Center,D038,2025-03-17 10:22:00,2025-03-17 11:07:00,2025-03-17 12:48:00,2025-03-17 11:05:00,Y,dispatcher note: double-check temp on this one before logging,6,7.57,0
ORD-27390,2025-01-02 11:18:00,01886,02130,ROUTINE,Northeast Labs,D027,2025-01-02 11:53:00,2025-01-02 12:35:00,2025-01-02 12:53:00,2025-01-02 17:07:00,Y,driver cannot locate parking at hospital,22,32.39,0
ORD-27391,01/19/2025 15:53,02107,02059,Routine,Tufts Medical,D014,2025-01-19 16:31:00,2025-01-19 16:55:00,,2025-01-19 21:23:00,N,,37,14.7,0
ORD-27392,02-09-25 02:02 PM,02113,02200,Same-Day,Quest Diag,D025,2025-02-09 14:37:00,2025-02-09 15:37:00,2025-02-09 17:23:00,2025-02-09 16:17:00,Y,specimen temp excursion possible - driver reports cooler malfunction,9,32.92,0
ORD-27393,2025-03-03 08:10:00,02149,02053,SAME-DAY,Boston Medical Center,D025,2025-03-03 08:35:00,2025-03-03 09:29:00,2025-03-03 11:03:00,2025-03-03 10:37:00,N,"driver called in sick mid-route, reassigning trips",18,6.92,0
ORD-27394,02/28/2025 15:01,02148,02135,SAME-DAY,Tufts Medical,D034,2025-02-28 15:38:00,2025-02-28 15:53:00,2025-02-28 17:18:00,2025-02-28 18:19:00,Y,"driver stuck in traffic on 93, running ~20 min late",31,33.21,0
ORD-27395,2025/01/16 10:08,01880,02169,STAT,Providence Health,D037,2025-01-16 10:33:00,2025-01-16 10:49:00,,2025-01-16 11:06:00,Y,driver reports ice on roads in reading area,43,10.56,0
ORD-27396,2025/02/12 05:25,01880,02122,stat,Emerson Hospital,UNASSIGNED,2025-02-12 05:41:00,2025-02-12 06:19:00,2025-02-12 07:58:00,2025-02-12 06:22:00,Y,,40,7.55,0
ORD-27397,2025/03/19 09:04,02155,02140,Rush,Labcorp Inc,D016,2025-03-19 09:32:00,2025-03-19 10:11:00,2025-03-19 10:30:00,2025-03-19 10:14:00,N,pickup completed but paperwork missing from package,23,27.82,0
ORD-27398,2025/03/13 00:47,02025,02053,ROUTINE,LabCorp,D014,2025-03-13 01:13:00,2025-03-13 01:30:00,2025-03-13 01:48:00,2025-03-13 05:34:00,N,"wrong address on manifest, corrected enroute",7,32.42,0
ORD-27399,2025/01/17 11:02,02067,02048,STAT,Cape Cod Hospital,D007,2025-01-17 11:18:00,2025-01-17 12:10:00,2025-01-17 12:53:00,2025-01-17 11:46:00,N,,42,32.21,1
ORD-27400,2025-01-02 11:05:00,02021,02150,ROUTINE,Lowell General,D022,2025-01-02 11:23:00,,2025-01-02 12:54:00,2025-01-02 15:02:00,Y,specimen container damaged on pickup,28,11.22,0
ORD-27401,2025/03/20 06:20,01810,02054,STAT,BioReference Labs,D026,2025-03-20 06:32:00,2025-03-20 07:06:00,,2025-03-20 07:12:00,Y,specimen container damaged on pickup,20,13.48,0
ORD-27402,02-17-25 12:53 AM,02030,02001,Stat,Emerson Hospital,D024,2025-02-17 01:19:00,2025-02-17 02:14:00,2025-02-17 03:34:00,2025-02-17 01:32:00,Y,pickup completed but paperwork missing from package,23,6.46,0
ORD-27403,2025/03/07 06:41,01810,02120,stat,Northeast Labs,D023,2025-03-07 06:50:00,2025-03-07 07:33:00,2025-03-07 09:04:00,2025-03-07 07:23:00,Y,,43,20.8,0
ORD-27404,02/15/2025 03:21,02153,02019,SAME-DAY,Labcorp Inc,D030,2025-02-15 03:54:00,2025-02-15 04:26:00,2025-02-15 06:02:00,2025-02-15 05:33:00,Y,"wrong zip code on order, corrected",15,27.07,0
ORD-27405,2025/03/08 13:18,02151,02026,ROUTINE,LabCorp,D041,2025-03-08 13:56:00,2025-03-08 14:46:00,2025-03-08 16:38:00,2025-03-08 16:20:00,N,"driver stuck in traffic on 93, running ~20 min late",21,36.18,0
ORD-27406,01/12/2025 18:53,02170,02050,RUSH,Quest Diagnostics,D019,2025-01-12 19:01:00,2025-01-12 19:29:00,2025-01-12 20:16:00,2025-01-12 20:38:00,Y,"client changed pickup time, driver redirected",12,24.0,0
ORD-27407,02/27/2025 19:21,02189,02142,RUSH,LabCorp,D036,2025-02-27 19:27:00,2025-02-27 19:46:00,2025-02-27 20:07:00,2025-02-27 20:48:00,Y,called client re specimen integrity - awaiting callback,24,37.13,0
ORD-27408,02/25/2025 18:16,02109,02053,STAT,MGH,D041,2025-02-25 18:24:00,2025-02-25 19:24:00,2025-02-25 19:43:00,2025-02-25 19:16:00,N,"pickup not ready, driver waiting 15+ min",8,8.4,0
ORD-27409,03/28/2025 09:02,02021,02176,STAT,Quest Diagnostics,D004,2025-03-28 09:32:00,2025-03-28 09:52:00,2025-03-28 10:08:00,2025-03-28 09:42:00,Y,traffic accident on route 1 delay,10,29.39,0
ORD-27410,2025-02-28 10:11:00,02195,02001,RUSH,NE Labs,D018,2025-02-28 10:16:00,2025-02-28 10:50:00,2025-02-28 11:17:00,2025-02-28 11:50:00,N,dispatcher note: double-check temp on this one before logging,40,10.02,1
ORD-27411,01-26-25 01:13 PM,02133,02066,Rush,Emerson Hospital,D002,2025-01-26 13:50:00,2025-01-26 14:37:00,2025-01-26 15:12:00,2025-01-26 14:35:00,Y,recipient not available at delivery location,13,30.68,0
ORD-27412,02-19-25 08:17 AM,02186,02189,RUSH,Childrens Hospital,D023,2025-02-19 08:44:00,2025-02-19 09:15:00,2025-02-19 09:51:00,2025-02-19 10:15:00,Y,pickup completed but paperwork missing from package,9,37.96,0
ORD-27413,2025/02/10 08:53,02129,02200,STAT,Childrens Hospital,D038,2025-02-10 09:33:00,2025-02-10 10:15:00,,2025-02-10 09:39:00,Y,"pickup not ready, driver waiting 15+ min",11,22.21,0
ORD-27414,01/21/2025 09:21,02038,02127,SAME-DAY,Lowell General,D035,2025-01-21 09:50:00,,2025-01-21 11:34:00,2025-01-21 11:36:00,Y,delayed at security checkpoint - id verification required,298,10.72,0
ORD-27415,2025/01/28 16:49,01832,02150,stat,Children's Hospital,D001,2025-01-28 17:34:00,2025-01-28 17:58:00,2025-01-28 19:22:00,2025-01-28 17:47:00,Y,"driver stuck in traffic on 93, running ~20 min late",11,25.85,0
ORD-27416,03/02/2025 16:37,02144,02109,ROUTINE,Emerson Hospital,D002,2025-03-02 17:01:00,2025-03-02 17:42:00,2025-03-02 17:58:00,2025-03-02 19:45:00,Y,"client changed pickup time, driver redirected",23,29.94,0
ORD-27417,,02107,02021,Same-Day,Boston Medical Center,D016,2025-02-15 19:52:00,2025-02-15 20:29:00,2025-02-15 21:42:00,2025-02-15 21:56:00,Y,dispatcher note: double-check temp on this one before logging,45,31.33,0
ORD-27418,02/23/2025 11:38,02196,02187,ROUTINE,Providence Health,D027,2025-02-23 11:55:00,2025-02-23 12:50:00,2025-02-23 13:26:00,2025-02-23 15:45:00,Y,"client changed pickup time, driver redirected",7,33.37,0
ORD-27419,2025/03/21 05:42,02059,02171,Rush,Quest Diag,D007,2025-03-21 06:01:00,2025-03-21 06:54:00,2025-03-21 07:17:00,2025-03-21 07:39:00,Y,specimen container damaged on pickup,19,23.84,0
ORD-27420,03-07-25 10:51 AM,01850,02043,ROUTINE,Children's Hospital,UNASSIGNED,2025-03-07 11:16:00,2025-03-07 12:12:00,2025-03-07 14:10:00,2025-03-07 15:51:00,Y,"driver vehicle breakdown, transfer to DD018 in progress",16,18.83,0
ORD-27421,02-01-25 10:46 AM,02111,02135,ROUTINE,NE Labs,D005,2025-02-01 11:22:00,2025-02-01 11:44:00,2025-02-01 12:32:00,2025-02-01 16:38:00,Y,recipient not available at delivery location,32,9.29,0
ORD-27422,2025/01/17 05:47,02111,02156,SAME-DAY,Brigham & Women's,UNASSIGNED,2025-01-17 06:03:00,2025-01-17 06:42:00,2025-01-17 07:29:00,2025-01-17 09:23:00,Y,called client re specimen integrity - awaiting callback,24,32.13,0
ORD-27423,2025/02/12 19:50,02190,02144,rush,Brigham and Womens,D007,2025-02-12 20:18:00,2025-02-12 21:02:00,2025-02-12 22:22:00,2025-02-12 21:15:00,Y,"wrong zip code on order, corrected",451,22.01,0
ORD-27424,03/20/2025 08:35,01862,02143,ROUTINE,LabCorp,D007,2025-03-20 09:03:00,,2025-03-20 10:42:00,2025-03-20 11:47:00,Y,,21,21.53,0
ORD-27425,03/22/2025 03:42,02050,02170,routine,Brigham & Women's,D011,2025-03-22 04:12:00,2025-03-22 04:51:00,2025-03-22 05:14:00,2025-03-22 06:50:00,Y,,39,30.1,0
ORD-27426,02/26/2025 16:05,02019,02053,STAT,NE Labs,D009,2025-02-26 16:17:00,2025-02-26 17:14:00,2025-02-26 18:44:00,2025-02-26 16:35:00,Y,"driver stuck in traffic on 93, running ~20 min late",448,22.08,0
ORD-27427,01-31-25 08:07 AM,02103,02141,ROUTINE,MGH,D031,2025-01-31 08:22:00,2025-01-31 09:16:00,2025-01-31 10:42:00,2025-01-31 11:31:00,Y,specimen labeled incorrectly by client,35,34.25,0
ORD-27428,01-22-25 01:51 PM,02126,02115,ROUTINE,LabCorp,D014,2025-01-22 14:36:00,2025-01-22 14:57:00,2025-01-22 16:26:00,2025-01-22 17:54:00,N,"driver vehicle breakdown, transfer to DD006 in progress",17,6.63,1
ORD-27429,02/01/2025 08:19,02150,02188,Routine,Childrens Hospital,D010,2025-02-01 08:54:00,2025-02-01 09:23:00,,2025-02-01 11:59:00,Y,"elevator down at 15 Elm St, driver using stairs",21,6.88,0
ORD-27430,2025-02-14 14:15:00,02105,02189,ROUTINE,Brigham & Women's,D016,2025-02-14 14:46:00,2025-02-14 15:36:00,2025-02-14 17:09:00,2025-02-14 18:39:00,Y,delayed at security checkpoint - id verification required,19,37.85,0
ORD-27431,03/14/2025 18:50,02109,02043,Same-Day,Boston Medical Center,D037,2025-03-14 19:15:00,2025-03-14 20:02:00,2025-03-14 20:48:00,2025-03-14 21:43:00,Y,pickup completed but paperwork missing from package,14,36.88,0
ORD-27432,2025-01-24 03:10:00,02180,02193,Rush,Lowell General,D028,2025-01-24 03:23:00,2025-01-24 03:36:00,2025-01-24 04:20:00,2025-01-24 04:45:00,N,"driver called in sick mid-route, reassigning trips",41,20.96,0
ORD-27433,2025/02/06 14:04,02126,02101,Stat,Childrens Hospital,D011,2025-02-06 14:09:00,2025-02-06 14:31:00,2025-02-06 15:57:00,2025-02-06 14:51:00,Y,specimen container damaged on pickup,26,11.67,0
ORD-27434,2025-02-28 12:35:00,01843,02189,SAME-DAY,Boston Med Ctr,D030,2025-02-28 13:04:00,2025-02-28 13:59:00,2025-02-28 14:17:00,2025-02-28 15:53:00,Y,"driver called in sick mid-route, reassigning trips",26,28.15,0
ORD-27435,2025-02-23 12:55:00,02106,02153,Routine,Quest Diagnostics,D027,2025-02-23 13:35:00,2025-02-23 14:01:00,2025-02-23 15:26:00,2025-02-23 17:41:00,Y,"elevator down at 15 Elm St, driver using stairs",20,20.43,0
ORD-27436,2025/02/18 10:05,02118,02139,RUSH,Quest Diag,D031,2025-02-18 10:39:00,2025-02-18 11:12:00,2025-02-18 12:34:00,2025-02-18 11:22:00,Y,specimen container damaged on pickup,19,22.45,0
ORD-27437,2025/03/30 19:32,02019,02184,RUSH,BioReference Labs,D011,2025-03-30 19:47:00,2025-03-30 20:36:00,2025-03-30 22:28:00,2025-03-30 20:50:00,N,driver cannot locate parking at hospital,299,32.39,0
ORD-27438,2025/03/24 05:07,02177,02194,STAT,Quest Diag,D038,2025-03-24 05:45:00,2025-03-24 05:59:00,2025-03-24 07:23:00,2025-03-24 06:00:00,N,specimen labeled incorrectly by client,33,11.48,1
ORD-27439,02-08-25 12:53 AM,02180,02060,Same-Day,Quest Diagnostics,D017,2025-02-08 01:01:00,2025-02-08 01:21:00,2025-02-08 02:56:00,2025-02-08 04:03:00,Y,specimen container damaged on pickup,29,33.26,0
ORD-27440,2025/01/03 11:49,02133,02021,rush,Northeast Labs,D033,2025-01-03 12:05:00,2025-01-03 13:05:00,2025-01-03 14:39:00,2025-01-03 12:57:00,Y,specimen temp excursion possible - driver reports cooler malfunction,15,31.11,0
ORD-27441,2025/03/18 09:22,01843,02170,RUSH,LabCorp,D031,2025-03-18 09:44:00,2025-03-18 10:18:00,2025-03-18 11:39:00,2025-03-18 10:26:00,Y,"driver called in sick mid-route, reassigning trips",36,29.77,0
ORD-27442,2025/02/14 10:55,02056,02189,stat,South Shore Hospital,D019,2025-02-14 11:05:00,2025-02-14 11:51:00,2025-02-14 12:12:00,2025-02-14 11:48:00,Y,redelivery needed: building locked,12,37.12,0
ORD-27443,03/29/2025 17:42,01850,02184,RUSH,Northeast Labs,D011,2025-03-29 18:03:00,2025-03-29 18:57:00,2025-03-29 19:49:00,2025-03-29 19:26:00,Y,specimen container damaged on pickup,10,12.21,0
ORD-27444,2025-03-31 18:52:00,02134,02185,RUSH,Quest Diag,D024,2025-03-31 19:11:00,,2025-03-31 21:16:00,2025-03-31 20:09:00,Y,"driver vehicle breakdown, transfer to DD027 in progress",6,12.39,0
ORD-27445,2025-03-10 12:52:00,02132,02056,ROUTINE,Children's Hospital,D025,2025-03-10 12:58:00,2025-03-10 13:53:00,2025-03-10 15:17:00,2025-03-10 18:47:00,N,driver reports ice on roads in reading area,25,5.71,1
ORD-27446,2025/03/24 02:26,02199,02144,ROUTINE,MGH,D009,2025-03-24 02:53:00,2025-03-24 03:39:00,2025-03-24 04:09:00,2025-03-24 08:02:00,N,"driver vehicle breakdown, transfer to DD011 in progress",43,5.24,0
ORD-27447,02-08-25 09:04 AM,01850,02129,RUSH,South Shore Hospital,D029,2025-02-08 09:45:00,,,2025-02-08 10:15:00,Y,redelivery needed: building locked,40,35.94,0
ORD-27448,2025/01/09 10:13,02062,02185,SAME-DAY,Brigham and Womens,D005,2025-01-09 10:57:00,,2025-01-09 13:12:00,2025-01-09 12:49:00,N,redelivery needed: building locked,36,36.47,0
ORD-27449,03-20-25 09:37 AM,02138,02129,Routine,Cape Cod Hospital,D018,2025-03-20 10:18:00,2025-03-20 10:58:00,,2025-03-20 14:24:00,Y,"pickup not ready, driver waiting 15+ min",33,8.46,0
ORD-27450,01/18/2025 03:38,02045,02048,STAT,Brigham & Women's,D040,2025-01-18 03:58:00,2025-01-18 04:21:00,2025-01-18 05:14:00,2025-01-18 04:12:00,Y,delayed at security checkpoint - id verification required,33,13.84,0
ORD-27451,2025-01-17 08:24:00,02047,02072,ROUTINE,Children's Hospital,D039,2025-01-17 09:04:00,2025-01-17 09:52:00,2025-01-17 10:57:00,2025-01-17 13:26:00,Y,specimen labeled incorrectly by client,41,37.56,0
ORD-27452,02/09/2025 06:44,02129,02105,Routine,St. Elizabeth's Medical,D004,2025-02-09 07:05:00,2025-02-09 07:33:00,2025-02-09 09:29:00,2025-02-09 11:41:00,N,package refused by receiving staff - no signature authority,28,16.01,1
ORD-27453,2025-03-14 10:03:00,02043,02186,routine,Brigham & Women's,D018,2025-03-14 10:09:00,2025-03-14 10:39:00,2025-03-14 11:52:00,2025-03-14 14:05:00,Y,,21,4.74,0
ORD-27454,2025/02/28 12:35,01821,02133,RUSH,Tufts Med Center,D039,2025-02-28 12:45:00,2025-02-28 12:56:00,2025-02-28 14:37:00,2025-02-28 14:09:00,Y,driver reports ice on roads in reading area,5,20.23,0
ORD-27455,01-05-25 06:36 AM,02134,02131,routine,St. Elizabeth's Medical,D021,2025-01-05 07:04:00,2025-01-05 07:53:00,2025-01-05 09:05:00,2025-01-05 11:38:00,Y,lab closed early today per client,30,7.58,0
ORD-27456,2025-03-04 15:04:00,02001,02171,Rush,Childrens Hospital,D034,2025-03-04 15:33:00,2025-03-04 16:08:00,2025-03-04 16:31:00,2025-03-04 16:52:00,Y,traffic accident on route 1 delay,39,4.85,0
ORD-27457,2025-01-27 07:51:00,02053,02052,routine,Tufts Med Center,D002,2025-01-27 08:33:00,2025-01-27 09:08:00,2025-01-27 09:55:00,2025-01-27 12:01:00,Y,driver reports ice on roads in reading area,6,12.04,0
ORD-27458,02/09/2025 08:51,02043,02200,ROUTINE,Quest Diagnostics,D007,2025-02-09 09:35:00,2025-02-09 10:09:00,2025-02-09 11:23:00,2025-02-09 14:37:00,N,"wrong address on manifest, corrected enroute",16,25.13,0
ORD-27459,2025/03/07 07:00,02171,02050,ROUTINE,Northeast Labs,D025,2025-03-07 07:23:00,2025-03-07 07:51:00,2025-03-07 08:09:00,2025-03-07 11:49:00,Y,"client called to confirm - specimen critical, needs STAT upgrade",160,24.64,0
ORD-27460,2025/01/29 07:50,01864,02143,STAT,MGH,D008,2025-01-29 08:13:00,2025-01-29 08:52:00,2025-01-29 10:28:00,2025-01-29 08:42:00,Y,driver reports ice on roads in reading area,32,37.2,0
ORD-27461,2025-01-13 13:11:00,02180,02061,Same-Day,Providence Health,D013,2025-01-13 13:29:00,2025-01-13 13:54:00,2025-01-13 14:37:00,2025-01-13 16:58:00,Y,,402,13.47,0
ORD-27462,02/12/2025 10:24,02190,02059,ROUTINE,Brigham & Women's,D024,2025-02-12 10:30:00,2025-02-12 11:06:00,,2025-02-12 13:43:00,Y,"wrong address on manifest, corrected enroute",45,33.92,0
ORD-27463,03/05/2025 18:42,02104,02155,routine,Brigham and Womens,D028,2025-03-05 19:08:00,2025-03-05 19:41:00,2025-03-05 21:25:00,2025-03-05 22:14:00,Y,,8,29.94,0
ORD-27464,2025-02-06 15:26:00,01886,02180,Stat,Lowell General,D039,2025-02-06 16:01:00,2025-02-06 16:22:00,2025-02-06 17:56:00,2025-02-06 16:15:00,N,lab closed early today per client,18,37.4,0
ORD-27465,03/24/2025 08:11,02149,02180,STAT,BioReference Labs,D028,2025-03-24 08:55:00,2025-03-24 09:36:00,2025-03-24 09:51:00,2025-03-24 09:07:00,Y,,37,28.34,0
ORD-27466,02-13-25 05:15 PM,02043,02106,rush,MGH,D033,2025-02-13 17:38:00,2025-02-13 18:11:00,2025-02-13 18:28:00,2025-02-13 18:23:00,Y,specimen temp excursion possible - driver reports cooler malfunction,27,15.06,0
ORD-27467,02/05/2025 10:22,01841,02170,ROUTINE,Lowell General,D028,2025-02-05 10:31:00,2025-02-05 11:20:00,2025-02-05 11:47:00,2025-02-05 15:53:00,Y,"wrong zip code on order, corrected",33,12.49,0
ORD-27468,2025-01-02 08:20:00,02072,02144,stat,St. Elizabeth's Medical,D018,2025-01-02 08:31:00,2025-01-02 08:42:00,2025-01-02 10:07:00,2025-01-02 08:50:00,N,"driver vehicle breakdown, transfer to DD014 in progress",11,35.79,1
ORD-27469,,02188,02150,ROUTINE,Providence Health,UNASSIGNED,2025-03-03 12:20:00,2025-03-03 13:18:00,2025-03-03 14:03:00,2025-03-03 17:56:00,Y,"driver vehicle breakdown, transfer to DD040 in progress",15,9.26,0
ORD-27470,02-13-25 02:49 PM,02148,02151,SAME-DAY,Cape Cod Hospital,D010,2025-02-13 15:24:00,2025-02-13 16:12:00,2025-02-13 17:05:00,2025-02-13 17:33:00,Y,driver reports ice on roads in reading area,39,32.45,0
ORD-27471,2025-01-31 12:38:00,02052,02130,STAT,Providence Health,D006,2025-01-31 13:15:00,2025-01-31 13:57:00,2025-01-31 15:16:00,2025-01-31 13:22:00,Y,"driver vehicle breakdown, transfer to DD034 in progress",5,23.46,0
ORD-27472,2025/03/04 07:55,02038,02026,rush,Brigham and Womens,UNASSIGNED,2025-03-04 08:02:00,2025-03-04 08:50:00,2025-03-04 10:16:00,2025-03-04 09:35:00,Y,,38,29.82,0
ORD-27473,2025/03/24 14:01,02155,02142,RUSH,Children's Hospital,D021,2025-03-24 14:28:00,,2025-03-24 16:43:00,2025-03-24 15:11:00,Y,"driver ran out of dry ice, needs resupply",45,16.45,0
ORD-27474,02-28-25 04:03 PM,02125,02105,ROUTINE,Northeast Laboratory,D009,2025-02-28 16:08:00,2025-02-28 16:43:00,2025-02-28 17:30:00,2025-02-28 19:15:00,Y,lab closed early today per client,18,25.7,0
ORD-27475,2025-02-04 18:16:00,02116,02128,ROUTINE,Northeast Laboratory,D041,2025-02-04 18:35:00,2025-02-04 19:34:00,2025-02-04 21:34:00,2025-02-04 22:16:00,Y,delayed at security checkpoint - id verification required,35,22.64,0
ORD-27476,03/22/2025 15:00,02001,02108,Routine,Labcorp Inc,D012,2025-03-22 15:42:00,,2025-03-22 18:15:00,2025-03-22 20:41:00,Y,package refused by receiving staff - no signature authority,32,25.89,0
ORD-27477,02/21/2025 10:26,01843,02104,ROUTINE,Providence Health,D012,2025-02-21 10:57:00,2025-02-21 11:33:00,2025-02-21 12:31:00,2025-02-21 13:32:00,Y,recipient not available at delivery location,122,7.02,0
ORD-27478,2025-02-20 05:55:00,01886,02113,RUSH,Providence Health,D004,2025-02-20 06:29:00,2025-02-20 06:43:00,2025-02-20 07:35:00,2025-02-20 07:19:00,Y,driver cannot locate parking at hospital,18,22.92,0
ORD-27479,2025-01-05 16:09:00,02140,02134,STAT,Tufts Medical,D009,2025-01-05 16:31:00,2025-01-05 17:28:00,2025-01-05 18:31:00,2025-01-05 16:42:00,N,specimen temp excursion possible - driver reports cooler malfunction,30,19.72,0
ORD-27480,2025-03-05 18:33:00,02134,02125,STAT,Boston Medical Center,D003,2025-03-05 18:39:00,2025-03-05 18:59:00,,2025-03-05 19:24:00,Y,"client called to confirm - specimen critical, needs STAT upgrade",39,28.83,0
ORD-27481,03-26-25 06:03 AM,02163,02169,RUSH,Emerson Hospital,D028,2025-03-26 06:27:00,2025-03-26 07:17:00,2025-03-26 08:41:00,2025-03-26 07:31:00,Y,,19,12.03,0
ORD-27482,03/23/2025 11:46,02130,02067,Routine,MGH,D039,2025-03-23 11:54:00,2025-03-23 12:41:00,2025-03-23 12:58:00,2025-03-23 17:15:00,Y,traffic accident on route 1 delay,35,22.59,0
ORD-27483,02-22-25 09:13 AM,02122,02101,RUSH,Brigham and Womens,D014,2025-02-22 09:17:00,2025-02-22 10:06:00,2025-02-22 10:54:00,2025-02-22 11:03:00,Y,specimen temp excursion possible - driver reports cooler malfunction,321,36.42,0
ORD-27484,2025-03-02 09:16:00,02021,02056,Routine,Children's Hospital,D006,2025-03-02 09:46:00,2025-03-02 10:29:00,2025-03-02 11:10:00,2025-03-02 14:16:00,Y,package refused by receiving staff - no signature authority,45,10.95,0
ORD-27485,2025-02-15 11:05:00,01886,02163,Same-Day,Lowell General,D002,2025-02-15 11:42:00,2025-02-15 11:55:00,2025-02-15 13:48:00,2025-02-15 13:38:00,Y,,45,4.94,0
ORD-27486,2025/03/31 11:27,01850,02115,STAT,LabCorp,D020,2025-03-31 11:49:00,,2025-03-31 13:57:00,2025-03-31 12:18:00,Y,driver reports ice on roads in reading area,35,7.85,0
ORD-27487,2025-02-27 06:25:00,01801,02200,ROUTINE,Boston Medical Center,D030,2025-02-27 06:54:00,2025-02-27 07:18:00,2025-02-27 08:27:00,2025-02-27 10:50:00,N,GPS routing error sent driver to wrong building,35,26.39,1
ORD-27488,2025/01/03 10:00,02122,02171,ROUTINE,Children's Hospital,D020,2025-01-03 10:09:00,2025-01-03 10:49:00,2025-01-03 11:41:00,2025-01-03 15:35:00,Y,GPS routing error sent driver to wrong building,40,10.91,0
ORD-27489,03/02/2025 09:11,02056,02186,rush,Labcorp Inc,D037,2025-03-02 09:54:00,2025-03-02 10:35:00,2025-03-02 12:18:00,2025-03-02 10:25:00,Y,delayed at security checkpoint - id verification required,28,25.49,0
ORD-27490,02/20/2025 03:46,02141,02045,Stat,Tufts Medical,D002,2025-02-20 03:55:00,2025-02-20 04:48:00,2025-02-20 05:36:00,2025-02-20 04:27:00,Y,specimen temp excursion possible - driver reports cooler malfunction,33,31.66,0
ORD-27491,02/15/2025 13:49,02133,02156,Routine,Emerson Hospital,D010,2025-02-15 14:06:00,2025-02-15 14:57:00,2025-02-15 15:19:00,2025-02-15 17:27:00,Y,delayed at security checkpoint - id verification required,31,7.56,0
ORD-27492,2025/03/24 20:38,02062,02052,ROUTINE,Mass General Hospital,D033,2025-03-24 20:59:00,2025-03-24 21:34:00,2025-03-24 22:00:00,2025-03-25 02:32:00,Y,"driver called in sick mid-route, reassigning trips",6,22.84,0
ORD-27493,03-08-25 05:46 AM,02104,02169,STAT,Brigham and Womens,UNASSIGNED,2025-03-08 06:25:00,2025-03-08 06:38:00,2025-03-08 08:01:00,2025-03-08 06:32:00,N,,17,23.51,0
ORD-27494,02-12-25 10:03 AM,02198,02194,ROUTINE,St. Elizabeth's Medical,D016,2025-02-12 10:24:00,2025-02-12 10:43:00,2025-02-12 12:00:00,2025-02-12 13:27:00,Y,driver reports ice on roads in reading area,29,31.32,0
ORD-27495,,02104,02141,ROUTINE,Boston Med Ctr,D013,2025-03-05 15:26:00,2025-03-05 16:09:00,2025-03-05 17:14:00,2025-03-05 20:18:00,N,pickup completed but paperwork missing from package,45,32.93,1
ORD-27496,2025-03-29 07:45:00,02126,02144,RUSH,Tufts Med Center,D025,2025-03-29 07:56:00,2025-03-29 08:36:00,2025-03-29 09:47:00,2025-03-29 09:40:00,Y,"pickup not ready, driver waiting 15+ min",38,26.96,0
ORD-27497,2025/03/14 18:25,02030,02139,STAT,Boston Medical Center,D017,2025-03-14 18:44:00,2025-03-14 19:21:00,2025-03-14 20:35:00,2025-03-14 19:19:00,N,redelivery needed: building locked,44,31.24,0
ORD-27498,01/16/2025 10:11,02071,02110,rush,Mass General Hospital,D010,2025-01-16 10:54:00,2025-01-16 11:23:00,2025-01-16 12:48:00,2025-01-16 11:12:00,Y,,131,16.37,0
ORD-27499,02-27-25 08:21 AM,01832,02190,Rush,Quest Diagnostics,D034,2025-02-27 08:43:00,2025-02-27 09:07:00,2025-02-27 09:36:00,2025-02-27 09:32:00,Y,specimen temp excursion possible - driver reports cooler malfunction,36,12.37,0
ORD-27500,02/15/2025 13:34,02196,02119,SAME-DAY,LabCorp,D035,2025-02-15 14:11:00,2025-02-15 14:45:00,2025-02-15 15:15:00,2025-02-15 17:26:00,Y,specimen labeled incorrectly by client,24,18.7,0
ORD-27501,2025/02/16 09:06,01852,02115,ROUTINE,Providence Health,D003,2025-02-16 09:50:00,2025-02-16 10:18:00,2025-02-16 10:45:00,2025-02-16 13:02:00,Y,"driver called in sick mid-route, reassigning trips",10,32.25,0
ORD-27502,2025/03/07 16:15,02056,02194,Stat,BioReference Labs,D001,2025-03-07 16:24:00,2025-03-07 17:03:00,2025-03-07 17:35:00,2025-03-07 16:59:00,Y,"elevator down at 15 Elm St, driver using stairs",11,17.4,0
ORD-27503,2025/03/07 23:12,02132,02101,routine,Boston Medical Center,D019,2025-03-07 23:32:00,2025-03-08 00:18:00,2025-03-08 01:35:00,2025-03-08 04:26:00,N,traffic accident on route 1 delay,6,37.02,0
ORD-27504,2025-03-19 15:10:00,01832,02170,Stat,Boston Medical Center,D025,2025-03-19 15:33:00,2025-03-19 16:30:00,2025-03-19 17:56:00,2025-03-19 15:58:00,Y,GPS routing error sent driver to wrong building,21,32.02,0
ORD-27505,2025/03/24 09:28,02121,02102,SAME-DAY,Mass General Hospital,D025,2025-03-24 09:51:00,2025-03-24 10:12:00,,2025-03-24 11:29:00,Y,called client re specimen integrity - awaiting callback,42,26.92,0
ORD-27506,2025-01-17 17:49:00,01803,02101,ROUTINE,Northeast Labs,UNASSIGNED,2025-01-17 18:04:00,2025-01-17 18:48:00,2025-01-17 20:01:00,2025-01-17 23:03:00,Y,"wrong zip code on order, corrected",15,26.46,0
ORD-27507,03-23-25 07:58 AM,02019,02102,rush,Northeast Laboratory,D035,2025-03-23 08:05:00,2025-03-23 08:42:00,2025-03-23 10:34:00,2025-03-23 09:08:00,Y,"elevator down at 15 Elm St, driver using stairs",42,36.15,0
ORD-27508,02/21/2025 07:23,02062,02054,STAT,Providence Health,D004,2025-02-21 07:54:00,2025-02-21 08:53:00,2025-02-21 09:08:00,2025-02-21 08:16:00,N,"driver called in sick mid-route, reassigning trips",15,27.77,0
ORD-27509,01/21/2025 13:26,02122,02072,routine,Quest Diagnostics,D025,2025-01-21 13:41:00,2025-01-21 14:28:00,2025-01-21 15:54:00,2025-01-21 18:44:00,Y,"wrong zip code on order, corrected",22,16.26,0
ORD-27510,01-13-25 04:09 AM,02153,02133,SAME-DAY,LabCorp,D034,2025-01-13 04:44:00,2025-01-13 05:23:00,2025-01-13 06:22:00,2025-01-13 07:14:00,Y,driver cannot locate parking at hospital,30,26.2,0
ORD-27511,03/20/2025 06:27,02131,02104,RUSH,BioReference Labs,D014,2025-03-20 06:31:00,2025-03-20 07:21:00,2025-03-20 09:05:00,2025-03-20 07:44:00,Y,"client called to confirm - specimen critical, needs STAT upgrade",8,33.82,0
ORD-27512,2025-03-21 09:27:00,02059,02035,ROUTINE,Emerson Hospital,D030,2025-03-21 10:08:00,2025-03-21 10:50:00,2025-03-21 12:44:00,2025-03-21 12:51:00,Y,,21,7.21,0
ORD-27513,2025/01/11 12:39,02113,02035,STAT,MGH,D034,2025-01-11 13:01:00,2025-01-11 13:58:00,2025-01-11 15:21:00,2025-01-11 13:10:00,Y,delayed at security checkpoint - id verification required,16,23.01,0
ORD-27514,03-09-25 09:22 PM,02186,02103,same-day,Tufts Medical,D002,2025-03-09 21:28:00,2025-03-09 22:18:00,2025-03-09 23:44:00,2025-03-10 01:04:00,N,delayed at security checkpoint - id verification required,36,11.55,0
ORD-27515,03/28/2025 23:28,01867,02047,SAME-DAY,Boston Med Ctr,D024,2025-03-29 00:11:00,,2025-03-29 02:01:00,2025-03-29 02:02:00,Y,"client called to confirm - specimen critical, needs STAT upgrade",293,27.77,0
ORD-27516,03/14/2025 06:49,02188,02122,RUSH,Brigham & Women's,D019,2025-03-14 07:22:00,,2025-03-14 09:15:00,2025-03-14 08:11:00,N,"elevator down at 15 Elm St, driver using stairs",7,26.3,0
ORD-27517,2025-02-10 14:49:00,02134,02153,routine,Tufts Medical,D011,2025-02-10 15:10:00,2025-02-10 15:50:00,2025-02-10 17:13:00,2025-02-10 18:51:00,Y,specimen temp excursion possible - driver reports cooler malfunction,39,19.22,0
ORD-27518,2025/03/28 12:01,01852,02050,STAT,South Shore Hospital,D027,2025-03-28 12:19:00,2025-03-28 13:10:00,2025-03-28 13:59:00,2025-03-28 12:52:00,N,"driver stuck in traffic on 93, running ~20 min late",21,9.01,0
ORD-27519,01-22-25 07:20 AM,02127,02189,SAME-DAY,Childrens Hospital,D028,2025-01-22 07:58:00,2025-01-22 08:49:00,2025-01-22 10:43:00,2025-01-22 11:08:00,Y,called client re specimen integrity - awaiting callback,33,16.47,0
ORD-27520,2025-01-19 09:26:00,02199,02163,SAME-DAY,LabCorp,UNASSIGNED,2025-01-19 09:56:00,2025-01-19 10:30:00,2025-01-19 12:22:00,2025-01-19 12:27:00,Y,"driver called in sick mid-route, reassigning trips",30,37.1,0
ORD-27521,03/03/2025 06:02,01886,02150,RUSH,Labcorp Inc,D022,2025-03-03 06:20:00,2025-03-03 06:48:00,2025-03-03 07:33:00,2025-03-03 07:10:00,Y,"wrong zip code on order, corrected",45,14.09,0
ORD-27522,03/01/2025 00:52,02145,02144,RUSH,Quest Diag,D025,2025-03-01 01:08:00,2025-03-01 01:30:00,2025-03-01 03:22:00,2025-03-01 02:50:00,Y,recipient not available at delivery location,9,24.28,0
ORD-27523,2025-03-25 06:34:00,02188,02153,ROUTINE,LabCorp,D018,2025-03-25 06:47:00,2025-03-25 07:33:00,2025-03-25 08:10:00,2025-03-25 10:22:00,Y,,14,25.14,0
ORD-27524,2025-03-21 11:56:00,01851,02111,ROUTINE,Boston Medical Center,D025,2025-03-21 12:27:00,2025-03-21 13:27:00,2025-03-21 15:11:00,2025-03-21 15:45:00,Y,,21,37.07,0
ORD-27525,03/18/2025 11:38,01852,02138,stat,Children's Hospital,D018,2025-03-18 12:11:00,2025-03-18 12:59:00,2025-03-18 13:46:00,2025-03-18 12:32:00,Y,"elevator down at 15 Elm St, driver using stairs",38,11.61,0
ORD-27526,2025-03-07 10:25:00,01851,02054,SAME-DAY,Lowell General,D030,2025-03-07 10:52:00,2025-03-07 11:48:00,2025-03-07 12:42:00,2025-03-07 13:34:00,Y,"wrong address on manifest, corrected enroute",44,15.16,0
ORD-27527,2025/01/10 18:28,02152,02105,ROUTINE,Northeast Labs,D013,2025-01-10 19:13:00,2025-01-10 19:31:00,,2025-01-10 22:49:00,Y,"client changed pickup time, driver redirected",24,34.87,0
ORD-27528,2025/03/11 15:19,02134,02155,ROUTINE,Childrens Hospital,D021,2025-03-11 15:45:00,2025-03-11 16:01:00,2025-03-11 17:28:00,2025-03-11 18:42:00,Y,"client changed pickup time, driver redirected",38,33.54,0
ORD-27529,01-15-25 03:44 PM,02062,02019,SAME-DAY,Boston Medical Center,D016,2025-01-15 16:03:00,2025-01-15 16:50:00,2025-01-15 17:46:00,2025-01-15 19:27:00,Y,specimen container damaged on pickup,8,10.57,0
ORD-27530,02/15/2025 09:31,01854,02072,Rush,Brigham & Women's,D030,2025-02-15 09:51:00,2025-02-15 10:14:00,2025-02-15 12:07:00,2025-02-15 10:49:00,Y,specimen container damaged on pickup,31,21.11,0
ORD-27531,2025-01-09 07:06:00,02136,02105,STAT,Cape Cod Hospital,D025,2025-01-09 07:09:00,2025-01-09 07:59:00,2025-01-09 09:53:00,2025-01-09 08:02:00,Y,traffic accident on route 1 delay,18,18.41,0
ORD-27532,01-25-25 01:56 PM,02025,02135,Routine,Labcorp Inc,D026,2025-01-25 14:39:00,2025-01-25 15:26:00,2025-01-25 16:03:00,2025-01-25 19:02:00,N,"driver vehicle breakdown, transfer to DD022 in progress",14,28.66,0
ORD-27533,02/05/2025 14:46,02062,02114,ROUTINE,Emerson Hospital,D025,2025-02-05 15:21:00,2025-02-05 15:33:00,2025-02-05 16:34:00,2025-02-05 20:34:00,Y,called client re specimen integrity - awaiting callback,15,25.72,0
ORD-27534,01/20/2025 16:15,02139,02188,STAT,Brigham & Women's,D021,2025-01-20 16:41:00,,2025-01-20 19:03:00,2025-01-20 16:47:00,Y,specimen labeled incorrectly by client,256,16.75,0
ORD-27535,2025-03-10 18:08:00,02187,02038,STAT,MGH,D032,2025-03-10 18:13:00,2025-03-10 18:46:00,2025-03-10 20:37:00,2025-03-10 18:59:00,N,"pickup not ready, driver waiting 15+ min",28,17.96,0
ORD-27536,03-18-25 12:33 PM,02126,02138,SAME-DAY,St. Elizabeth's Medical,D029,2025-03-18 12:55:00,2025-03-18 13:55:00,2025-03-18 15:17:00,2025-03-18 14:38:00,Y,"elevator down at 15 Elm St, driver using stairs",28,36.63,0
ORD-27537,2025-01-27 18:00:00,02152,02119,Rush,Labcorp Inc,UNASSIGNED,2025-01-27 18:21:00,2025-01-27 18:50:00,2025-01-27 19:06:00,2025-01-27 19:23:00,N,driver reports ice on roads in reading area,331,27.26,0
ORD-27538,2025-02-12 11:48:00,02153,02105,ROUTINE,Quest Diag,D026,2025-02-12 12:28:00,2025-02-12 13:28:00,2025-02-12 14:46:00,2025-02-12 15:29:00,Y,lab closed early today per client,16,12.55,0
ORD-27539,01/09/2025 10:44,01854,02105,routine,Providence Health,D007,2025-01-09 11:02:00,2025-01-09 12:00:00,2025-01-09 13:03:00,2025-01-09 16:35:00,Y,"wrong address on manifest, corrected enroute",24,9.42,0
ORD-27540,2025-01-08 21:09:00,01854,02120,routine,Brigham and Womens,D027,2025-01-08 21:19:00,2025-01-08 21:29:00,2025-01-08 22:18:00,2025-01-09 01:22:00,Y,lab closed early today per client,13,29.23,0
ORD-27541,,02032,02053,STAT,South Shore Hospital,D002,2025-01-21 07:24:00,2025-01-21 07:42:00,2025-01-21 08:21:00,2025-01-21 07:50:00,Y,"driver called in sick mid-route, reassigning trips",15,12.4,0
ORD-27542,2025-01-09 13:53:00,01852,02059,SAME-DAY,Quest Diag,D011,2025-01-09 14:34:00,,2025-01-09 16:04:00,2025-01-09 16:45:00,Y,driver cannot locate parking at hospital,38,29.13,0
ORD-27543,02-19-25 08:57 AM,02155,02025,SAME-DAY,Childrens Hospital,D024,2025-02-19 09:13:00,2025-02-19 09:27:00,,2025-02-19 11:21:00,N,driver reports ice on roads in reading area,7,17.64,0
ORD-27544,2025-02-01 09:08:00,02019,02118,Routine,Quest Diag,D011,2025-02-01 09:37:00,2025-02-01 10:18:00,2025-02-01 10:41:00,2025-02-01 12:58:00,Y,delayed at security checkpoint - id verification required,14,31.69,0
ORD-27545,03-28-25 12:30 PM,02189,02186,stat,Cape Cod Hospital,D020,2025-03-28 12:45:00,,2025-03-28 14:23:00,2025-03-28 13:19:00,N,"driver vehicle breakdown, transfer to DD011 in progress",38,11.09,0
ORD-27546,01/12/2025 07:59,02150,02124,stat,St. Elizabeth's Medical,D025,2025-01-12 08:11:00,,2025-01-12 10:21:00,2025-01-12 08:51:00,Y,,7,27.53,0
ORD-27547,02/06/2025 09:10,02197,02124,stat,Boston Med Ctr,D024,2025-02-06 09:37:00,,2025-02-06 11:41:00,2025-02-06 10:00:00,Y,delayed at security checkpoint - id verification required,19,27.86,0
ORD-27548,2025/02/15 03:26,02144,02030,ROUTINE,Brigham and Womens,D030,2025-02-15 03:46:00,2025-02-15 04:18:00,2025-02-15 04:47:00,2025-02-15 08:47:00,Y,pickup completed but paperwork missing from package,19,22.0,0
ORD-27549,2025-03-08 13:37:00,02134,02111,Routine,St. Elizabeth's Medical,UNASSIGNED,2025-03-08 13:55:00,2025-03-08 14:07:00,2025-03-08 15:59:00,2025-03-08 18:04:00,Y,called client re specimen integrity - awaiting callback,41,21.54,0
ORD-27550,2025-01-25 09:58:00,02030,02127,Routine,Lowell General,D001,2025-01-25 10:31:00,2025-01-25 11:16:00,2025-01-25 11:31:00,2025-01-25 15:20:00,Y,,24,14.48,0
ORD-27551,03-30-25 11:29 AM,02155,02151,STAT,St. Elizabeth's Medical,D036,2025-03-30 11:47:00,2025-03-30 12:20:00,2025-03-30 14:09:00,2025-03-30 12:10:00,N,"wrong zip code on order, corrected",29,26.76,1
ORD-27552,03/27/2025 00:11,01863,02050,ROUTINE,Emerson Hospital,D017,2025-03-27 00:54:00,,2025-03-27 02:22:00,2025-03-27 04:45:00,N,GPS routing error sent driver to wrong building,16,37.28,1
ORD-27553,2025/03/27 10:26,02118,02104,Routine,Providence Health,D004,2025-03-27 10:49:00,2025-03-27 11:24:00,,2025-03-27 14:17:00,Y,driver cannot locate parking at hospital,15,32.72,0
ORD-27554,02/12/2025 15:45,02107,02145,RUSH,Cape Cod Hospital,D009,2025-02-12 16:14:00,2025-02-12 16:28:00,2025-02-12 18:04:00,2025-02-12 17:40:00,N,"driver called in sick mid-route, reassigning trips",18,16.07,0
ORD-27555,02/05/2025 07:07,01843,02149,ROUTINE,Children's Hospital,D002,2025-02-05 07:49:00,2025-02-05 08:22:00,2025-02-05 10:11:00,2025-02-05 10:26:00,Y,"driver vehicle breakdown, transfer to DD011 in progress",28,33.31,0
ORD-27556,02/22/2025 08:28,02125,02187,STAT,Childrens Hospital,D025,2025-02-22 08:49:00,2025-02-22 09:09:00,2025-02-22 10:00:00,2025-02-22 09:25:00,Y,driver reports ice on roads in reading area,6,7.16,0
ORD-27557,01/07/2025 15:46,01864,02142,same-day,Quest Diagnostics,D001,2025-01-07 16:12:00,2025-01-07 17:00:00,2025-01-07 18:05:00,2025-01-07 17:59:00,N,specimen container damaged on pickup,35,24.14,1
ORD-27558,2025/02/06 08:04,02140,02060,STAT,Brigham & Women's,D005,2025-02-06 08:25:00,2025-02-06 08:46:00,2025-02-06 10:13:00,2025-02-06 08:53:00,N,"elevator down at 15 Elm St, driver using stairs",31,34.25,1
ORD-27559,01-11-25 04:02 AM,02048,02052,Same-Day,NE Labs,UNASSIGNED,2025-01-11 04:27:00,,2025-01-11 06:29:00,2025-01-11 07:35:00,Y,driver reports ice on roads in reading area,40,17.47,0
ORD-27560,2025/01/03 15:28,02066,02043,STAT,Boston Medical Center,D015,2025-01-03 15:53:00,2025-01-03 16:24:00,2025-01-03 16:48:00,2025-01-03 16:01:00,Y,package refused by receiving staff - no signature authority,34,27.46,0
ORD-27561,2025-01-10 09:14:00,01860,02115,Same-Day,Boston Medical Center,D028,2025-01-10 09:28:00,2025-01-10 10:08:00,2025-01-10 11:55:00,2025-01-10 12:50:00,Y,traffic accident on route 1 delay,21,17.66,0
ORD-27562,,02043,02054,SAME-DAY,Brigham & Women's,D023,2025-03-25 17:36:00,,2025-03-25 19:00:00,2025-03-25 21:14:00,N,package refused by receiving staff - no signature authority,5,15.28,1
ORD-27563,2025/03/25 22:20,02153,02126,RUSH,Northeast Labs,D028,2025-03-25 22:25:00,2025-03-25 23:14:00,2025-03-26 01:03:00,2025-03-25 23:40:00,Y,specimen labeled incorrectly by client,20,7.82,0
ORD-27564,01-03-25 07:37 PM,02133,02001,Stat,NE Labs,D038,2025-01-03 19:46:00,2025-01-03 20:41:00,2025-01-03 22:34:00,2025-01-03 20:07:00,Y,"client called to confirm - specimen critical, needs STAT upgrade",37,32.46,0
ORD-27565,03/22/2025 10:45,02171,02021,STAT,South Shore Hospital,D012,2025-03-22 11:21:00,2025-03-22 11:59:00,2025-03-22 13:20:00,2025-03-22 11:17:00,Y,delayed at security checkpoint - id verification required,21,31.32,0
ORD-27566,02-04-25 01:19 PM,02184,02106,STAT,Children's Hospital,D012,2025-02-04 13:52:00,2025-02-04 14:36:00,2025-02-04 15:22:00,2025-02-04 14:08:00,Y,,32,22.88,0
ORD-27567,2025/01/12 03:04,01880,02200,ROUTINE,Boston Med Ctr,D030,2025-01-12 03:16:00,2025-01-12 03:43:00,2025-01-12 05:42:00,2025-01-12 08:10:00,Y,"client called to confirm - specimen critical, needs STAT upgrade",38,17.41,0
ORD-27568,2025-03-01 11:00:00,02119,02053,SAME-DAY,MGH,D033,2025-03-01 11:42:00,2025-03-01 12:06:00,2025-03-01 14:02:00,2025-03-01 14:28:00,Y,specimen labeled incorrectly by client,17,7.75,0
ORD-27569,02/16/2025 10:11,02001,02048,Stat,Children's Hospital,D025,2025-02-16 10:55:00,,2025-02-16 11:41:00,2025-02-16 11:10:00,N,,25,27.25,0
ORD-27570,2025-02-22 04:43:00,02189,02176,Same-Day,Children's Hospital,D006,2025-02-22 04:47:00,,2025-02-22 06:39:00,2025-02-22 06:46:00,Y,"driver vehicle breakdown, transfer to DD031 in progress",30,11.75,0
ORD-27571,2025-02-23 02:33:00,02192,02130,stat,Providence Health,D023,2025-02-23 02:38:00,2025-02-23 03:13:00,2025-02-23 04:18:00,2025-02-23 03:18:00,Y,,26,22.13,0
ORD-27572,2025/01/05 13:21,01840,02050,ROUTINE,BioReference Labs,D027,2025-01-05 14:04:00,2025-01-05 14:25:00,2025-01-05 15:59:00,2025-01-05 18:52:00,Y,,7,37.2,0
ORD-27573,02/18/2025 18:59,02176,02110,ROUTINE,Cape Cod Hospital,D005,2025-02-18 19:10:00,2025-02-18 19:33:00,2025-02-18 20:21:00,2025-02-18 23:34:00,N,"driver vehicle breakdown, transfer to DD039 in progress",45,24.08,0
ORD-27574,02/27/2025 10:37,02135,02192,STAT,Quest Diagnostics,D035,2025-02-27 10:53:00,2025-02-27 11:34:00,2025-02-27 12:41:00,2025-02-27 11:14:00,N,"wrong address on manifest, corrected enroute",33,23.38,0
ORD-27575,2025-01-13 21:49:00,02108,02149,RUSH,South Shore Hospital,D003,2025-01-13 22:09:00,2025-01-13 22:50:00,2025-01-13 23:29:00,2025-01-13 23:36:00,Y,"pickup not ready, driver waiting 15+ min",33,35.98,0
ORD-27576,01/18/2025 18:39,02149,02196,Stat,BioReference Labs,D013,2025-01-18 19:19:00,2025-01-18 19:42:00,2025-01-18 20:04:00,2025-01-18 19:22:00,Y,called client re specimen integrity - awaiting callback,30,16.8,0
ORD-27577,2025/01/28 15:20,02192,02145,Stat,Lowell General,D032,2025-01-28 15:41:00,2025-01-28 16:29:00,2025-01-28 17:09:00,2025-01-28 16:06:00,N,specimen temp excursion possible - driver reports cooler malfunction,34,30.05,0
ORD-27578,2025/01/28 11:05,01860,02101,Stat,Boston Med Ctr,D001,2025-01-28 11:40:00,2025-01-28 12:05:00,2025-01-28 12:39:00,2025-01-28 11:59:00,Y,"client called to confirm - specimen critical, needs STAT upgrade",357,16.14,0
ORD-27579,2025-03-09 12:50:00,02192,02170,Rush,Providence Health,UNASSIGNED,2025-03-09 13:18:00,2025-03-09 13:47:00,2025-03-09 14:35:00,2025-03-09 14:07:00,Y,delayed at security checkpoint - id verification required,23,28.15,0
ORD-27580,2025/02/22 14:27,01867,02119,ROUTINE,Childrens Hospital,D029,2025-02-22 14:38:00,,2025-02-22 16:04:00,2025-02-22 20:12:00,Y,specimen temp excursion possible - driver reports cooler malfunction,15,5.15,0
ORD-27581,2025/01/25 11:19,02104,02152,Routine,Providence Health,D006,2025-01-25 11:55:00,2025-01-25 12:25:00,2025-01-25 13:55:00,2025-01-25 16:01:00,Y,,44,11.78,0
ORD-27582,2025/01/26 14:28,02066,02128,SAME-DAY,NE Labs,D012,2025-01-26 14:45:00,2025-01-26 15:13:00,2025-01-26 16:37:00,2025-01-26 18:08:00,Y,lab closed early today per client,21,28.49,0
ORD-27583,2025-01-30 14:49:00,02032,02156,Routine,Emerson Hospital,UNASSIGNED,2025-01-30 14:55:00,2025-01-30 15:26:00,2025-01-30 16:46:00,2025-01-30 19:48:00,Y,driver reports ice on roads in reading area,30,8.01,0
ORD-27584,01-29-25 01:11 PM,01810,02102,STAT,Providence Health,D032,2025-01-29 13:48:00,2025-01-29 14:19:00,2025-01-29 16:15:00,2025-01-29 13:53:00,Y,"driver called in sick mid-route, reassigning trips",10,30.95,0
ORD-27585,2025-01-22 06:52:00,02103,02062,STAT,Tufts Med Center,D027,2025-01-22 06:57:00,2025-01-22 07:08:00,2025-01-22 07:34:00,2025-01-22 07:49:00,Y,,44,27.2,0
ORD-27586,2025/02/10 06:23,02067,02198,STAT,Providence Health,D022,2025-02-10 06:42:00,2025-02-10 07:32:00,2025-02-10 09:16:00,2025-02-10 07:02:00,Y,"wrong zip code on order, corrected",239,34.02,0
ORD-27587,2025/03/13 10:33,02021,02066,Stat,Labcorp Inc,D002,2025-03-13 11:09:00,2025-03-13 11:35:00,2025-03-13 12:05:00,2025-03-13 11:04:00,N,"elevator down at 15 Elm St, driver using stairs",30,37.61,1
ORD-27588,2025/03/14 14:14,02062,02047,SAME-DAY,Northeast Labs,D030,2025-03-14 14:55:00,2025-03-14 15:11:00,2025-03-14 17:08:00,2025-03-14 17:44:00,Y,"client changed pickup time, driver redirected",38,5.27,0
ORD-27589,02-16-25 05:45 AM,02176,02132,SAME-DAY,Mass General Hospital,D018,2025-02-16 06:08:00,2025-02-16 06:29:00,2025-02-16 06:53:00,2025-02-16 09:07:00,Y,called client re specimen integrity - awaiting callback,22,21.52,0
ORD-27590,2025-01-27 15:35:00,02053,02045,ROUTINE,South Shore Hospital,D023,2025-01-27 15:39:00,2025-01-27 16:08:00,2025-01-27 17:21:00,2025-01-27 18:46:00,Y,"client called to confirm - specimen critical, needs STAT upgrade",27,6.5,0
ORD-27591,2025-01-09 10:27:00,02189,02149,RUSH,Northeast Laboratory,D013,2025-01-09 10:50:00,2025-01-09 11:50:00,2025-01-09 13:06:00,2025-01-09 12:24:00,Y,"elevator down at 15 Elm St, driver using stairs",8,17.65,0
ORD-27592,02/28/2025 08:24,02001,02136,ROUTINE,NE Labs,D006,2025-02-28 08:54:00,2025-02-28 09:18:00,2025-02-28 11:07:00,2025-02-28 13:10:00,Y,"wrong zip code on order, corrected",22,30.27,0
ORD-27593,03/31/2025 07:44,02035,02176,RUSH,Quest Diag,D034,2025-03-31 07:57:00,2025-03-31 08:35:00,2025-03-31 10:19:00,2025-03-31 09:14:00,Y,dispatcher note: double-check temp on this one before logging,29,33.66,0
ORD-27594,02-21-25 03:31 AM,02163,02113,ROUTINE,Quest Diagnostics,UNASSIGNED,2025-02-21 03:37:00,2025-02-21 04:33:00,2025-02-21 04:55:00,2025-02-21 09:24:00,Y,traffic accident on route 1 delay,26,26.43,0
ORD-27595,2025-02-25 16:28:00,02135,02199,ROUTINE,Tufts Medical,D017,2025-02-25 16:31:00,2025-02-25 16:55:00,2025-02-25 17:27:00,2025-02-25 19:59:00,Y,recipient not available at delivery location,17,26.57,0
ORD-27596,2025-01-02 15:34:00,01879,02176,routine,Emerson Hospital,D022,2025-01-02 15:48:00,2025-01-02 16:12:00,2025-01-02 17:39:00,2025-01-02 20:06:00,Y,driver reports ice on roads in reading area,28,15.93,0
ORD-27597,02/04/2025 01:49,02136,02193,Routine,Providence Health,D029,2025-02-04 02:15:00,2025-02-04 02:47:00,2025-02-04 04:21:00,2025-02-04 06:05:00,Y,"driver vehicle breakdown, transfer to DD012 in progress",8,13.28,0
ORD-27598,01/06/2025 09:56,02189,02169,RUSH,South Shore Hospital,D040,2025-01-06 10:41:00,2025-01-06 11:36:00,,2025-01-06 11:56:00,Y,"wrong zip code on order, corrected",34,27.66,0
ORD-27599,03/20/2025 07:28,02188,02134,ROUTINE,Quest Diag,D010,2025-03-20 08:04:00,2025-03-20 08:18:00,2025-03-20 09:30:00,2025-03-20 13:24:00,Y,driver cannot locate parking at hospital,22,8.9,0
ORD-27600,2025-03-17 13:42:00,02149,02134,ROUTINE,Quest Diagnostics,D012,2025-03-17 14:02:00,2025-03-17 14:21:00,2025-03-17 14:43:00,2025-03-17 17:48:00,Y,"driver ran out of dry ice, needs resupply",5,18.71,0
ORD-27601,2025/03/10 10:46,02134,02059,Same-Day,Emerson Hospital,D035,2025-03-10 11:17:00,2025-03-10 11:39:00,2025-03-10 12:45:00,2025-03-10 14:46:00,Y,"client changed pickup time, driver redirected",15,31.47,0
ORD-27602,2025-01-15 06:28:00,02019,02189,Routine,BioReference Labs,D027,2025-01-15 06:38:00,,2025-01-15 08:04:00,2025-01-15 11:04:00,Y,,10,22.17,0
ORD-27603,,02136,02131,SAME-DAY,Providence Health,D008,2025-03-06 07:46:00,2025-03-06 08:22:00,2025-03-06 09:31:00,2025-03-06 10:12:00,N,pickup completed but paperwork missing from package,30,22.78,0
ORD-27604,2025/03/25 15:30,02102,02126,SAME-DAY,NE Labs,D012,2025-03-25 15:52:00,2025-03-25 16:38:00,2025-03-25 17:52:00,2025-03-25 17:46:00,Y,redelivery needed: building locked,40,5.92,0
ORD-27605,2025/03/30 10:25,01851,02038,RUSH,Lowell General,D030,2025-03-30 11:07:00,2025-03-30 11:38:00,2025-03-30 12:11:00,2025-03-30 11:36:00,Y,"pickup not ready, driver waiting 15+ min",14,6.35,0
ORD-27606,01/05/2025 15:12,01843,02132,Routine,Mass General Hospital,D018,2025-01-05 15:23:00,2025-01-05 16:03:00,2025-01-05 16:54:00,2025-01-05 18:36:00,Y,called client re specimen integrity - awaiting callback,25,10.72,0
ORD-27607,01/25/2025 20:35,02127,02149,STAT,NE Labs,D001,2025-01-25 21:06:00,2025-01-25 21:17:00,2025-01-25 23:17:00,2025-01-25 21:18:00,Y,"client called to confirm - specimen critical, needs STAT upgrade",17,8.42,0
ORD-27608,2025/01/14 16:25,02053,02145,Stat,Brigham and Womens,D019,2025-01-14 16:38:00,2025-01-14 17:08:00,2025-01-14 18:07:00,2025-01-14 17:25:00,Y,specimen labeled incorrectly by client,16,7.47,0
ORD-27609,01-14-25 07:19 AM,02109,02148,Routine,St. Elizabeth's Medical,D038,2025-01-14 07:59:00,2025-01-14 08:47:00,2025-01-14 10:27:00,2025-01-14 12:13:00,Y,specimen labeled incorrectly by client,11,20.58,0
ORD-27610,02-17-25 10:42 AM,02071,02198,stat,Northeast Laboratory,D018,2025-02-17 10:58:00,2025-02-17 11:27:00,2025-02-17 12:24:00,2025-02-17 11:39:00,N,redelivery needed: building locked,35,21.77,0
ORD-27611,01/31/2025 10:27,02135,02143,same-day,Quest Diagnostics,D038,2025-01-31 11:02:00,2025-01-31 11:13:00,2025-01-31 11:42:00,2025-01-31 12:51:00,Y,,31,30.01,0
ORD-27612,2025-03-15 07:01:00,02148,02103,RUSH,Providence Health,D040,2025-03-15 07:43:00,,2025-03-15 09:13:00,2025-03-15 08:12:00,Y,driver cannot locate parking at hospital,18,31.02,0
ORD-27613,02-14-25 04:38 AM,02124,02125,STAT,Providence Health,D033,2025-02-14 05:11:00,,2025-02-14 06:00:00,2025-02-14 05:14:00,Y,pickup completed but paperwork missing from package,42,10.93,0
ORD-27614,03/19/2025 17:58,02071,02101,Routine,Lowell General,D040,2025-03-19 18:23:00,2025-03-19 19:04:00,,2025-03-19 23:21:00,Y,specimen temp excursion possible - driver reports cooler malfunction,45,21.68,0
ORD-27615,2025/02/01 03:46,01821,02101,SAME-DAY,Quest Diag,D018,2025-02-01 04:15:00,,2025-02-01 05:47:00,2025-02-01 06:11:00,N,,22,12.55,1
ORD-27616,02/16/2025 11:12,02152,02115,STAT,LabCorp,D022,2025-02-16 11:54:00,2025-02-16 12:51:00,2025-02-16 14:26:00,2025-02-16 12:00:00,N,"driver called in sick mid-route, reassigning trips",35,36.95,0
ORD-27617,2025-03-22 16:03:00,01843,02134,RUSH,NE Labs,D027,2025-03-22 16:26:00,2025-03-22 17:12:00,2025-03-22 18:56:00,2025-03-22 17:55:00,Y,delayed at security checkpoint - id verification required,24,11.33,0
ORD-27618,2025/02/21 02:36,02192,02110,Rush,Tufts Med Center,UNASSIGNED,2025-02-21 02:44:00,2025-02-21 03:36:00,2025-02-21 04:34:00,2025-02-21 03:37:00,Y,lab closed early today per client,18,16.69,0
ORD-27619,2025-01-27 13:57:00,02025,02119,STAT,Providence Health,D008,2025-01-27 14:23:00,2025-01-27 14:54:00,2025-01-27 15:34:00,2025-01-27 14:52:00,N,specimen labeled incorrectly by client,16,16.02,0
ORD-27620,2025/01/24 19:43,02126,02197,Routine,BioReference Labs,D035,2025-01-24 19:47:00,2025-01-24 20:16:00,2025-01-24 22:13:00,2025-01-24 23:50:00,Y,"driver ran out of dry ice, needs resupply",26,37.38,0
ORD-27621,01-14-25 02:36 PM,01879,02059,RUSH,Quest Diag,D041,2025-01-14 15:07:00,2025-01-14 16:07:00,2025-01-14 17:58:00,2025-01-14 15:42:00,N,"wrong zip code on order, corrected",41,11.17,1
ORD-27622,01-02-25 08:41 AM,01845,02053,Rush,Labcorp Inc,D002,2025-01-02 09:23:00,2025-01-02 09:56:00,2025-01-02 11:37:00,2025-01-02 10:39:00,Y,"driver called in sick mid-route, reassigning trips",37,17.19,0
ORD-27623,2025-01-07 08:12:00,01867,02021,STAT,Tufts Med Center,D034,2025-01-07 08:52:00,2025-01-07 09:22:00,2025-01-07 09:55:00,2025-01-07 09:08:00,Y,"client changed pickup time, driver redirected",37,24.89,0
ORD-27624,,02109,02188,stat,NE Labs,D024,2025-03-12 05:08:00,2025-03-12 05:53:00,2025-03-12 07:49:00,2025-03-12 05:09:00,Y,traffic accident on route 1 delay,8,21.94,0
ORD-27625,03/13/2025 05:12,01810,02060,ROUTINE,South Shore Hospital,D018,2025-03-13 05:15:00,2025-03-13 05:28:00,2025-03-13 06:23:00,2025-03-13 09:14:00,Y,"elevator down at 15 Elm St, driver using stairs",29,33.93,0
ORD-27626,2025-01-02 03:17:00,02066,02143,Routine,Boston Medical Center,D009,2025-01-02 03:32:00,2025-01-02 03:58:00,2025-01-02 05:38:00,2025-01-02 08:46:00,Y,"pickup not ready, driver waiting 15+ min",15,34.12,0
ORD-27627,04/01/2025 12:09,02067,02180,STAT,MGH,D010,2025-04-01 12:54:00,2025-04-01 13:52:00,2025-04-01 15:38:00,2025-04-01 12:57:00,Y,specimen temp excursion possible - driver reports cooler malfunction,9,6.46,0
ORD-27628,01/26/2025 13:07,02130,02136,STAT,Children's Hospital,D007,2025-01-26 13:29:00,2025-01-26 13:53:00,2025-01-26 15:13:00,2025-01-26 13:38:00,Y,pickup completed but paperwork missing from package,26,9.04,0
ORD-27629,03/29/2025 10:04,02101,02171,same-day,Providence Health,D006,2025-03-29 10:47:00,,2025-03-29 11:19:00,2025-03-29 12:30:00,Y,"elevator down at 15 Elm St, driver using stairs",6,19.73,0
ORD-27630,2025-02-19 09:23:00,02101,02045,rush,Mass General Hospital,D036,2025-02-19 10:07:00,2025-02-19 10:29:00,2025-02-19 12:26:00,2025-02-19 10:41:00,Y,lab closed early today per client,30,10.37,0
ORD-27631,03/07/2025 02:31,02132,02043,STAT,Brigham and Womens,D037,2025-03-07 03:15:00,2025-03-07 03:46:00,2025-03-07 04:02:00,2025-03-07 03:20:00,Y,,22,25.98,0
ORD-27632,02/26/2025 12:25,02200,02185,ROUTINE,NE Labs,UNASSIGNED,2025-02-26 13:00:00,2025-02-26 13:21:00,2025-02-26 14:38:00,2025-02-26 15:56:00,Y,,28,35.2,0
ORD-27633,2025/02/15 15:57,02119,02066,routine,NE Labs,D022,2025-02-15 16:05:00,2025-02-15 16:34:00,2025-02-15 17:59:00,2025-02-15 20:31:00,N,GPS routing error sent driver to wrong building,21,15.13,1
ORD-27634,03/04/2025 07:35,02045,02195,ROUTINE,Emerson Hospital,D037,2025-03-04 08:12:00,2025-03-04 09:04:00,2025-03-04 09:26:00,2025-03-04 13:13:00,N,,34,17.36,0
ORD-27635,03/26/2025 13:46,01826,02144,ROUTINE,Tufts Medical,D008,2025-03-26 14:04:00,2025-03-26 14:32:00,2025-03-26 15:00:00,2025-03-26 18:23:00,N,called client re specimen integrity - awaiting callback,19,6.53,1
ORD-27636,01/10/2025 08:00,02025,02109,RUSH,Quest Diagnostics,D012,2025-01-10 08:08:00,2025-01-10 08:33:00,2025-01-10 09:24:00,2025-01-10 09:43:00,Y,"driver stuck in traffic on 93, running ~20 min late",28,34.93,0
ORD-27637,2025-01-19 15:57:00,02113,02104,Same-Day,Boston Med Ctr,D020,2025-01-19 16:36:00,2025-01-19 17:11:00,2025-01-19 18:25:00,2025-01-19 19:15:00,Y,specimen container damaged on pickup,33,16.28,0
ORD-27638,03-28-25 12:41 PM,01845,02109,stat,Northeast Labs,D028,2025-03-28 13:02:00,2025-03-28 13:51:00,2025-03-28 15:25:00,2025-03-28 13:25:00,Y,traffic accident on route 1 delay,18,21.45,0
ORD-27639,01/07/2025 10:58,02189,02141,ROUTINE,Northeast Laboratory,D023,2025-01-07 11:41:00,,,2025-01-07 16:01:00,Y,"driver stuck in traffic on 93, running ~20 min late",23,36.53,0
ORD-27640,02/18/2025 19:46,02139,02059,SAME-DAY,Brigham and Womens,D006,2025-02-18 20:08:00,,2025-02-18 21:15:00,2025-02-18 21:55:00,Y,redelivery needed: building locked,44,20.3,0
ORD-27641,2025-03-29 09:56:00,02115,02106,ROUTINE,Boston Medical Center,D034,2025-03-29 10:36:00,2025-03-29 10:50:00,2025-03-29 11:47:00,2025-03-29 15:02:00,Y,driver reports ice on roads in reading area,13,6.51,0
ORD-27642,2025-01-27 11:20:00,02198,02194,Rush,Brigham & Women's,D009,2025-01-27 11:36:00,2025-01-27 11:57:00,2025-01-27 13:03:00,2025-01-27 13:11:00,Y,pickup completed but paperwork missing from package,23,29.32,0
ORD-27643,01/28/2025 10:51,02138,02198,ROUTINE,Northeast Labs,D002,2025-01-28 11:16:00,2025-01-28 12:10:00,,2025-01-28 15:58:00,Y,"wrong zip code on order, corrected",24,6.52,0
ORD-27644,2025-03-05 16:49:00,02043,02125,RUSH,Mass General Hospital,D014,2025-03-05 17:17:00,2025-03-05 17:54:00,2025-03-05 18:58:00,2025-03-05 18:23:00,Y,,34,22.54,0
ORD-27645,01/11/2025 10:33,02115,02059,Rush,Mass General Hospital,D029,2025-01-11 11:05:00,2025-01-11 11:52:00,2025-01-11 12:43:00,2025-01-11 12:20:00,Y,"elevator down at 15 Elm St, driver using stairs",13,12.37,0
ORD-27646,02/02/2025 13:40,02120,02194,STAT,Children's Hospital,D019,2025-02-02 13:50:00,2025-02-02 14:13:00,2025-02-02 16:12:00,2025-02-02 14:34:00,Y,called client re specimen integrity - awaiting callback,26,24.51,0
ORD-27647,2025-03-24 16:46:00,02170,02060,STAT,Childrens Hospital,D020,2025-03-24 17:29:00,2025-03-24 18:02:00,2025-03-24 19:38:00,2025-03-24 17:16:00,N,traffic accident on route 1 delay,11,13.28,1
ORD-27648,01/24/2025 20:37,02136,02127,ROUTINE,BioReference Labs,D029,2025-01-24 20:48:00,2025-01-24 21:01:00,2025-01-24 21:49:00,2025-01-25 02:22:00,Y,"driver vehicle breakdown, transfer to DD021 in progress",11,14.17,0
ORD-27649,03/11/2025 09:20,02139,02170,RUSH,Boston Med Ctr,D018,2025-03-11 09:36:00,2025-03-11 10:05:00,2025-03-11 11:16:00,2025-03-11 11:10:00,N,"driver vehicle breakdown, transfer to DD009 in progress",8,4.62,0
ORD-27650,03/16/2025 10:29,02061,02124,Routine,Lowell General,D018,2025-03-16 11:04:00,,2025-03-16 12:54:00,2025-03-16 14:28:00,Y,called client re specimen integrity - awaiting callback,7,12.49,0
ORD-27651,2025-01-22 21:47:00,02101,02060,routine,St. Elizabeth's Medical,D012,2025-01-22 21:53:00,,2025-01-22 23:51:00,2025-01-23 00:57:00,Y,delayed at security checkpoint - id verification required,29,8.3,0
ORD-27652,02/13/2025 18:33,02141,02151,STAT,Labcorp Inc,D017,2025-02-13 18:40:00,,,2025-02-13 19:31:00,Y,specimen temp excursion possible - driver reports cooler malfunction,39,20.97,0
ORD-27653,2025-01-06 09:50:00,02038,02127,STAT,LabCorp,D030,2025-01-06 10:13:00,2025-01-06 11:01:00,2025-01-06 11:31:00,2025-01-06 10:25:00,Y,GPS routing error sent driver to wrong building,6,18.92,0
ORD-27654,01-31-25 05:17 AM,02026,02139,SAME-DAY,Brigham & Women's,UNASSIGNED,2025-01-31 05:22:00,,2025-01-31 06:36:00,2025-01-31 09:16:00,Y,"driver vehicle breakdown, transfer to DD011 in progress",14,13.0,0
ORD-27655,2025-03-19 17:58:00,02019,02061,Rush,Quest Diagnostics,D026,2025-03-19 18:03:00,2025-03-19 18:44:00,2025-03-19 19:09:00,2025-03-19 19:42:00,Y,"driver called in sick mid-route, reassigning trips",38,11.65,0
ORD-27656,03/07/2025 15:33,01854,02109,routine,Northeast Laboratory,D012,2025-03-07 16:13:00,2025-03-07 16:36:00,2025-03-07 17:10:00,2025-03-07 19:15:00,N,driver reports ice on roads in reading area,36,13.54,0
ORD-27657,2025-01-05 10:15:00,02045,02140,ROUTINE,St. Elizabeth's Medical,D017,2025-01-05 10:44:00,2025-01-05 11:11:00,2025-01-05 11:30:00,2025-01-05 13:58:00,Y,redelivery needed: building locked,28,14.92,0
ORD-27658,03-02-25 12:12 PM,02128,02188,STAT,Boston Medical Center,D020,2025-03-02 12:57:00,2025-03-02 13:11:00,2025-03-02 14:14:00,2025-03-02 13:05:00,Y,lab closed early today per client,35,6.94,0
ORD-27659,2025-01-21 21:54:00,02156,02045,ROUTINE,LabCorp,D006,2025-01-21 22:34:00,2025-01-21 22:46:00,2025-01-22 00:36:00,2025-01-22 02:59:00,Y,specimen temp excursion possible - driver reports cooler malfunction,15,18.38,0
ORD-27660,01/06/2025 09:13,02169,02125,Stat,Childrens Hospital,D018,2025-01-06 09:41:00,2025-01-06 10:08:00,2025-01-06 11:48:00,2025-01-06 10:08:00,Y,lab closed early today per client,39,34.32,0
ORD-27661,01/13/2025 05:37,02103,02145,Routine,Cape Cod Hospital,D012,2025-01-13 06:05:00,,2025-01-13 08:10:00,2025-01-13 10:42:00,Y,recipient not available at delivery location,16,28.33,0
ORD-27662,2025/03/30 10:50,01845,02170,ROUTINE,Boston Med Ctr,D009,2025-03-30 11:31:00,2025-03-30 12:03:00,2025-03-30 12:36:00,2025-03-30 16:11:00,Y,,35,17.57,0
ORD-27663,2025-03-05 10:43:00,01879,02048,Stat,LabCorp,D034,2025-03-05 11:01:00,,2025-03-05 12:48:00,2025-03-05 11:19:00,Y,"driver called in sick mid-route, reassigning trips",23,11.23,0
ORD-27664,2025-01-26 11:13:00,02136,02116,RUSH,Emerson Hospital,D025,2025-01-26 11:42:00,2025-01-26 12:17:00,2025-01-26 13:38:00,2025-01-26 12:47:00,Y,"client changed pickup time, driver redirected",42,15.75,0
ORD-27665,2025/01/08 02:11,02115,02153,STAT,Brigham and Womens,D002,2025-01-08 02:31:00,2025-01-08 02:41:00,2025-01-08 03:56:00,2025-01-08 02:48:00,Y,driver reports ice on roads in reading area,10,27.35,0
ORD-27666,2025-01-29 16:18:00,01886,02191,routine,Mass General Hospital,D041,2025-01-29 16:30:00,2025-01-29 17:06:00,2025-01-29 18:48:00,2025-01-29 21:57:00,Y,delayed at security checkpoint - id verification required,25,21.21,0
ORD-27667,2025-02-24 15:08:00,02151,02061,Routine,Labcorp Inc,D033,2025-02-24 15:24:00,2025-02-24 16:22:00,2025-02-24 16:55:00,2025-02-24 18:52:00,Y,specimen container damaged on pickup,10,25.17,0
ORD-27668,2025-02-15 13:06:00,02141,02176,SAME-DAY,Lowell General,D038,2025-02-15 13:41:00,,2025-02-15 16:38:00,2025-02-15 16:38:00,N,"driver stuck in traffic on 93, running ~20 min late",44,17.7,1
ORD-27669,01/20/2025 23:49,02185,02119,stat,LabCorp,D009,2025-01-21 00:16:00,2025-01-21 00:40:00,2025-01-21 01:57:00,2025-01-21 00:41:00,Y,"driver vehicle breakdown, transfer to DD012 in progress",14,15.07,0
ORD-27670,02/15/2025 08:20,01852,02169,ROUTINE,Providence Health,D012,2025-02-15 08:59:00,2025-02-15 09:25:00,2025-02-15 10:36:00,2025-02-15 14:10:00,Y,,9,22.81,0
ORD-27671,2025/01/24 15:18,02170,02148,SAME-DAY,Mass General Hospital,D028,2025-01-24 15:48:00,,2025-01-24 18:43:00,2025-01-24 18:01:00,Y,"pickup not ready, driver waiting 15+ min",14,18.1,0
ORD-27672,02/10/2025 18:30,02143,02113,ROUTINE,Brigham and Womens,D009,2025-02-10 19:15:00,2025-02-10 19:54:00,2025-02-10 20:09:00,2025-02-10 22:00:00,Y,"wrong address on manifest, corrected enroute",39,17.89,0
ORD-27673,2025-02-17 17:49:00,02026,02180,ROUTINE,Lowell General,D022,2025-02-17 17:56:00,2025-02-17 18:35:00,2025-02-17 19:38:00,2025-02-17 23:35:00,Y,called client re specimen integrity - awaiting callback,44,29.7,0
ORD-27674,2025-01-11 19:38:00,02184,02171,ROUTINE,Labcorp Inc,D012,2025-01-11 19:49:00,2025-01-11 20:23:00,2025-01-11 21:03:00,2025-01-12 01:04:00,Y,called client re specimen integrity - awaiting callback,11,12.36,0
ORD-27675,03/28/2025 00:17,02143,02136,same-day,Quest Diagnostics,D027,2025-03-28 00:29:00,,2025-03-28 02:01:00,2025-03-28 03:54:00,Y,,22,9.36,0
ORD-27676,2025/01/25 14:08,01854,02059,Routine,Tufts Medical,D033,2025-01-25 14:16:00,2025-01-25 15:12:00,2025-01-25 16:52:00,2025-01-25 17:15:00,Y,driver cannot locate parking at hospital,33,19.7,0
ORD-27677,2025-01-14 03:11:00,02067,02197,Stat,BioReference Labs,D033,2025-01-14 03:27:00,2025-01-14 03:47:00,,2025-01-14 03:51:00,N,"pickup not ready, driver waiting 15+ min",10,15.15,0
ORD-27678,01/27/2025 22:45,02030,02109,ROUTINE,NE Labs,D041,2025-01-27 22:52:00,2025-01-27 23:16:00,2025-01-28 00:19:00,2025-01-28 03:14:00,Y,"wrong zip code on order, corrected",10,33.7,0
ORD-27679,2025-01-29 08:40:00,02199,02125,RUSH,Boston Medical Center,D027,2025-01-29 09:17:00,2025-01-29 09:36:00,2025-01-29 11:04:00,2025-01-29 10:05:00,Y,package refused by receiving staff - no signature authority,41,24.33,0
ORD-27680,02-03-25 09:35 AM,01886,02193,SAME-DAY,LabCorp,D036,2025-02-03 10:04:00,2025-02-03 10:57:00,2025-02-03 12:25:00,2025-02-03 12:59:00,Y,"wrong address on manifest, corrected enroute",32,16.87,0
ORD-27681,02/08/2025 13:12,02053,02148,Stat,Children's Hospital,D013,2025-02-08 13:28:00,,2025-02-08 15:26:00,2025-02-08 13:56:00,Y,,29,7.87,0
ORD-27682,01/03/2025 09:15,02143,02103,ROUTINE,Lowell General,D016,2025-01-03 09:42:00,2025-01-03 09:57:00,2025-01-03 11:12:00,2025-01-03 14:18:00,N,"client called to confirm - specimen critical, needs STAT upgrade",28,31.45,1
ORD-27683,03-01-25 03:52 PM,02053,02101,ROUTINE,Labcorp Inc,D029,2025-03-01 16:03:00,2025-03-01 16:40:00,2025-03-01 18:11:00,2025-03-01 19:05:00,Y,"driver ran out of dry ice, needs resupply",32,11.05,0
ORD-27684,2025-03-21 15:06:00,02192,02184,ROUTINE,Emerson Hospital,D036,2025-03-21 15:33:00,2025-03-21 15:59:00,2025-03-21 17:42:00,2025-03-21 18:35:00,Y,package refused by receiving staff - no signature authority,45,12.77,0
ORD-27685,01/17/2025 10:21,01801,02138,Rush,Boston Medical Center,D019,2025-01-17 10:38:00,2025-01-17 11:34:00,2025-01-17 12:58:00,2025-01-17 11:35:00,Y,driver reports ice on roads in reading area,13,20.47,0
ORD-27686,2025/02/07 09:26,02135,02108,ROUTINE,NE Labs,D023,2025-02-07 10:11:00,2025-02-07 10:24:00,2025-02-07 12:15:00,2025-02-07 14:10:00,Y,specimen temp excursion possible - driver reports cooler malfunction,18,26.15,0
ORD-27687,01/22/2025 11:33,01860,02130,STAT,St. Elizabeth's Medical,D032,2025-01-22 12:08:00,2025-01-22 12:37:00,2025-01-22 13:19:00,2025-01-22 12:25:00,Y,called client re specimen integrity - awaiting callback,44,33.69,0
ORD-27688,2025-03-02 17:29:00,02119,02153,ROUTINE,Labcorp Inc,D037,2025-03-02 17:41:00,2025-03-02 18:12:00,2025-03-02 18:45:00,2025-03-02 21:38:00,Y,"elevator down at 15 Elm St, driver using stairs",31,18.08,0
ORD-27689,2025-03-07 11:04:00,01860,02180,RUSH,Brigham and Womens,D022,2025-03-07 11:45:00,2025-03-07 12:16:00,2025-03-07 14:07:00,2025-03-07 12:21:00,Y,,8,23.53,0
ORD-27690,03-21-25 09:49 AM,02132,02138,ROUTINE,Mass General Hospital,D004,2025-03-21 10:30:00,2025-03-21 11:26:00,2025-03-21 12:54:00,2025-03-21 14:14:00,Y,"wrong zip code on order, corrected",22,23.94,0
ORD-27691,04/01/2025 16:39,02030,02111,RUSH,Providence Health,D017,2025-04-01 16:52:00,2025-04-01 17:24:00,2025-04-01 17:48:00,2025-04-01 18:34:00,N,redelivery needed: building locked,34,9.43,0
ORD-27692,2025-03-13 20:23:00,01826,02144,STAT,LabCorp,D032,2025-03-13 21:06:00,2025-03-13 21:45:00,2025-03-13 23:28:00,2025-03-13 20:59:00,Y,,34,35.79,0
ORD-27693,01-31-25 04:28 AM,02140,02184,ROUTINE,St. Elizabeth's Medical,D005,2025-01-31 05:13:00,2025-01-31 05:23:00,2025-01-31 07:00:00,2025-01-31 10:15:00,Y,,11,13.98,0
ORD-27694,2025/03/05 07:51,02048,02171,STAT,Cape Cod Hospital,D008,2025-03-05 07:58:00,2025-03-05 08:11:00,2025-03-05 09:29:00,2025-03-05 08:25:00,N,package refused by receiving staff - no signature authority,25,27.95,0
ORD-27695,2025-01-02 07:44:00,01843,02062,STAT,Childrens Hospital,D029,2025-01-02 07:58:00,,2025-01-02 10:17:00,2025-01-02 08:25:00,Y,specimen labeled incorrectly by client,35,27.76,0
ORD-27696,2025-01-05 08:58:00,02114,02054,Routine,Quest Diag,D035,2025-01-05 09:19:00,2025-01-05 09:37:00,2025-01-05 10:28:00,2025-01-05 12:51:00,Y,specimen labeled incorrectly by client,45,34.37,0
ORD-27697,2025/02/24 09:36,02025,02059,RUSH,Brigham and Womens,D036,2025-02-24 09:47:00,2025-02-24 10:02:00,2025-02-24 10:54:00,2025-02-24 11:26:00,N,"driver called in sick mid-route, reassigning trips",21,29.27,0
ORD-27698,01-07-25 07:40 AM,02038,02142,SAME-DAY,Boston Medical Center,D031,2025-01-07 08:23:00,2025-01-07 08:46:00,2025-01-07 09:25:00,2025-01-07 10:09:00,Y,"elevator down at 15 Elm St, driver using stairs",45,29.9,0
ORD-27699,2025/03/01 06:46,02185,02114,ROUTINE,BioReference Labs,D025,2025-03-01 07:31:00,2025-03-01 08:08:00,2025-03-01 08:25:00,2025-03-01 10:42:00,N,,29,25.76,0
ORD-27700,2025/03/29 05:51,02124,02108,STAT,Mass General Hospital,D036,2025-03-29 06:09:00,2025-03-29 06:55:00,2025-03-29 08:01:00,2025-03-29 06:45:00,Y,,27,34.07,0
ORD-27701,02/01/2025 15:27,02140,02109,SAME-DAY,St. Elizabeth's Medical,D013,2025-02-01 15:52:00,2025-02-01 16:51:00,2025-02-01 17:43:00,2025-02-01 18:17:00,Y,delayed at security checkpoint - id verification required,30,31.54,0
ORD-27702,03-27-25 07:32 AM,02134,02121,STAT,NE Labs,D023,2025-03-27 08:14:00,2025-03-27 08:40:00,2025-03-27 09:04:00,2025-03-27 08:21:00,Y,"wrong zip code on order, corrected",17,16.73,0
ORD-27703,2025-03-04 07:57:00,02035,02030,RUSH,Providence Health,D006,2025-03-04 08:01:00,2025-03-04 08:56:00,2025-03-04 10:00:00,2025-03-04 09:55:00,Y,driver reports ice on roads in reading area,29,15.22,0
ORD-27704,2025-01-29 20:18:00,01840,02126,ROUTINE,Providence Health,D034,2025-01-29 21:00:00,2025-01-29 21:55:00,2025-01-29 23:23:00,2025-01-30 00:50:00,Y,pickup completed but paperwork missing from package,26,5.41,0
ORD-27705,2025/01/02 14:07,02145,02053,SAME-DAY,Lowell General,D020,2025-01-02 14:29:00,2025-01-02 14:58:00,2025-01-02 16:52:00,2025-01-02 17:23:00,N,driver reports ice on roads in reading area,22,8.01,0
ORD-27706,,02019,02050,STAT,Boston Medical Center,D029,2025-03-31 13:01:00,2025-03-31 13:50:00,2025-03-31 14:47:00,2025-03-31 13:23:00,Y,,45,37.87,0
ORD-27707,2025/02/01 12:01,02025,02126,STAT,MGH,D004,2025-02-01 12:18:00,2025-02-01 12:59:00,2025-02-01 14:35:00,2025-02-01 12:32:00,Y,,43,24.45,0
ORD-27708,2025/02/28 09:22,01860,02122,Rush,Childrens Hospital,D004,2025-02-28 09:56:00,2025-02-28 10:44:00,2025-02-28 12:36:00,2025-02-28 11:03:00,Y,traffic accident on route 1 delay,6,9.81,0
ORD-27709,2025-01-15 11:27:00,02122,02032,ROUTINE,Boston Medical Center,D032,2025-01-15 11:48:00,,2025-01-15 13:16:00,2025-01-15 15:44:00,Y,,27,25.91,0
ORD-27710,2025-02-18 20:59:00,01879,02109,ROUTINE,Brigham & Women's,D021,2025-02-18 21:40:00,2025-02-18 22:27:00,2025-02-18 22:46:00,2025-02-19 01:15:00,N,lab closed early today per client,36,11.47,0
ORD-27711,2025-01-27 15:48:00,02148,02126,RUSH,Children's Hospital,D033,2025-01-27 16:13:00,2025-01-27 16:50:00,2025-01-27 18:14:00,2025-01-27 17:15:00,Y,called client re specimen integrity - awaiting callback,25,20.78,0
ORD-27712,2025-01-02 09:35:00,02067,02107,Rush,St. Elizabeth's Medical,D038,2025-01-02 10:04:00,,2025-01-02 11:25:00,2025-01-02 11:16:00,N,"client called to confirm - specimen critical, needs STAT upgrade",13,32.75,0
ORD-27713,03/01/2025 00:55,02045,02156,Same-Day,Tufts Medical,D003,2025-03-01 01:32:00,2025-03-01 02:32:00,2025-03-01 02:53:00,2025-03-01 03:47:00,Y,"elevator down at 15 Elm St, driver using stairs",45,21.49,0
ORD-27714,01-25-25 11:02 AM,01854,02176,STAT,Childrens Hospital,D041,2025-01-25 11:45:00,2025-01-25 11:56:00,2025-01-25 12:31:00,2025-01-25 11:42:00,N,"driver vehicle breakdown, transfer to DD015 in progress",417,31.87,0
ORD-27715,2025/02/04 14:24,02191,02120,SAME-DAY,Labcorp Inc,D007,2025-02-04 14:45:00,2025-02-04 15:24:00,2025-02-04 16:44:00,2025-02-04 17:44:00,N,"driver called in sick mid-route, reassigning trips",11,24.51,0
ORD-27716,2025-02-18 15:35:00,02151,02197,RUSH,Emerson Hospital,D015,2025-02-18 15:59:00,2025-02-18 16:51:00,2025-02-18 18:10:00,2025-02-18 17:28:00,Y,"client called to confirm - specimen critical, needs STAT upgrade",9,16.14,0
ORD-27717,2025-02-15 19:41:00,02149,02150,STAT,BioReference Labs,D021,2025-02-15 19:49:00,2025-02-15 19:59:00,,2025-02-15 20:28:00,N,"driver called in sick mid-route, reassigning trips",24,19.83,0
ORD-27718,2025-01-17 05:57:00,02035,02130,Rush,Northeast Labs,D040,2025-01-17 06:06:00,2025-01-17 06:36:00,2025-01-17 06:57:00,2025-01-17 07:45:00,Y,dispatcher note: double-check temp on this one before logging,29,7.92,0
ORD-27719,2025/03/26 10:41,01841,02104,routine,LabCorp,D024,2025-03-26 11:17:00,2025-03-26 11:43:00,2025-03-26 12:24:00,2025-03-26 15:12:00,Y,driver cannot locate parking at hospital,15,28.49,0
ORD-27720,2025/01/22 01:32,02180,02113,SAME-DAY,Brigham & Women's,D027,2025-01-22 01:55:00,,2025-01-22 03:30:00,2025-01-22 04:28:00,N,"pickup not ready, driver waiting 15+ min",7,14.91,0
ORD-27721,01/17/2025 13:36,02071,02185,Routine,Northeast Labs,D029,2025-01-17 14:16:00,2025-01-17 15:08:00,2025-01-17 16:11:00,2025-01-17 19:30:00,Y,,32,8.28,0
ORD-27722,2025/02/17 16:10,02045,02199,stat,St. Elizabeth's Medical,D024,2025-02-17 16:50:00,2025-02-17 17:34:00,2025-02-17 18:35:00,2025-02-17 17:03:00,N,GPS routing error sent driver to wrong building,42,8.9,1
ORD-27723,2025/03/19 16:07,02101,02200,ROUTINE,MGH,D028,2025-03-19 16:11:00,2025-03-19 17:02:00,2025-03-19 18:24:00,2025-03-19 19:11:00,N,"elevator down at 15 Elm St, driver using stairs",19,7.08,1
ORD-27724,2025-03-22 15:16:00,02130,02056,Routine,Providence Health,D031,2025-03-22 15:32:00,2025-03-22 15:58:00,2025-03-22 17:43:00,2025-03-22 20:39:00,Y,"wrong zip code on order, corrected",32,20.47,0
ORD-27725,03-15-25 05:44 PM,02130,02053,STAT,Cape Cod Hospital,D031,2025-03-15 18:20:00,,2025-03-15 19:48:00,2025-03-15 18:34:00,Y,"elevator down at 15 Elm St, driver using stairs",10,12.22,0
ORD-27726,03-03-25 01:56 PM,01879,02130,stat,MGH,D018,2025-03-03 14:04:00,,2025-03-03 16:17:00,2025-03-03 14:50:00,Y,package refused by receiving staff - no signature authority,36,30.36,0
ORD-27727,2025-02-24 08:47:00,02156,02030,ROUTINE,Tufts Med Center,D013,2025-02-24 09:01:00,,2025-02-24 10:35:00,2025-02-24 12:23:00,Y,specimen temp excursion possible - driver reports cooler malfunction,24,14.34,0
ORD-27728,2025-02-01 17:07:00,02119,02199,STAT,MGH,D031,2025-02-01 17:17:00,,2025-02-01 20:12:00,2025-02-01 17:41:00,Y,"pickup not ready, driver waiting 15+ min",44,5.0,0
ORD-27729,03/23/2025 07:18,02048,02071,STAT,Northeast Laboratory,D035,2025-03-23 08:02:00,2025-03-23 08:52:00,2025-03-23 09:35:00,2025-03-23 08:03:00,Y,traffic accident on route 1 delay,150,32.63,0
ORD-27730,03/28/2025 11:10,02177,02038,STAT,Mass General Hospital,D023,2025-03-28 11:46:00,2025-03-28 12:10:00,2025-03-28 12:39:00,2025-03-28 11:45:00,N,"wrong zip code on order, corrected",26,25.04,0
ORD-27731,2025-03-05 13:35:00,02050,02170,STAT,NE Labs,D029,2025-03-05 13:38:00,2025-03-05 13:51:00,,2025-03-05 14:09:00,Y,,13,19.81,0
ORD-27732,03-27-25 10:18 AM,02136,02150,ROUTINE,Brigham and Womens,D037,2025-03-27 10:29:00,2025-03-27 11:27:00,2025-03-27 11:56:00,2025-03-27 14:43:00,N,,11,13.57,0
ORD-27733,2025/02/19 12:44,02191,02019,RUSH,Providence Health,D037,2025-02-19 12:52:00,2025-02-19 13:35:00,2025-02-19 15:35:00,2025-02-19 14:43:00,Y,called client re specimen integrity - awaiting callback,22,28.67,0
ORD-27734,02/06/2025 15:28,02052,02187,routine,Lowell General,D004,2025-02-06 15:49:00,2025-02-06 16:15:00,2025-02-06 17:32:00,2025-02-06 19:00:00,Y,driver reports ice on roads in reading area,28,23.56,0
ORD-27735,2025/03/18 00:16,02059,02114,SAME-DAY,Quest Diagnostics,D027,2025-03-18 00:42:00,2025-03-18 01:11:00,2025-03-18 02:28:00,2025-03-18 03:50:00,Y,"pickup not ready, driver waiting 15+ min",13,21.64,0
ORD-27736,2025-03-08 12:51:00,02072,02145,SAME-DAY,BioReference Labs,D002,2025-03-08 13:10:00,2025-03-08 13:25:00,2025-03-08 14:10:00,2025-03-08 15:10:00,N,"client called to confirm - specimen critical, needs STAT upgrade",11,19.14,0
ORD-27737,03/06/2025 09:33,02026,02190,ROUTINE,Boston Med Ctr,D029,2025-03-06 09:43:00,2025-03-06 10:09:00,2025-03-06 11:10:00,2025-03-06 13:02:00,N,"pickup not ready, driver waiting 15+ min",5,33.04,0
ORD-27738,02/06/2025 15:11,01864,02127,stat,Childrens Hospital,D003,2025-02-06 15:42:00,2025-02-06 15:56:00,2025-02-06 16:49:00,2025-02-06 16:07:00,Y,"driver called in sick mid-route, reassigning trips",8,12.41,0
ORD-27739,2025-02-01 12:59:00,02140,02035,ROUTINE,Tufts Medical,D014,2025-02-01 13:16:00,,,2025-02-01 17:26:00,Y,traffic accident on route 1 delay,45,16.44,0
ORD-27740,03/12/2025 18:50,02105,02132,STAT,NE Labs,D018,2025-03-12 19:16:00,,2025-03-12 20:39:00,2025-03-12 19:44:00,Y,"elevator down at 15 Elm St, driver using stairs",42,28.28,0
ORD-27741,01/13/2025 12:58,02132,02032,RUSH,BioReference Labs,D036,2025-01-13 13:16:00,2025-01-13 13:34:00,,2025-01-13 14:14:00,Y,"driver called in sick mid-route, reassigning trips",42,34.42,0
ORD-27742,02/11/2025 09:51,02019,02141,ROUTINE,Childrens Hospital,D039,2025-02-11 10:22:00,,,2025-02-11 15:15:00,Y,traffic accident on route 1 delay,16,13.78,0
ORD-27743,2025/01/27 16:49,01826,02104,ROUTINE,NE Labs,D030,2025-01-27 17:06:00,2025-01-27 17:40:00,2025-01-27 18:09:00,2025-01-27 22:34:00,Y,"driver called in sick mid-route, reassigning trips",38,26.78,0
ORD-27744,2025-01-23 09:30:00,02186,02001,Routine,Tufts Medical,D009,2025-01-23 09:38:00,2025-01-23 10:11:00,2025-01-23 10:47:00,2025-01-23 15:00:00,Y,"client called to confirm - specimen critical, needs STAT upgrade",9,14.66,0
ORD-27745,2025/01/16 12:32,02140,02126,ROUTINE,Brigham & Women's,D019,2025-01-16 13:16:00,2025-01-16 13:49:00,,2025-01-16 17:10:00,Y,"wrong zip code on order, corrected",9,31.84,0
ORD-27746,2025/03/12 08:05,02127,02187,ROUTINE,Providence Health,D028,2025-03-12 08:33:00,2025-03-12 08:46:00,2025-03-12 09:46:00,2025-03-12 11:17:00,N,driver cannot locate parking at hospital,23,29.67,0
ORD-27747,2025/02/20 04:42,02030,02114,Rush,Quest Diag,D024,2025-02-20 04:50:00,,2025-02-20 05:20:00,2025-02-20 06:08:00,Y,called client re specimen integrity - awaiting callback,35,12.51,0
ORD-27748,2025-03-03 23:15:00,02188,02185,same-day,NE Labs,D035,2025-03-03 23:35:00,2025-03-04 00:08:00,2025-03-04 02:05:00,2025-03-04 01:44:00,Y,,16,24.34,0
ORD-27749,2025-01-11 12:12:00,02188,02188,same-day,Quest Diag,D006,2025-01-11 12:23:00,2025-01-11 13:15:00,,2025-01-11 16:03:00,Y,dispatcher note: double-check temp on this one before logging,10,17.25,0
ORD-27750,01/31/2025 10:23,02170,02186,ROUTINE,BioReference Labs,D012,2025-01-31 10:48:00,2025-01-31 11:07:00,2025-01-31 11:42:00,2025-01-31 15:03:00,Y,,22,11.96,0
ORD-27751,01/11/2025 10:05,02066,02025,Same-Day,Northeast Laboratory,D022,2025-01-11 10:22:00,2025-01-11 11:19:00,2025-01-11 12:19:00,2025-01-11 12:25:00,Y,traffic accident on route 1 delay,33,37.25,0
ORD-27752,2025-02-26 10:55:00,02187,02119,STAT,South Shore Hospital,D005,2025-02-26 11:29:00,2025-02-26 12:20:00,,2025-02-26 11:50:00,Y,dispatcher note: double-check temp on this one before logging,26,29.83,0
ORD-27753,02-08-25 02:10 PM,02067,02025,Routine,MGH,D010,2025-02-08 14:36:00,2025-02-08 15:24:00,,2025-02-08 18:19:00,Y,"wrong address on manifest, corrected enroute",44,36.65,0
ORD-27754,02/21/2025 03:41,02187,02067,routine,St. Elizabeth's Medical,D015,2025-02-21 03:48:00,,2025-02-21 04:53:00,2025-02-21 08:08:00,Y,,41,10.7,0
ORD-27755,2025-01-13 06:47:00,02200,02052,RUSH,Brigham & Women's,D006,2025-01-13 07:12:00,2025-01-13 08:05:00,2025-01-13 08:22:00,2025-01-13 08:27:00,Y,,8,18.43,0
ORD-27756,2025-03-13 03:51:00,02061,02195,Routine,LabCorp,D033,2025-03-13 04:35:00,2025-03-13 05:12:00,2025-03-13 05:55:00,2025-03-13 09:14:00,Y,dispatcher note: double-check temp on this one before logging,44,23.43,0
ORD-27757,03-04-25 08:22 AM,02197,02124,ROUTINE,Emerson Hospital,D020,2025-03-04 08:38:00,2025-03-04 09:21:00,2025-03-04 10:25:00,2025-03-04 13:05:00,Y,delayed at security checkpoint - id verification required,36,22.19,0
ORD-27758,2025/01/09 16:56,02120,02043,SAME-DAY,Tufts Medical,D021,2025-01-09 17:13:00,2025-01-09 18:11:00,2025-01-09 18:33:00,2025-01-09 18:56:00,Y,redelivery needed: building locked,33,30.55,0
ORD-27759,03/19/2025 08:06,02193,02026,SAME-DAY,Lowell General,D011,2025-03-19 08:27:00,,2025-03-19 10:14:00,2025-03-19 11:18:00,Y,package refused by receiving staff - no signature authority,34,11.75,0
ORD-27760,01-15-25 02:00 AM,02151,02032,Same-Day,LabCorp,D025,2025-01-15 02:15:00,2025-01-15 02:29:00,2025-01-15 03:24:00,2025-01-15 05:02:00,Y,specimen temp excursion possible - driver reports cooler malfunction,28,10.57,0
ORD-27761,03/15/2025 14:24,02143,02035,STAT,Quest Diagnostics,D027,2025-03-15 14:44:00,2025-03-15 15:00:00,2025-03-15 16:56:00,2025-03-15 15:16:00,Y,"driver called in sick mid-route, reassigning trips",23,6.42,0
ORD-27762,2025/02/25 11:33,02101,02200,Routine,Mass General Hospital,D034,2025-02-25 12:13:00,,2025-02-25 13:14:00,2025-02-25 14:52:00,Y,,7,36.31,0
ORD-27763,03/05/2025 03:29,02045,02171,routine,Providence Health,D030,2025-03-05 04:02:00,2025-03-05 04:56:00,2025-03-05 06:53:00,2025-03-05 09:12:00,N,GPS routing error sent driver to wrong building,41,19.49,0
ORD-27764,03/05/2025 09:59,01832,02103,Same-Day,Emerson Hospital,D029,2025-03-05 10:32:00,,2025-03-05 11:37:00,2025-03-05 12:06:00,N,traffic accident on route 1 delay,13,27.13,0
ORD-27765,2025-02-19 15:04:00,02072,02114,STAT,Quest Diag,D030,2025-02-19 15:09:00,,,2025-02-19 15:34:00,Y,dispatcher note: double-check temp on this one before logging,13,8.41,0
ORD-27766,04/01/2025 10:53,02199,02030,STAT,Boston Medical Center,D003,2025-04-01 11:03:00,2025-04-01 12:01:00,2025-04-01 12:25:00,2025-04-01 11:25:00,Y,delayed at security checkpoint - id verification required,17,28.83,0
ORD-27767,2025/01/16 00:24,02107,02030,ROUTINE,Tufts Medical,D003,2025-01-16 00:34:00,2025-01-16 01:23:00,2025-01-16 02:14:00,2025-01-16 05:12:00,Y,"driver vehicle breakdown, transfer to DD036 in progress",14,16.65,0
ORD-27768,03/15/2025 10:49,02196,02021,SAME-DAY,Tufts Med Center,D008,2025-03-15 11:19:00,,2025-03-15 12:50:00,2025-03-15 13:51:00,N,,14,12.98,0
ORD-27769,03/19/2025 10:20,01879,02056,RUSH,Cape Cod Hospital,D006,2025-03-19 10:56:00,2025-03-19 11:56:00,2025-03-19 13:35:00,2025-03-19 12:11:00,Y,specimen container damaged on pickup,8,20.13,0
ORD-27770,,02191,02125,RUSH,MGH,D009,2025-02-15 13:50:00,2025-02-15 14:15:00,2025-02-15 14:57:00,2025-02-15 14:28:00,Y,"wrong zip code on order, corrected",25,19.33,0
ORD-27771,01/17/2025 17:12,01876,02103,Rush,South Shore Hospital,D041,2025-01-17 17:23:00,,2025-01-17 18:04:00,2025-01-17 18:40:00,Y,pickup completed but paperwork missing from package,34,21.86,0
ORD-27772,2025-01-23 07:47:00,01803,02191,SAME-DAY,St. Elizabeth's Medical,D020,2025-01-23 08:29:00,,2025-01-23 10:03:00,2025-01-23 10:36:00,Y,,33,19.14,0
ORD-27773,03/15/2025 10:40,02171,02056,ROUTINE,Children's Hospital,D020,2025-03-15 11:22:00,2025-03-15 11:36:00,2025-03-15 13:07:00,2025-03-15 14:45:00,Y,"client changed pickup time, driver redirected",12,14.48,0
ORD-27774,2025/03/19 09:16,02059,02038,ROUTINE,MGH,D027,2025-03-19 09:41:00,2025-03-19 10:20:00,2025-03-19 11:34:00,2025-03-19 15:12:00,Y,"wrong zip code on order, corrected",33,11.12,0
ORD-27775,2025-01-23 11:47:00,02136,02126,ROUTINE,Childrens Hospital,D010,2025-01-23 12:01:00,2025-01-23 12:40:00,2025-01-23 14:38:00,2025-01-23 16:09:00,Y,pickup completed but paperwork missing from package,39,8.79,0
ORD-27776,02-10-25 03:49 PM,02106,02053,RUSH,Emerson Hospital,D004,2025-02-10 16:04:00,2025-02-10 16:15:00,2025-02-10 18:03:00,2025-02-10 16:55:00,Y,specimen labeled incorrectly by client,29,29.85,0
ORD-27777,2025/03/15 09:57,02125,02198,STAT,Brigham and Womens,D016,2025-03-15 10:19:00,2025-03-15 10:50:00,2025-03-15 12:46:00,2025-03-15 10:39:00,Y,,15,30.44,0
ORD-27778,03-10-25 01:46 PM,02180,02153,Routine,Lowell General,D039,2025-03-10 14:29:00,,2025-03-10 15:55:00,2025-03-10 17:42:00,Y,"client called to confirm - specimen critical, needs STAT upgrade",223,12.3,0
ORD-27779,03/24/2025 11:25,02133,02110,SAME-DAY,Lowell General,D001,2025-03-24 11:34:00,,,2025-03-24 15:00:00,Y,recipient not available at delivery location,45,9.65,0
ORD-27780,01/10/2025 09:39,02125,02110,STAT,BioReference Labs,D026,2025-01-10 10:03:00,2025-01-10 10:49:00,2025-01-10 11:08:00,2025-01-10 10:37:00,Y,,45,16.87,0
ORD-27781,02-27-25 04:38 PM,02156,02120,STAT,LabCorp,D039,2025-02-27 17:16:00,,2025-02-27 17:55:00,2025-02-27 17:16:00,Y,"driver stuck in traffic on 93, running ~20 min late",7,20.85,0
ORD-27782,2025-01-19 15:43:00,02102,02200,RUSH,Childrens Hospital,D041,2025-01-19 15:58:00,2025-01-19 16:08:00,2025-01-19 17:33:00,2025-01-19 17:07:00,Y,,15,31.63,0
ORD-27783,2025-02-24 15:44:00,01851,02144,Stat,Cape Cod Hospital,D022,2025-02-24 16:01:00,2025-02-24 16:43:00,2025-02-24 18:14:00,2025-02-24 16:29:00,Y,driver cannot locate parking at hospital,11,37.22,0
ORD-27784,01/25/2025 10:57,02130,02132,STAT,Labcorp Inc,D017,2025-01-25 11:24:00,2025-01-25 11:52:00,2025-01-25 12:21:00,2025-01-25 11:33:00,Y,pickup completed but paperwork missing from package,37,6.62,0
ORD-27785,03/06/2025 09:46,02124,02060,ROUTINE,Quest Diag,D004,2025-03-06 10:11:00,2025-03-06 10:39:00,2025-03-06 12:02:00,2025-03-06 15:08:00,Y,lab closed early today per client,36,8.98,0
ORD-27786,2025/03/08 20:30,01879,02045,RUSH,St. Elizabeth's Medical,D037,2025-03-08 21:08:00,2025-03-08 21:52:00,2025-03-08 23:22:00,2025-03-08 21:48:00,Y,"elevator down at 15 Elm St, driver using stairs",453,35.91,0
ORD-27787,01/21/2025 06:00,02136,02021,ROUTINE,Boston Medical Center,D031,2025-01-21 06:31:00,2025-01-21 07:01:00,2025-01-21 08:23:00,2025-01-21 11:24:00,Y,"wrong zip code on order, corrected",7,19.25,0
ORD-27788,2025/03/22 12:24,02153,02180,ROUTINE,Brigham and Womens,D022,2025-03-22 12:42:00,,2025-03-22 14:40:00,2025-03-22 15:56:00,Y,pickup completed but paperwork missing from package,27,24.43,0
ORD-27789,2025-03-27 07:40:00,02144,02130,rush,Tufts Medical,D014,2025-03-27 07:49:00,2025-03-27 08:21:00,2025-03-27 08:58:00,2025-03-27 09:26:00,Y,,7,37.99,0
ORD-27790,01/16/2025 05:22,02035,02048,stat,BioReference Labs,D010,2025-01-16 05:43:00,2025-01-16 06:33:00,2025-01-16 08:00:00,2025-01-16 06:02:00,Y,lab closed early today per client,24,21.1,0
ORD-27791,2025/03/13 11:29,02032,02148,Same-Day,St. Elizabeth's Medical,D033,2025-03-13 12:09:00,2025-03-13 12:22:00,2025-03-13 12:47:00,2025-03-13 14:04:00,Y,dispatcher note: double-check temp on this one before logging,16,9.83,0
ORD-27792,03-04-25 08:27 AM,02021,02050,Routine,Boston Medical Center,D010,2025-03-04 08:30:00,2025-03-04 09:18:00,2025-03-04 10:55:00,2025-03-04 13:14:00,Y,"driver called in sick mid-route, reassigning trips",35,9.63,0
ORD-27793,03/31/2025 11:21,02030,02169,ROUTINE,Boston Med Ctr,D038,2025-03-31 11:52:00,,2025-03-31 14:14:00,2025-03-31 16:58:00,Y,"driver called in sick mid-route, reassigning trips",13,22.81,0
ORD-27794,2025/02/21 11:36,02052,02111,Rush,Providence Health,D007,2025-02-21 11:44:00,2025-02-21 12:14:00,2025-02-21 12:40:00,2025-02-21 13:10:00,Y,"driver stuck in traffic on 93, running ~20 min late",15,32.74,0
ORD-27795,01-14-25 11:25 AM,02140,02102,Routine,Children's Hospital,D015,2025-01-14 11:51:00,2025-01-14 12:08:00,2025-01-14 13:57:00,2025-01-14 15:02:00,Y,"wrong address on manifest, corrected enroute",32,17.87,0
ORD-27796,2025/01/27 14:03,02152,02134,routine,Tufts Med Center,D006,2025-01-27 14:47:00,2025-01-27 15:15:00,2025-01-27 16:55:00,2025-01-27 18:12:00,Y,,357,26.13,0
ORD-27797,2025/02/14 16:48,02109,02062,ROUTINE,Quest Diagnostics,D019,2025-02-14 17:17:00,2025-02-14 18:14:00,2025-02-14 20:14:00,2025-02-14 20:13:00,Y,recipient not available at delivery location,30,29.89,0
ORD-27798,2025/02/17 08:50,02038,02056,Rush,Northeast Laboratory,D023,2025-02-17 09:22:00,2025-02-17 10:04:00,2025-02-17 11:47:00,2025-02-17 09:53:00,Y,specimen temp excursion possible - driver reports cooler malfunction,16,33.52,0
ORD-27799,2025-01-04 11:24:00,01832,02163,ROUTINE,Lowell General,D033,2025-01-04 11:50:00,2025-01-04 12:09:00,2025-01-04 13:55:00,2025-01-04 16:11:00,Y,GPS routing error sent driver to wrong building,28,32.89,0
ORD-27800,2025/01/28 07:48,02116,02139,SAME-DAY,Emerson Hospital,D005,2025-01-28 08:02:00,,2025-01-28 10:10:00,2025-01-28 10:21:00,Y,GPS routing error sent driver to wrong building,38,32.77,0
ORD-27801,2025-02-11 12:49:00,01801,02101,SAME-DAY,BioReference Labs,D010,2025-02-11 12:52:00,,2025-02-11 14:53:00,2025-02-11 15:56:00,Y,recipient not available at delivery location,42,27.18,0
ORD-27802,03/23/2025 13:30,01852,02192,ROUTINE,Mass General Hospital,D007,2025-03-23 14:12:00,2025-03-23 14:52:00,2025-03-23 16:15:00,2025-03-23 18:15:00,Y,recipient not available at delivery location,38,20.09,0
ORD-27803,,02119,02105,Same-Day,Children's Hospital,D021,2025-02-17 11:58:00,2025-02-17 12:34:00,2025-02-17 13:05:00,2025-02-17 13:58:00,Y,"driver called in sick mid-route, reassigning trips",38,10.13,0
ORD-27804,2025-01-15 18:53:00,02107,02150,Routine,NE Labs,D032,2025-01-15 19:08:00,,2025-01-15 19:55:00,2025-01-15 23:50:00,Y,delayed at security checkpoint - id verification required,20,15.43,0
ORD-27805,2025/03/05 14:27,02170,02151,RUSH,Mass General Hospital,D028,2025-03-05 15:12:00,,2025-03-05 16:28:00,2025-03-05 15:35:00,Y,dispatcher note: double-check temp on this one before logging,32,15.81,0
ORD-27806,2025-02-20 08:07:00,02113,02114,Routine,MGH,D013,2025-02-20 08:36:00,,2025-02-20 09:57:00,2025-02-20 11:56:00,Y,specimen labeled incorrectly by client,223,13.99,0
ORD-27807,2025/01/03 14:19,02105,02038,Same-Day,Childrens Hospital,D020,2025-01-03 15:03:00,2025-01-03 15:31:00,2025-01-03 17:21:00,2025-01-03 17:49:00,Y,package refused by receiving staff - no signature authority,12,34.28,0
ORD-27808,03-05-25 08:35 AM,01854,02071,STAT,Quest Diag,D033,2025-03-05 09:12:00,2025-03-05 09:52:00,,2025-03-05 09:29:00,Y,traffic accident on route 1 delay,9,11.47,0
ORD-27809,2025-03-28 10:03:00,02140,02176,RUSH,Children's Hospital,D028,2025-03-28 10:20:00,2025-03-28 11:01:00,2025-03-28 12:25:00,2025-03-28 11:59:00,Y,specimen labeled incorrectly by client,24,15.87,0
ORD-27810,2025/02/01 13:33,02197,02038,Stat,NE Labs,UNASSIGNED,2025-02-01 13:59:00,2025-02-01 14:38:00,2025-02-01 16:32:00,2025-02-01 14:26:00,Y,"client called to confirm - specimen critical, needs STAT upgrade",33,17.31,0
ORD-27811,02-24-25 03:45 PM,02191,02176,routine,Emerson Hospital,D016,2025-02-24 16:26:00,2025-02-24 16:49:00,2025-02-24 17:33:00,2025-02-24 21:39:00,Y,driver cannot locate parking at hospital,24,5.62,0
ORD-27812,2025-03-30 12:12:00,02194,02118,Routine,Boston Medical Center,D004,2025-03-30 12:15:00,2025-03-30 13:07:00,2025-03-30 13:49:00,2025-03-30 17:51:00,Y,"pickup not ready, driver waiting 15+ min",37,29.16,0
ORD-27813,01/16/2025 18:31,02151,02120,routine,Northeast Laboratory,D001,2025-01-16 19:01:00,2025-01-16 19:36:00,2025-01-16 20:41:00,2025-01-16 23:03:00,N,specimen container damaged on pickup,22,30.99,0
ORD-27814,2025-03-25 13:33:00,02053,02151,SAME-DAY,Emerson Hospital,D032,2025-03-25 14:15:00,2025-03-25 14:47:00,2025-03-25 16:35:00,2025-03-25 15:43:00,N,,43,35.23,0
ORD-27815,2025/02/08 10:41,01840,02156,ROUTINE,Brigham & Women's,D041,2025-02-08 11:20:00,,2025-02-08 13:49:00,2025-02-08 16:27:00,Y,pickup completed but paperwork missing from package,18,30.02,0
ORD-27816,2025-03-28 11:25:00,02188,02177,ROUTINE,Lowell General,D037,2025-03-28 12:01:00,,2025-03-28 13:13:00,2025-03-28 16:03:00,Y,"pickup not ready, driver waiting 15+ min",8,37.87,0
ORD-27817,02/11/2025 18:16,02047,02067,STAT,Cape Cod Hospital,D027,2025-02-11 18:42:00,2025-02-11 19:06:00,2025-02-11 19:33:00,2025-02-11 19:04:00,Y,called client re specimen integrity - awaiting callback,35,12.83,0
ORD-27818,2025/03/23 15:26,01845,02104,ROUTINE,Emerson Hospital,D011,2025-03-23 16:06:00,2025-03-23 16:19:00,2025-03-23 17:35:00,2025-03-23 20:39:00,Y,"driver ran out of dry ice, needs resupply",33,9.31,0
ORD-27819,2025-03-15 10:31:00,01860,02038,SAME-DAY,Brigham and Womens,D041,2025-03-15 10:54:00,,2025-03-15 12:58:00,2025-03-15 13:00:00,Y,recipient not available at delivery location,27,35.81,0
ORD-27820,2025/03/08 13:43,02126,02043,ROUTINE,Providence Health,D024,2025-03-08 14:01:00,2025-03-08 14:22:00,2025-03-08 14:45:00,2025-03-08 16:51:00,Y,"pickup not ready, driver waiting 15+ min",41,14.95,0
ORD-27821,01/05/2025 17:17,02142,02185,STAT,Labcorp Inc,D012,2025-01-05 17:35:00,2025-01-05 18:16:00,2025-01-05 20:13:00,2025-01-05 17:53:00,Y,"wrong zip code on order, corrected",14,14.29,0
ORD-27822,2025-03-23 10:51:00,02194,02189,SAME-DAY,Labcorp Inc,D005,2025-03-23 11:24:00,2025-03-23 12:04:00,2025-03-23 13:59:00,2025-03-23 14:35:00,Y,lab closed early today per client,14,26.0,0
ORD-27823,01/24/2025 06:52,01864,02191,SAME-DAY,BioReference Labs,D006,2025-01-24 07:16:00,2025-01-24 07:56:00,2025-01-24 08:22:00,2025-01-24 10:25:00,Y,"driver called in sick mid-route, reassigning trips",41,7.19,0
ORD-27824,01-20-25 08:03 AM,02151,02140,ROUTINE,NE Labs,D027,2025-01-20 08:47:00,,2025-01-20 10:53:00,2025-01-20 11:46:00,Y,driver cannot locate parking at hospital,27,37.63,0
ORD-27825,2025/02/11 19:34,02107,02192,Rush,Brigham and Womens,D024,2025-02-11 20:05:00,2025-02-11 20:21:00,2025-02-11 21:35:00,2025-02-11 20:41:00,N,delayed at security checkpoint - id verification required,42,11.03,0
ORD-27826,2025-03-20 15:31:00,02153,02189,STAT,Tufts Medical,D001,2025-03-20 15:42:00,2025-03-20 16:33:00,2025-03-20 17:09:00,2025-03-20 16:25:00,N,driver cannot locate parking at hospital,24,19.32,0
ORD-27827,02-08-25 08:00 PM,01803,02132,ROUTINE,Tufts Medical,D003,2025-02-08 20:29:00,2025-02-08 20:57:00,2025-02-08 22:52:00,2025-02-09 01:24:00,Y,"client called to confirm - specimen critical, needs STAT upgrade",10,33.15,0
ORD-27828,2025/02/24 12:46,02053,02025,ROUTINE,Tufts Medical,D039,2025-02-24 13:01:00,,2025-02-24 15:06:00,2025-02-24 16:22:00,N,"driver ran out of dry ice, needs resupply",30,5.36,0
ORD-27829,03-03-25 09:47 AM,02122,02155,Routine,Quest Diagnostics,D025,2025-03-03 10:10:00,2025-03-03 10:20:00,2025-03-03 11:02:00,2025-03-03 14:34:00,Y,"driver stuck in traffic on 93, running ~20 min late",37,8.82,0
ORD-27830,2025-01-24 09:29:00,02045,02110,STAT,Children's Hospital,D016,2025-01-24 09:55:00,,2025-01-24 12:41:00,2025-01-24 10:27:00,Y,pickup completed but paperwork missing from package,33,14.1,0
ORD-27831,2025-03-15 07:27:00,01867,02047,Stat,Childrens Hospital,D013,2025-03-15 08:05:00,2025-03-15 08:58:00,,2025-03-15 08:27:00,N,specimen temp excursion possible - driver reports cooler malfunction,14,22.11,0
ORD-27832,03/10/2025 14:27,02135,02186,ROUTINE,Mass General Hospital,D025,2025-03-10 15:09:00,2025-03-10 15:57:00,2025-03-10 17:13:00,2025-03-10 20:10:00,Y,,44,12.73,0
ORD-27833,2025-01-27 14:33:00,02106,02198,ROUTINE,BioReference Labs,D026,2025-01-27 15:09:00,2025-01-27 16:09:00,2025-01-27 17:38:00,2025-01-27 18:04:00,Y,traffic accident on route 1 delay,40,19.03,0
ORD-27834,03/11/2025 06:24,02153,02121,Stat,Northeast Laboratory,D041,2025-03-11 07:05:00,2025-03-11 07:55:00,2025-03-11 09:40:00,2025-03-11 07:09:00,Y,"wrong zip code on order, corrected",28,23.92,0
ORD-27835,03/09/2025 02:33,02196,02025,Rush,Lowell General,D014,2025-03-09 02:54:00,2025-03-09 03:42:00,2025-03-09 04:19:00,2025-03-09 04:19:00,Y,"driver ran out of dry ice, needs resupply",30,37.92,0
ORD-27836,2025-01-21 10:40:00,02122,02113,SAME-DAY,Childrens Hospital,D030,2025-01-21 11:11:00,2025-01-21 12:10:00,2025-01-21 14:08:00,2025-01-21 13:36:00,Y,specimen labeled incorrectly by client,43,22.35,0
ORD-27837,2025-01-10 22:02:00,02128,02184,RUSH,Children's Hospital,D037,2025-01-10 22:41:00,,2025-01-10 23:48:00,2025-01-10 23:33:00,Y,"driver called in sick mid-route, reassigning trips",32,13.09,0
ORD-27838,02/20/2025 06:45,01876,02140,same-day,South Shore Hospital,D013,2025-02-20 07:12:00,2025-02-20 07:28:00,2025-02-20 08:27:00,2025-02-20 10:02:00,N,"driver ran out of dry ice, needs resupply",31,7.22,1
ORD-27839,2025/02/09 02:15,02113,02127,Stat,Labcorp Inc,D039,2025-02-09 02:53:00,2025-02-09 03:33:00,2025-02-09 04:32:00,2025-02-09 03:06:00,Y,"pickup not ready, driver waiting 15+ min",191,23.02,0
ORD-27840,03/29/2025 14:53,02138,02059,ROUTINE,Tufts Med Center,D001,2025-03-29 14:57:00,2025-03-29 15:46:00,2025-03-29 17:15:00,2025-03-29 19:42:00,Y,"driver called in sick mid-route, reassigning trips",41,27.86,0
ORD-27841,2025/02/05 13:56,02144,02103,SAME-DAY,NE Labs,D040,2025-02-05 14:00:00,2025-02-05 14:42:00,2025-02-05 15:36:00,2025-02-05 16:40:00,Y,"client changed pickup time, driver redirected",28,32.52,0
ORD-27842,2025/02/12 08:24,02134,02200,Rush,South Shore Hospital,D032,2025-02-12 09:03:00,2025-02-12 09:53:00,2025-02-12 11:25:00,2025-02-12 09:34:00,N,GPS routing error sent driver to wrong building,24,17.19,0
ORD-27843,2025/02/12 19:15,01803,02121,ROUTINE,Boston Med Ctr,D024,2025-02-12 19:21:00,2025-02-12 19:57:00,2025-02-12 21:12:00,2025-02-13 00:51:00,Y,,32,12.65,0
ORD-27844,03/11/2025 14:57,02043,02152,Stat,BioReference Labs,D039,2025-03-11 15:00:00,2025-03-11 15:37:00,2025-03-11 16:06:00,2025-03-11 15:31:00,Y,,7,33.72,0
ORD-27845,2025/01/08 02:39,02194,02032,ROUTINE,LabCorp,D023,2025-01-08 03:18:00,2025-01-08 04:05:00,2025-01-08 04:48:00,2025-01-08 06:15:00,Y,driver cannot locate parking at hospital,25,19.11,0
ORD-27846,01/25/2025 08:08,02153,02196,same-day,Quest Diagnostics,D006,2025-01-25 08:23:00,2025-01-25 09:22:00,2025-01-25 10:56:00,2025-01-25 10:18:00,Y,redelivery needed: building locked,41,11.49,0
ORD-27847,01/08/2025 08:05,02129,02148,ROUTINE,Northeast Laboratory,D023,2025-01-08 08:50:00,2025-01-08 09:48:00,2025-01-08 11:29:00,2025-01-08 11:21:00,N,GPS routing error sent driver to wrong building,18,8.25,0
ORD-27848,01/19/2025 11:31,02148,02192,ROUTINE,NE Labs,D013,2025-01-19 11:35:00,2025-01-19 12:09:00,2025-01-19 13:51:00,2025-01-19 16:46:00,N,driver cannot locate parking at hospital,25,19.27,0
ORD-27849,2025-03-09 12:48:00,02127,02169,STAT,Providence Health,D016,2025-03-09 12:51:00,2025-03-09 13:42:00,2025-03-09 15:36:00,2025-03-09 13:29:00,N,specimen container damaged on pickup,27,17.34,1
ORD-27850,01/26/2025 15:36,02139,02171,STAT,South Shore Hospital,D023,2025-01-26 16:12:00,2025-01-26 16:48:00,2025-01-26 18:15:00,2025-01-26 16:23:00,N,driver cannot locate parking at hospital,22,24.41,0
ORD-27851,2025-02-25 09:19:00,02134,02072,stat,Tufts Medical,D004,2025-02-25 09:45:00,2025-02-25 10:27:00,2025-02-25 11:14:00,2025-02-25 09:50:00,Y,redelivery needed: building locked,14,33.24,0
ORD-27852,2025/01/08 16:25,02129,02045,same-day,MGH,D007,2025-01-08 16:51:00,2025-01-08 17:07:00,2025-01-08 17:23:00,2025-01-08 20:04:00,Y,pickup completed but paperwork missing from package,19,6.26,0
ORD-27853,2025-02-21 13:55:00,02186,02108,routine,LabCorp,UNASSIGNED,2025-02-21 14:20:00,2025-02-21 14:31:00,2025-02-21 16:05:00,2025-02-21 19:39:00,Y,driver reports ice on roads in reading area,32,22.52,0
ORD-27854,2025-03-16 08:51:00,02145,02135,ROUTINE,St. Elizabeth's Medical,D018,2025-03-16 09:08:00,2025-03-16 09:27:00,2025-03-16 10:41:00,2025-03-16 12:01:00,Y,"pickup not ready, driver waiting 15+ min",14,30.99,0
ORD-27855,2025-03-15 15:59:00,02187,02103,ROUTINE,Northeast Labs,D028,2025-03-15 16:19:00,2025-03-15 16:33:00,2025-03-15 17:51:00,2025-03-15 20:17:00,Y,"driver called in sick mid-route, reassigning trips",19,7.87,0
ORD-27856,2025-03-23 12:08:00,02105,02071,ROUTINE,Mass General Hospital,D013,2025-03-23 12:51:00,2025-03-23 13:07:00,2025-03-23 14:32:00,2025-03-23 16:11:00,N,,39,37.89,0
ORD-27857,2025/01/22 08:34,02171,02102,stat,Labcorp Inc,D013,2025-01-22 08:48:00,2025-01-22 09:26:00,2025-01-22 10:46:00,2025-01-22 09:15:00,Y,redelivery needed: building locked,40,29.97,0
ORD-27858,2025/01/06 15:21,01832,02105,STAT,LabCorp,D037,2025-01-06 16:06:00,2025-01-06 17:00:00,2025-01-06 17:59:00,2025-01-06 16:01:00,Y,called client re specimen integrity - awaiting callback,8,33.08,0
ORD-27859,2025/02/05 08:34,02153,02149,rush,Boston Medical Center,D004,2025-02-05 09:07:00,2025-02-05 09:56:00,2025-02-05 11:09:00,2025-02-05 09:51:00,Y,pickup completed but paperwork missing from package,11,33.98,0
ORD-27860,03/09/2025 17:07,02155,02038,same-day,Boston Medical Center,D018,2025-03-09 17:37:00,2025-03-09 17:52:00,2025-03-09 18:59:00,2025-03-09 19:50:00,Y,driver reports ice on roads in reading area,328,35.28,0
ORD-27861,2025-02-24 17:58:00,02106,02196,ROUTINE,Quest Diagnostics,D021,2025-02-24 18:43:00,2025-02-24 19:08:00,2025-02-24 20:05:00,2025-02-24 22:40:00,Y,,36,16.58,0
ORD-27862,2025-03-22 18:39:00,01880,02047,stat,Quest Diagnostics,D009,2025-03-22 18:56:00,,2025-03-22 21:38:00,2025-03-22 19:14:00,Y,driver cannot locate parking at hospital,37,25.07,0
ORD-27863,01/15/2025 12:25,02101,02124,ROUTINE,Mass General Hospital,D022,2025-01-15 13:02:00,2025-01-15 13:54:00,2025-01-15 14:16:00,2025-01-15 15:47:00,Y,"wrong address on manifest, corrected enroute",45,27.2,0
ORD-27864,2025/01/27 09:07,02200,02184,SAME-DAY,Brigham & Women's,D019,2025-01-27 09:40:00,2025-01-27 10:09:00,2025-01-27 10:48:00,2025-01-27 12:20:00,Y,driver reports ice on roads in reading area,15,12.09,0
ORD-27865,03/22/2025 18:47,02156,02156,STAT,South Shore Hospital,D027,2025-03-22 19:25:00,2025-03-22 19:45:00,2025-03-22 20:20:00,2025-03-22 19:38:00,Y,,22,8.52,0
ORD-27866,03-24-25 02:20 PM,02143,02191,RUSH,Tufts Med Center,D029,2025-03-24 14:40:00,2025-03-24 15:18:00,2025-03-24 15:36:00,2025-03-24 15:56:00,Y,recipient not available at delivery location,36,15.94,0
ORD-27867,2025/03/05 12:51,02101,02118,ROUTINE,Mass General Hospital,D017,2025-03-05 13:03:00,,,2025-03-05 17:11:00,Y,"pickup not ready, driver waiting 15+ min",9,36.3,0
ORD-27868,2025/01/18 08:23,02119,02180,Stat,BioReference Labs,D005,2025-01-18 08:53:00,2025-01-18 09:08:00,,2025-01-18 09:19:00,Y,redelivery needed: building locked,21,8.43,0
ORD-27869,2025-02-10 09:15:00,02062,02126,STAT,LabCorp,D007,2025-02-10 09:35:00,,2025-02-10 11:38:00,2025-02-10 09:54:00,Y,called client re specimen integrity - awaiting callback,35,20.42,0
ORD-27870,2025-03-09 08:46:00,02021,02139,STAT,Tufts Medical,D001,2025-03-09 09:28:00,,2025-03-09 10:24:00,2025-03-09 09:36:00,N,lab closed early today per client,27,24.03,1
ORD-27871,2025-03-17 17:41:00,02122,02128,ROUTINE,Brigham and Womens,D003,2025-03-17 18:13:00,2025-03-17 19:01:00,2025-03-17 19:38:00,2025-03-17 22:53:00,N,driver cannot locate parking at hospital,20,21.87,1
ORD-27872,2025/03/12 09:08,02149,02125,same-day,Emerson Hospital,D039,2025-03-12 09:49:00,2025-03-12 10:28:00,2025-03-12 10:47:00,2025-03-12 12:40:00,Y,driver cannot locate parking at hospital,21,12.41,0
ORD-27873,,02066,02059,Routine,Lowell General,D004,2025-03-27 01:17:00,2025-03-27 01:59:00,2025-03-27 02:24:00,2025-03-27 03:49:00,N,"wrong zip code on order, corrected",29,37.82,0
ORD-27874,03-01-25 07:13 AM,02030,02177,ROUTINE,Quest Diag,D014,2025-03-01 07:25:00,2025-03-01 07:59:00,2025-03-01 09:37:00,2025-03-01 10:25:00,Y,specimen labeled incorrectly by client,27,32.75,0
ORD-27875,01-23-25 10:52 AM,02067,02138,ROUTINE,Northeast Laboratory,D023,2025-01-23 11:08:00,2025-01-23 11:47:00,2025-01-23 13:14:00,2025-01-23 15:26:00,N,"driver called in sick mid-route, reassigning trips",27,24.18,0
ORD-27876,2025/02/24 04:24,02149,02104,ROUTINE,St. Elizabeth's Medical,D011,2025-02-24 04:56:00,2025-02-24 05:06:00,2025-02-24 05:53:00,2025-02-24 10:11:00,Y,recipient not available at delivery location,29,31.0,0
ORD-27877,03-20-25 01:05 PM,02107,02153,Rush,South Shore Hospital,D011,2025-03-20 13:31:00,2025-03-20 13:52:00,,2025-03-20 14:13:00,Y,"wrong zip code on order, corrected",41,10.1,0
ORD-27878,2025/03/09 08:23,02132,02030,stat,Emerson Hospital,D037,2025-03-09 08:45:00,2025-03-09 09:30:00,2025-03-09 10:32:00,2025-03-09 08:55:00,Y,driver cannot locate parking at hospital,36,24.48,0
ORD-27879,2025-03-22 10:22:00,02056,02115,STAT,Tufts Med Center,D040,2025-03-22 11:07:00,2025-03-22 11:44:00,2025-03-22 12:41:00,2025-03-22 11:07:00,Y,called client re specimen integrity - awaiting callback,34,7.19,0
ORD-27880,2025-01-02 05:08:00,02038,02132,ROUTINE,South Shore Hospital,D032,2025-01-02 05:33:00,2025-01-02 05:56:00,2025-01-02 07:51:00,2025-01-02 09:15:00,N,lab closed early today per client,23,11.69,0
ORD-27881,02/07/2025 14:48,02170,02186,RUSH,Tufts Med Center,D041,2025-02-07 15:05:00,2025-02-07 15:42:00,2025-02-07 17:16:00,2025-02-07 16:23:00,Y,called client re specimen integrity - awaiting callback,14,14.09,0
ORD-27882,2025/01/06 13:12,02144,02135,SAME-DAY,Quest Diag,D005,2025-01-06 13:37:00,2025-01-06 14:18:00,2025-01-06 14:41:00,2025-01-06 16:53:00,Y,,6,18.99,0
ORD-27883,2025-03-11 14:40:00,02149,02062,same-day,Cape Cod Hospital,D007,2025-03-11 15:05:00,2025-03-11 16:04:00,2025-03-11 17:19:00,2025-03-11 16:42:00,Y,"driver called in sick mid-route, reassigning trips",229,31.94,0
ORD-27884,01-22-25 07:06 AM,02025,02019,RUSH,LabCorp,D007,2025-01-22 07:35:00,2025-01-22 08:17:00,2025-01-22 09:48:00,2025-01-22 08:41:00,Y,driver cannot locate parking at hospital,11,8.74,0
ORD-27885,2025-01-23 10:14:00,02104,02066,same-day,Boston Med Ctr,D017,2025-01-23 10:37:00,,2025-01-23 11:57:00,2025-01-23 12:48:00,Y,,44,22.71,0
ORD-27886,2025/02/27 11:32,02163,02111,ROUTINE,Emerson Hospital,D039,2025-02-27 11:41:00,2025-02-27 12:02:00,2025-02-27 12:43:00,2025-02-27 15:22:00,Y,"elevator down at 15 Elm St, driver using stairs",30,16.4,0
ORD-27887,02/05/2025 10:43,02019,02059,Rush,Cape Cod Hospital,D013,2025-02-05 10:51:00,2025-02-05 11:22:00,2025-02-05 11:41:00,2025-02-05 11:58:00,N,"elevator down at 15 Elm St, driver using stairs",40,14.32,0
ORD-27888,03-01-25 09:35 PM,02107,02038,Routine,Emerson Hospital,D012,2025-03-01 21:51:00,2025-03-01 22:28:00,2025-03-01 23:25:00,2025-03-02 03:04:00,Y,"client called to confirm - specimen critical, needs STAT upgrade",44,22.39,0
ORD-27889,2025-03-08 13:05:00,02071,02102,ROUTINE,BioReference Labs,D037,2025-03-08 13:33:00,2025-03-08 14:19:00,2025-03-08 15:46:00,2025-03-08 18:19:00,Y,delayed at security checkpoint - id verification required,12,25.53,0
ORD-27890,2025/02/08 12:52,02110,02139,Rush,Brigham & Women's,D006,2025-02-08 13:33:00,,2025-02-08 16:09:00,2025-02-08 13:57:00,Y,recipient not available at delivery location,36,15.45,0
ORD-27891,2025/02/21 18:57,02109,02130,RUSH,Brigham and Womens,D031,2025-02-21 19:02:00,2025-02-21 19:44:00,2025-02-21 20:15:00,2025-02-21 20:22:00,Y,GPS routing error sent driver to wrong building,37,34.23,0
ORD-27892,2025/03/11 09:34,02047,02131,STAT,Labcorp Inc,D005,2025-03-11 09:40:00,2025-03-11 10:32:00,2025-03-11 12:18:00,2025-03-11 10:31:00,Y,lab closed early today per client,44,19.97,0
ORD-27893,2025-03-21 19:46:00,02171,02142,Routine,NE Labs,UNASSIGNED,2025-03-21 20:11:00,,,2025-03-21 23:38:00,Y,"driver called in sick mid-route, reassigning trips",14,23.7,0
ORD-27894,2025-01-07 12:40:00,02129,02071,RUSH,Labcorp Inc,D039,2025-01-07 12:55:00,2025-01-07 13:38:00,2025-01-07 14:35:00,2025-01-07 13:50:00,Y,driver cannot locate parking at hospital,41,15.67,0
ORD-27895,2025/01/14 07:45,02198,02198,Rush,Children's Hospital,D001,2025-01-14 08:27:00,2025-01-14 08:43:00,2025-01-14 10:03:00,2025-01-14 08:48:00,Y,,44,15.12,0
ORD-27896,,02170,02108,ROUTINE,Northeast Labs,D016,2025-02-09 15:38:00,2025-02-09 16:28:00,2025-02-09 17:44:00,2025-02-09 20:51:00,Y,,19,13.03,0
ORD-27897,01/25/2025 07:26,01864,02145,ROUTINE,South Shore Hospital,D037,2025-01-25 07:40:00,2025-01-25 08:11:00,2025-01-25 09:02:00,2025-01-25 12:07:00,N,lab closed early today per client,13,22.49,1
ORD-27898,02/07/2025 14:17,02142,02134,SAME-DAY,South Shore Hospital,D026,2025-02-07 14:53:00,2025-02-07 15:24:00,2025-02-07 17:02:00,2025-02-07 17:58:00,Y,GPS routing error sent driver to wrong building,37,5.14,0
ORD-27899,01/14/2025 12:35,01876,02144,Routine,Labcorp Inc,D017,2025-01-14 12:48:00,2025-01-14 13:47:00,2025-01-14 15:41:00,2025-01-14 17:39:00,N,"driver stuck in traffic on 93, running ~20 min late",43,20.18,0
ORD-27900,2025-03-20 10:15:00,02195,02114,routine,Lowell General,D005,2025-03-20 10:22:00,2025-03-20 10:53:00,2025-03-20 12:08:00,2025-03-20 15:07:00,N,"driver called in sick mid-route, reassigning trips",27,12.51,0
ORD-27901,01/02/2025 12:03,02138,02134,rush,Tufts Medical,D036,2025-01-02 12:35:00,2025-01-02 13:34:00,2025-01-02 14:12:00,2025-01-02 13:34:00,N,"driver called in sick mid-route, reassigning trips",12,12.54,1
ORD-27902,01/27/2025 19:11,02072,02001,SAME-DAY,Children's Hospital,D017,2025-01-27 19:18:00,,2025-01-27 20:22:00,2025-01-27 21:22:00,Y,specimen container damaged on pickup,19,37.56,0
ORD-27903,2025-03-31 09:09:00,02107,02129,STAT,Quest Diagnostics,D002,2025-03-31 09:49:00,2025-03-31 10:00:00,2025-03-31 11:33:00,2025-03-31 09:59:00,Y,"elevator down at 15 Elm St, driver using stairs",41,7.05,0
ORD-27904,2025/02/19 13:12,02148,02156,Rush,NE Labs,D020,2025-02-19 13:41:00,2025-02-19 14:03:00,2025-02-19 15:48:00,2025-02-19 14:31:00,Y,"driver vehicle breakdown, transfer to DD033 in progress",45,9.16,0
ORD-27905,02/12/2025 14:53,02140,02148,Routine,South Shore Hospital,D040,2025-02-12 15:32:00,2025-02-12 16:27:00,2025-02-12 17:09:00,2025-02-12 19:23:00,Y,driver reports ice on roads in reading area,25,37.95,0
ORD-27906,01-30-25 09:07 AM,02116,02101,same-day,Labcorp Inc,D028,2025-01-30 09:28:00,2025-01-30 09:47:00,2025-01-30 10:13:00,2025-01-30 12:47:00,Y,"wrong address on manifest, corrected enroute",25,9.71,0
ORD-27907,02/04/2025 21:32,02192,02185,SAME-DAY,Northeast Labs,D013,2025-02-04 21:44:00,,2025-02-04 23:52:00,2025-02-05 00:06:00,Y,driver cannot locate parking at hospital,11,27.14,0
ORD-27908,2025-01-18 10:38:00,02021,02171,SAME-DAY,Brigham & Women's,D010,2025-01-18 10:45:00,2025-01-18 11:20:00,2025-01-18 11:58:00,2025-01-18 13:18:00,Y,traffic accident on route 1 delay,29,21.57,0
ORD-27909,2025-03-04 13:27:00,02054,02163,ROUTINE,Brigham & Women's,D033,2025-03-04 13:56:00,,2025-03-04 16:03:00,2025-03-04 19:23:00,Y,specimen labeled incorrectly by client,13,30.46,0
ORD-27910,03/13/2025 20:51,02109,02101,STAT,Children's Hospital,D031,2025-03-13 21:01:00,2025-03-13 21:47:00,2025-03-13 23:19:00,2025-03-13 21:40:00,Y,recipient not available at delivery location,39,14.82,0
ORD-27911,2025/03/01 09:07,02152,02106,routine,BioReference Labs,D021,2025-03-01 09:19:00,2025-03-01 09:30:00,2025-03-01 10:35:00,2025-03-01 12:54:00,Y,specimen container damaged on pickup,34,28.31,0
ORD-27912,01-11-25 09:05 AM,02127,02156,Rush,Lowell General,D040,2025-01-11 09:18:00,2025-01-11 09:40:00,2025-01-11 11:14:00,2025-01-11 11:05:00,Y,"client called to confirm - specimen critical, needs STAT upgrade",7,21.41,0
ORD-27913,01/07/2025 10:00,02180,02056,SAME-DAY,Mass General Hospital,D031,2025-01-07 10:07:00,,2025-01-07 10:53:00,2025-01-07 12:03:00,Y,"wrong zip code on order, corrected",13,33.75,0
ORD-27914,2025-03-23 16:23:00,02185,02149,ROUTINE,Boston Medical Center,D009,2025-03-23 17:03:00,2025-03-23 17:22:00,,2025-03-23 20:02:00,N,specimen temp excursion possible - driver reports cooler malfunction,18,29.16,1
ORD-27915,01-30-25 12:39 PM,01843,02115,ROUTINE,Mass General Hospital,D040,2025-01-30 13:19:00,2025-01-30 14:17:00,2025-01-30 15:35:00,2025-01-30 16:41:00,Y,"driver called in sick mid-route, reassigning trips",34,19.21,0
ORD-27916,2025/03/02 10:28,02184,02124,Stat,Northeast Labs,D019,2025-03-02 10:42:00,2025-03-02 11:29:00,2025-03-02 12:00:00,2025-03-02 11:22:00,Y,GPS routing error sent driver to wrong building,26,13.07,0
ORD-27917,02/04/2025 16:24,02047,02129,STAT,Labcorp Inc,D002,2025-02-04 16:51:00,2025-02-04 17:05:00,2025-02-04 18:27:00,2025-02-04 17:21:00,Y,lab closed early today per client,41,8.63,0
ORD-27918,03/07/2025 14:09,02186,02021,ROUTINE,NE Labs,D001,2025-03-07 14:45:00,2025-03-07 15:10:00,2025-03-07 15:59:00,2025-03-07 17:39:00,Y,,10,22.92,0
ORD-27919,2025-01-11 14:40:00,02104,02135,SAME-DAY,Northeast Labs,D001,2025-01-11 15:12:00,2025-01-11 15:39:00,2025-01-11 17:30:00,2025-01-11 18:31:00,Y,specimen labeled incorrectly by client,15,32.16,0
ORD-27920,2025/03/18 07:35,01801,02121,Routine,MGH,D017,2025-03-18 07:45:00,2025-03-18 08:45:00,2025-03-18 10:41:00,2025-03-18 13:06:00,N,"driver called in sick mid-route, reassigning trips",31,13.65,1
ORD-27921,03/10/2025 15:55,02193,02045,ROUTINE,Mass General Hospital,D033,2025-03-10 16:04:00,,2025-03-10 17:25:00,2025-03-10 20:16:00,Y,"driver called in sick mid-route, reassigning trips",23,12.64,0
ORD-27922,2025-02-23 19:11:00,02151,02149,ROUTINE,Boston Medical Center,D009,2025-02-23 19:37:00,2025-02-23 20:21:00,2025-02-23 22:17:00,2025-02-24 00:01:00,Y,"client changed pickup time, driver redirected",38,31.26,0
ORD-27923,02/23/2025 08:49,02107,02171,routine,MGH,D007,2025-02-23 09:04:00,2025-02-23 09:57:00,,2025-02-23 12:14:00,Y,,16,26.24,0
ORD-27924,2025/02/14 11:54,02142,02150,ROUTINE,Boston Medical Center,D034,2025-02-14 12:02:00,,2025-02-14 12:45:00,2025-02-14 15:27:00,Y,pickup completed but paperwork missing from package,28,15.82,0
ORD-27925,03/18/2025 21:32,02130,02102,STAT,MGH,D035,2025-03-18 21:42:00,2025-03-18 22:36:00,2025-03-18 23:08:00,2025-03-18 22:27:00,N,"client changed pickup time, driver redirected",29,9.29,1
ORD-27926,2025-03-14 12:29:00,02136,02199,ROUTINE,Childrens Hospital,D030,2025-03-14 12:37:00,2025-03-14 12:51:00,2025-03-14 14:15:00,2025-03-14 17:45:00,Y,"client changed pickup time, driver redirected",33,16.16,0
ORD-27927,01-13-25 01:52 AM,02149,02136,ROUTINE,Northeast Labs,D036,2025-01-13 01:56:00,2025-01-13 02:39:00,2025-01-13 03:17:00,2025-01-13 05:21:00,Y,"elevator down at 15 Elm St, driver using stairs",24,10.29,0
ORD-27928,2025/03/23 17:05,02053,02062,stat,MGH,D020,2025-03-23 17:32:00,2025-03-23 18:11:00,2025-03-23 19:38:00,2025-03-23 17:39:00,Y,delayed at security checkpoint - id verification required,31,23.92,0
ORD-27929,01/04/2025 15:59,02109,02176,ROUTINE,Cape Cod Hospital,D016,2025-01-04 16:19:00,,2025-01-04 17:30:00,2025-01-04 20:32:00,N,"wrong address on manifest, corrected enroute",17,11.68,0
ORD-27930,2025-02-20 17:04:00,02101,02054,SAME-DAY,Labcorp Inc,D026,2025-02-20 17:42:00,2025-02-20 18:09:00,2025-02-20 19:57:00,2025-02-20 20:32:00,Y,,13,37.12,0
ORD-27931,2025-03-19 11:08:00,02163,02194,SAME-DAY,NE Labs,D035,2025-03-19 11:35:00,2025-03-19 12:10:00,2025-03-19 13:38:00,2025-03-19 13:43:00,Y,driver cannot locate parking at hospital,8,19.24,0
ORD-27932,02/10/2025 11:29,02171,02132,Routine,Children's Hospital,D026,2025-02-10 11:41:00,2025-02-10 12:36:00,,2025-02-10 14:30:00,Y,driver cannot locate parking at hospital,42,14.37,0
ORD-27933,01/16/2025 11:44,02019,02109,SAME-DAY,Northeast Labs,D004,2025-01-16 12:11:00,2025-01-16 12:54:00,2025-01-16 14:03:00,2025-01-16 14:40:00,N,"elevator down at 15 Elm St, driver using stairs",39,30.85,0
ORD-27934,02-15-25 11:16 AM,02197,02067,ROUTINE,Quest Diagnostics,D024,2025-02-15 11:48:00,2025-02-15 12:08:00,2025-02-15 12:34:00,2025-02-15 15:44:00,Y,,22,18.85,0
ORD-27935,02/21/2025 10:29,02110,02072,Routine,Boston Medical Center,D008,2025-02-21 10:40:00,,2025-02-21 11:40:00,2025-02-21 16:17:00,N,"pickup not ready, driver waiting 15+ min",45,23.49,0
ORD-27936,2025-03-15 10:40:00,02001,02171,stat,Cape Cod Hospital,D009,2025-03-15 11:05:00,,,2025-03-15 11:32:00,Y,,20,33.7,0
ORD-27937,2025-03-20 16:32:00,02122,02107,routine,Children's Hospital,D028,2025-03-20 17:17:00,2025-03-20 18:07:00,2025-03-20 19:50:00,2025-03-20 19:34:00,Y,traffic accident on route 1 delay,22,9.9,0
ORD-27938,2025-03-20 17:53:00,02071,02131,STAT,Boston Medical Center,D001,2025-03-20 18:00:00,2025-03-20 18:25:00,2025-03-20 20:11:00,2025-03-20 18:41:00,Y,"driver stuck in traffic on 93, running ~20 min late",123,6.09,0
ORD-27939,2025-03-05 19:55:00,02125,02144,routine,Lowell General,D002,2025-03-05 20:04:00,2025-03-05 20:16:00,2025-03-05 21:09:00,2025-03-05 22:55:00,N,called client re specimen integrity - awaiting callback,33,5.75,0
ORD-27940,2025-03-19 04:20:00,01867,02052,SAME-DAY,Cape Cod Hospital,D001,2025-03-19 04:40:00,2025-03-19 05:02:00,2025-03-19 06:07:00,2025-03-19 07:59:00,Y,delayed at security checkpoint - id verification required,12,10.96,0
ORD-27941,2025-03-09 10:17:00,02124,02128,RUSH,Children's Hospital,D027,2025-03-09 10:25:00,2025-03-09 11:19:00,2025-03-09 12:26:00,2025-03-09 11:59:00,Y,,9,28.26,0
ORD-27942,02-11-25 07:26 AM,02143,02001,Routine,Lowell General,D025,2025-02-11 08:08:00,2025-02-11 08:40:00,2025-02-11 09:07:00,2025-02-11 13:07:00,Y,,39,7.45,0
ORD-27943,03/24/2025 08:44,02059,02124,routine,Tufts Medical,UNASSIGNED,2025-03-24 08:49:00,2025-03-24 09:33:00,2025-03-24 11:29:00,2025-03-24 13:10:00,N,GPS routing error sent driver to wrong building,15,32.73,0
ORD-27944,2025/03/12 15:51,02190,02060,same-day,BioReference Labs,D025,2025-03-12 16:22:00,2025-03-12 17:09:00,2025-03-12 18:30:00,2025-03-12 18:03:00,Y,delayed at security checkpoint - id verification required,12,11.23,0
ORD-27945,03/02/2025 05:58,02149,02111,RUSH,Brigham & Women's,UNASSIGNED,2025-03-02 06:16:00,2025-03-02 07:05:00,2025-03-02 07:55:00,2025-03-02 07:52:00,Y,"driver ran out of dry ice, needs resupply",16,30.1,0
ORD-27946,,02101,02126,RUSH,BioReference Labs,D013,2025-01-11 19:44:00,2025-01-11 20:42:00,2025-01-11 21:53:00,2025-01-11 20:29:00,Y,specimen labeled incorrectly by client,19,26.64,0
ORD-27947,01-03-25 08:20 AM,02054,02169,ROUTINE,Quest Diagnostics,D016,2025-01-03 08:34:00,2025-01-03 09:31:00,,2025-01-03 13:52:00,Y,"client called to confirm - specimen critical, needs STAT upgrade",29,7.91,0
ORD-27948,03/01/2025 16:42,02170,02188,ROUTINE,Northeast Labs,D005,2025-03-01 17:21:00,2025-03-01 18:12:00,2025-03-01 19:45:00,2025-03-01 21:50:00,Y,,22,18.55,0
ORD-27949,2025-03-02 02:36:00,01851,02067,STAT,South Shore Hospital,D026,2025-03-02 02:49:00,2025-03-02 03:29:00,2025-03-02 04:24:00,2025-03-02 03:07:00,Y,pickup completed but paperwork missing from package,45,9.27,0
ORD-27950,2025/01/05 09:48,02130,02054,RUSH,Northeast Labs,UNASSIGNED,2025-01-05 09:54:00,2025-01-05 10:20:00,,2025-01-05 11:15:00,Y,,29,5.88,0
ORD-27951,02/18/2025 14:57,02071,02180,STAT,Brigham & Women's,UNASSIGNED,2025-02-18 15:07:00,2025-02-18 15:37:00,2025-02-18 16:49:00,2025-02-18 15:56:00,Y,delayed at security checkpoint - id verification required,6,19.89,0
ORD-27952,2025-01-17 15:41:00,02102,02054,Routine,Lowell General,D001,2025-01-17 16:26:00,2025-01-17 16:45:00,2025-01-17 17:27:00,2025-01-17 21:16:00,Y,dispatcher note: double-check temp on this one before logging,14,20.09,0
ORD-27953,2025-03-04 18:26:00,02133,02139,SAME-DAY,Labcorp Inc,D021,2025-03-04 18:42:00,,2025-03-04 19:47:00,2025-03-04 21:30:00,Y,GPS routing error sent driver to wrong building,40,37.08,0
ORD-27954,2025-01-06 18:28:00,02190,02038,SAME-DAY,Children's Hospital,D034,2025-01-06 18:52:00,2025-01-06 19:49:00,2025-01-06 21:30:00,2025-01-06 22:13:00,Y,"wrong address on manifest, corrected enroute",42,9.11,0
ORD-27955,2025-03-15 08:24:00,01863,02045,ROUTINE,BioReference Labs,D006,2025-03-15 08:52:00,2025-03-15 09:11:00,2025-03-15 10:10:00,2025-03-15 12:17:00,Y,"wrong address on manifest, corrected enroute",40,22.26,0
ORD-27956,02/01/2025 08:40,02050,02199,SAME-DAY,Lowell General,D020,2025-02-01 09:11:00,2025-02-01 10:10:00,2025-02-01 11:17:00,2025-02-01 12:12:00,N,"driver stuck in traffic on 93, running ~20 min late",17,22.49,0
ORD-27957,2025-01-24 11:55:00,02105,02108,SAME-DAY,Lowell General,D034,2025-01-24 12:40:00,2025-01-24 13:18:00,2025-01-24 14:21:00,2025-01-24 15:28:00,Y,"driver stuck in traffic on 93, running ~20 min late",26,5.52,0
ORD-27958,2025-02-12 11:18:00,01867,02109,Rush,MGH,D022,2025-02-12 11:26:00,2025-02-12 12:22:00,2025-02-12 13:45:00,2025-02-12 12:25:00,Y,"wrong address on manifest, corrected enroute",13,34.39,0
ORD-27959,2025-03-29 17:45:00,02135,02030,ROUTINE,Tufts Medical,D035,2025-03-29 18:15:00,2025-03-29 18:57:00,2025-03-29 20:36:00,2025-03-29 23:28:00,Y,,31,30.74,0
ORD-27960,01-15-25 11:51 AM,02062,02200,Stat,Children's Hospital,D007,2025-01-15 12:15:00,2025-01-15 13:09:00,2025-01-15 14:11:00,2025-01-15 12:30:00,N,package refused by receiving staff - no signature authority,21,36.55,0
ORD-27961,01-21-25 02:59 PM,02067,02059,ROUTINE,Childrens Hospital,D013,2025-01-21 15:22:00,2025-01-21 15:56:00,2025-01-21 16:25:00,2025-01-21 18:45:00,N,,34,7.27,0
ORD-27962,03/07/2025 04:09,02048,02025,ROUTINE,Northeast Laboratory,D035,2025-03-07 04:28:00,2025-03-07 05:21:00,2025-03-07 06:32:00,2025-03-07 08:41:00,Y,"client changed pickup time, driver redirected",20,26.11,0
ORD-27963,2025/01/21 12:14,01843,02128,STAT,Lowell General,D005,2025-01-21 12:52:00,2025-01-21 13:42:00,2025-01-21 15:38:00,2025-01-21 13:09:00,Y,driver cannot locate parking at hospital,44,16.5,0
ORD-27964,03/08/2025 13:33,02131,02194,routine,Tufts Medical,D037,2025-03-08 14:05:00,2025-03-08 14:47:00,2025-03-08 15:42:00,2025-03-08 17:09:00,Y,,17,25.44,0
ORD-27965,2025/02/04 18:25,02121,02140,RUSH,BioReference Labs,D002,2025-02-04 19:06:00,2025-02-04 19:40:00,2025-02-04 20:02:00,2025-02-04 20:01:00,Y,specimen container damaged on pickup,17,31.85,0
ORD-27966,01/20/2025 19:27,02150,02149,ROUTINE,BioReference Labs,D038,2025-01-20 20:05:00,2025-01-20 20:26:00,2025-01-20 21:44:00,2025-01-20 23:43:00,Y,specimen labeled incorrectly by client,10,22.25,0
ORD-27967,2025/02/06 16:43,02129,02126,rush,Providence Health,D037,2025-02-06 16:48:00,,,2025-02-06 17:51:00,N,dispatcher note: double-check temp on this one before logging,9,7.73,1
ORD-27968,03/30/2025 11:05,02119,02140,STAT,Quest Diagnostics,D025,2025-03-30 11:50:00,2025-03-30 12:10:00,2025-03-30 13:07:00,2025-03-30 11:35:00,Y,,33,16.95,0
ORD-27969,03/21/2025 04:02,01879,02060,Rush,Tufts Medical,D030,2025-03-21 04:37:00,2025-03-21 05:05:00,2025-03-21 06:55:00,2025-03-21 05:18:00,Y,lab closed early today per client,32,25.8,0
ORD-27970,2025/01/11 15:52,02025,02120,stat,Mass General Hospital,D023,2025-01-11 16:11:00,2025-01-11 16:49:00,2025-01-11 17:35:00,2025-01-11 16:37:00,Y,pickup completed but paperwork missing from package,27,22.53,0
ORD-27971,01-11-25 01:56 PM,02156,02150,ROUTINE,St. Elizabeth's Medical,D010,2025-01-11 14:07:00,,2025-01-11 15:19:00,2025-01-11 19:46:00,Y,package refused by receiving staff - no signature authority,27,16.75,0
ORD-27972,03/07/2025 11:33,02133,02125,ROUTINE,Northeast Labs,D008,2025-03-07 11:53:00,2025-03-07 12:11:00,2025-03-07 12:40:00,2025-03-07 16:32:00,N,GPS routing error sent driver to wrong building,33,19.82,0
ORD-27973,03-29-25 03:46 PM,02138,02127,routine,Quest Diagnostics,D022,2025-03-29 16:08:00,2025-03-29 16:48:00,2025-03-29 18:37:00,2025-03-29 20:38:00,N,specimen labeled incorrectly by client,12,29.78,0
ORD-27974,03/10/2025 16:13,01832,02119,RUSH,Labcorp Inc,D021,2025-03-10 16:54:00,2025-03-10 17:31:00,2025-03-10 19:18:00,2025-03-10 17:30:00,Y,specimen container damaged on pickup,23,11.66,0
ORD-27975,2025-01-14 16:51:00,02019,02151,ROUTINE,LabCorp,D031,2025-01-14 17:02:00,2025-01-14 17:24:00,2025-01-14 18:27:00,2025-01-14 21:52:00,Y,,16,6.88,0
ORD-27976,01/21/2025 10:11,01801,02126,Stat,Childrens Hospital,D034,2025-01-21 10:49:00,2025-01-21 11:30:00,2025-01-21 11:48:00,2025-01-21 11:10:00,Y,dispatcher note: double-check temp on this one before logging,45,36.8,0
ORD-27977,2025/01/07 10:39,02129,02056,ROUTINE,Cape Cod Hospital,D041,2025-01-07 10:49:00,2025-01-07 11:24:00,2025-01-07 12:51:00,2025-01-07 14:35:00,Y,"elevator down at 15 Elm St, driver using stairs",20,9.31,0
ORD-27978,03/17/2025 09:01,02192,02110,SAME-DAY,Tufts Med Center,D003,2025-03-17 09:04:00,2025-03-17 09:48:00,2025-03-17 10:08:00,2025-03-17 11:08:00,Y,package refused by receiving staff - no signature authority,15,24.15,0
ORD-27979,2025/03/16 14:24,01840,02195,ROUTINE,Northeast Labs,D025,2025-03-16 14:31:00,2025-03-16 14:48:00,,2025-03-16 17:47:00,Y,,39,31.6,0
ORD-27980,02-16-25 06:39 PM,02163,02118,SAME-DAY,Brigham and Womens,D026,2025-02-16 19:08:00,2025-02-16 19:21:00,2025-02-16 20:17:00,2025-02-16 21:59:00,Y,called client re specimen integrity - awaiting callback,34,30.59,0
ORD-27981,01/25/2025 11:58,02106,02103,Stat,LabCorp,D020,2025-01-25 12:22:00,2025-01-25 12:57:00,2025-01-25 13:13:00,2025-01-25 12:32:00,Y,,8,27.78,0
ORD-27982,02/15/2025 07:58,01851,02047,Same-Day,Children's Hospital,D017,2025-02-15 08:41:00,2025-02-15 09:11:00,2025-02-15 11:01:00,2025-02-15 11:06:00,N,driver reports ice on roads in reading area,30,35.73,0
ORD-27983,2025/02/03 10:54,02048,02125,Routine,Quest Diagnostics,UNASSIGNED,2025-02-03 10:57:00,,2025-02-03 12:07:00,2025-02-03 15:47:00,Y,driver reports ice on roads in reading area,37,29.01,0
ORD-27984,2025-01-04 15:15:00,01886,02128,Same-Day,Boston Med Ctr,D035,2025-01-04 15:32:00,2025-01-04 16:12:00,2025-01-04 16:55:00,2025-01-04 17:36:00,Y,package refused by receiving staff - no signature authority,18,13.5,0
ORD-27985,01/07/2025 06:17,02116,02170,RUSH,BioReference Labs,D028,2025-01-07 06:25:00,2025-01-07 07:19:00,,2025-01-07 08:13:00,Y,"wrong address on manifest, corrected enroute",12,17.27,0
ORD-27986,2025-03-25 15:31:00,02035,02032,stat,Brigham and Womens,D033,2025-03-25 16:16:00,2025-03-25 16:31:00,2025-03-25 17:59:00,2025-03-25 16:19:00,Y,redelivery needed: building locked,19,15.22,0
ORD-27987,04-01-25 09:22 AM,01840,02045,STAT,Tufts Medical,D022,2025-04-01 09:54:00,2025-04-01 10:10:00,2025-04-01 11:07:00,2025-04-01 10:08:00,Y,specimen labeled incorrectly by client,40,10.95,0
ORD-27988,01/08/2025 13:34,02043,02163,ROUTINE,Emerson Hospital,D007,2025-01-08 14:19:00,2025-01-08 15:09:00,2025-01-08 15:49:00,2025-01-08 18:07:00,Y,,24,22.9,0
ORD-27989,02/10/2025 07:14,02103,02062,RUSH,Quest Diag,D005,2025-02-10 07:47:00,2025-02-10 08:25:00,2025-02-10 10:23:00,2025-02-10 08:45:00,Y,"wrong address on manifest, corrected enroute",8,10.95,0
ORD-27990,01-07-25 09:50 AM,02127,02190,STAT,Tufts Medical,D006,2025-01-07 10:33:00,2025-01-07 11:17:00,2025-01-07 11:36:00,2025-01-07 10:40:00,Y,driver reports ice on roads in reading area,25,30.45,0
ORD-27991,03-19-25 01:39 PM,02107,02053,STAT,Boston Medical Center,D040,2025-03-19 14:06:00,2025-03-19 14:55:00,2025-03-19 15:11:00,2025-03-19 14:36:00,Y,"wrong address on manifest, corrected enroute",40,23.84,0
ORD-27992,01/13/2025 14:30,02107,02143,stat,BioReference Labs,D002,2025-01-13 15:10:00,2025-01-13 15:40:00,2025-01-13 16:58:00,2025-01-13 15:12:00,N,driver cannot locate parking at hospital,42,36.14,0
ORD-27993,03/18/2025 10:37,02143,02170,STAT,Tufts Medical,D026,2025-03-18 11:14:00,2025-03-18 11:37:00,2025-03-18 12:47:00,2025-03-18 11:15:00,Y,redelivery needed: building locked,22,10.18,0
ORD-27994,01-05-25 10:52 AM,02193,02071,ROUTINE,Boston Med Ctr,D022,2025-01-05 11:28:00,,2025-01-05 13:47:00,2025-01-05 15:21:00,Y,"driver called in sick mid-route, reassigning trips",40,16.84,0
ORD-27995,03/23/2025 22:15,02052,02030,STAT,Northeast Laboratory,D023,2025-03-23 22:32:00,2025-03-23 23:17:00,2025-03-24 00:09:00,2025-03-23 22:47:00,Y,,16,37.62,0
ORD-27996,2025/02/28 17:51,02118,02130,RUSH,Tufts Medical,D041,2025-02-28 18:06:00,,2025-02-28 19:20:00,2025-02-28 19:15:00,Y,"wrong address on manifest, corrected enroute",36,7.64,0
ORD-27997,01/02/2025 08:02,02196,02190,SAME-DAY,Children's Hospital,D020,2025-01-02 08:25:00,2025-01-02 09:23:00,2025-01-02 10:36:00,2025-01-02 11:22:00,Y,specimen container damaged on pickup,22,4.69,0
ORD-27998,2025/01/09 03:00,01851,02133,Stat,Lowell General,D008,2025-01-09 03:20:00,2025-01-09 04:05:00,2025-01-09 06:05:00,2025-01-09 03:30:00,N,pickup completed but paperwork missing from package,20,30.32,0
ORD-27999,2025-01-15 09:40:00,02150,02110,ROUTINE,Childrens Hospital,D010,2025-01-15 10:00:00,2025-01-15 10:25:00,2025-01-15 11:16:00,2025-01-15 13:53:00,Y,"wrong address on manifest, corrected enroute",38,29.35,0
ORD-28000,2025/02/10 10:36,02071,02053,ROUTINE,Cape Cod Hospital,D014,2025-02-10 11:04:00,2025-02-10 11:53:00,2025-02-10 12:50:00,2025-02-10 13:47:00,Y,"wrong zip code on order, corrected",42,21.76,0
ORD-28001,03-31-25 06:11 AM,02132,02067,STAT,Tufts Med Center,D015,2025-03-31 06:47:00,2025-03-31 07:44:00,2025-03-31 08:15:00,2025-03-31 06:59:00,Y,"wrong zip code on order, corrected",42,34.21,0
ORD-28002,01-19-25 09:26 AM,02129,02118,Rush,Providence Health,D011,2025-01-19 09:58:00,,2025-01-19 12:03:00,2025-01-19 11:17:00,Y,"elevator down at 15 Elm St, driver using stairs",29,35.33,0
ORD-28003,2025-02-08 19:46:00,02186,02025,rush,Lowell General,D039,2025-02-08 20:18:00,2025-02-08 20:55:00,2025-02-08 22:12:00,2025-02-08 21:36:00,Y,specimen container damaged on pickup,356,15.16,0
ORD-28004,02-23-25 11:12 AM,02038,02188,stat,Mass General Hospital,D018,2025-02-23 11:44:00,2025-02-23 12:12:00,2025-02-23 14:05:00,2025-02-23 12:05:00,N,"client changed pickup time, driver redirected",40,31.83,0
ORD-28005,2025-02-28 08:52:00,02199,02155,Stat,Labcorp Inc,UNASSIGNED,2025-02-28 09:18:00,2025-02-28 09:33:00,2025-02-28 10:07:00,2025-02-28 09:52:00,N,"wrong address on manifest, corrected enroute",20,25.88,0
ORD-28006,02/27/2025 14:37,02135,02193,ROUTINE,Northeast Labs,D011,2025-02-27 15:17:00,2025-02-27 15:49:00,2025-02-27 17:28:00,2025-02-27 19:44:00,Y,dispatcher note: double-check temp on this one before logging,18,22.01,0
ORD-28007,01/29/2025 11:43,02131,02061,ROUTINE,NE Labs,D039,2025-01-29 11:46:00,2025-01-29 12:04:00,2025-01-29 13:12:00,2025-01-29 15:04:00,Y,lab closed early today per client,19,14.34,0
ORD-28008,01/12/2025 12:31,02187,02186,STAT,BioReference Labs,D019,2025-01-12 13:08:00,2025-01-12 13:43:00,2025-01-12 15:33:00,2025-01-12 13:15:00,Y,"driver vehicle breakdown, transfer to DD019 in progress",44,15.09,0
ORD-28009,03/17/2025 09:16,02071,02060,SAME-DAY,St. Elizabeth's Medical,D027,2025-03-17 09:28:00,2025-03-17 10:22:00,2025-03-17 11:57:00,2025-03-17 12:14:00,N,"driver stuck in traffic on 93, running ~20 min late",37,9.99,0
ORD-28010,01/09/2025 05:45,02187,02114,RUSH,Labcorp Inc,D004,2025-01-09 05:52:00,,2025-01-09 08:22:00,2025-01-09 07:14:00,N,driver cannot locate parking at hospital,26,23.67,0
ORD-28011,2025/01/07 11:05,02189,02026,ROUTINE,Lowell General,D010,2025-01-07 11:19:00,,2025-01-07 12:09:00,2025-01-07 16:50:00,Y,"pickup not ready, driver waiting 15+ min",7,14.97,0
ORD-28012,01/15/2025 17:40,02035,02142,STAT,Tufts Medical,D017,2025-01-15 17:48:00,2025-01-15 18:24:00,2025-01-15 19:14:00,2025-01-15 18:19:00,Y,,16,33.29,0
ORD-28013,2025-02-14 09:04:00,02155,02143,Routine,NE Labs,D027,2025-02-14 09:32:00,2025-02-14 09:43:00,2025-02-14 10:22:00,2025-02-14 13:03:00,Y,"elevator down at 15 Elm St, driver using stairs",24,15.65,0
ORD-28014,01/08/2025 10:18,02059,02126,SAME-DAY,Quest Diag,D001,2025-01-08 10:25:00,2025-01-08 10:40:00,2025-01-08 12:07:00,2025-01-08 12:51:00,Y,,30,25.05,0
ORD-28015,2025-03-23 15:30:00,02135,02114,routine,Brigham and Womens,D020,2025-03-23 15:54:00,2025-03-23 16:21:00,2025-03-23 16:55:00,2025-03-23 20:20:00,Y,delayed at security checkpoint - id verification required,9,15.1,0
ORD-28016,,02045,02129,Same-Day,Cape Cod Hospital,D034,2025-02-15 18:56:00,2025-02-15 19:30:00,2025-02-15 19:50:00,2025-02-15 21:52:00,Y,"wrong zip code on order, corrected",30,30.62,0
ORD-28017,01/28/2025 07:29,01826,02143,ROUTINE,Providence Health,D012,2025-01-28 07:59:00,2025-01-28 08:58:00,2025-01-28 10:51:00,2025-01-28 12:41:00,Y,"client changed pickup time, driver redirected",6,23.29,0
ORD-28018,,01840,02026,STAT,Labcorp Inc,D016,2025-03-16 17:20:00,2025-03-16 18:17:00,2025-03-16 19:58:00,2025-03-16 17:37:00,Y,redelivery needed: building locked,13,37.89,0
ORD-28019,2025-01-19 17:27:00,02153,02118,STAT,South Shore Hospital,D039,2025-01-19 17:40:00,2025-01-19 18:08:00,2025-01-19 19:53:00,2025-01-19 18:01:00,Y,pickup completed but paperwork missing from package,133,18.82,0
ORD-28020,2025-02-01 15:07:00,02195,02045,ROUTINE,MGH,D027,2025-02-01 15:41:00,2025-02-01 15:56:00,2025-02-01 17:24:00,2025-02-01 21:01:00,Y,GPS routing error sent driver to wrong building,5,31.63,0
ORD-28021,2025/01/14 11:39,02189,02122,Stat,South Shore Hospital,D008,2025-01-14 11:57:00,2025-01-14 12:20:00,2025-01-14 14:08:00,2025-01-14 12:20:00,Y,GPS routing error sent driver to wrong building,15,22.7,0
ORD-28022,03/01/2025 14:45,02066,02054,routine,Northeast Labs,D002,2025-03-01 15:24:00,2025-03-01 15:40:00,2025-03-01 16:27:00,2025-03-01 19:52:00,N,,32,22.32,0
ORD-28023,01/24/2025 05:41,02050,02163,ROUTINE,Boston Medical Center,D025,2025-01-24 05:52:00,,2025-01-24 08:04:00,2025-01-24 11:25:00,Y,,45,33.92,0
ORD-28024,01/20/2025 21:10,01864,02120,Stat,Children's Hospital,D036,2025-01-20 21:26:00,2025-01-20 22:08:00,2025-01-20 23:13:00,2025-01-20 21:48:00,N,"pickup not ready, driver waiting 15+ min",13,30.56,0
ORD-28025,2025-03-12 08:22:00,02048,02138,rush,South Shore Hospital,D028,2025-03-12 08:44:00,2025-03-12 09:11:00,,2025-03-12 09:51:00,Y,"driver called in sick mid-route, reassigning trips",7,15.28,0
ORD-28026,02/15/2025 08:37,01863,02139,RUSH,MGH,D015,2025-02-15 08:57:00,,2025-02-15 11:18:00,2025-02-15 10:00:00,Y,"driver stuck in traffic on 93, running ~20 min late",40,24.72,0
ORD-28027,03/04/2025 09:51,01864,02059,ROUTINE,Boston Medical Center,D029,2025-03-04 09:55:00,2025-03-04 10:32:00,2025-03-04 11:41:00,2025-03-04 12:51:00,N,GPS routing error sent driver to wrong building,16,14.58,0
ORD-28028,02/28/2025 10:07,02189,02141,ROUTINE,Tufts Medical,D034,2025-02-28 10:26:00,2025-02-28 10:44:00,2025-02-28 12:13:00,2025-02-28 15:19:00,Y,"driver called in sick mid-route, reassigning trips",337,22.91,0
ORD-28029,2025/01/08 17:35,02119,02126,STAT,Tufts Medical,D001,2025-01-08 18:16:00,2025-01-08 18:58:00,2025-01-08 20:17:00,2025-01-08 18:06:00,Y,package refused by receiving staff - no signature authority,27,8.35,0
ORD-28030,03/25/2025 14:37,01867,02129,ROUTINE,Lowell General,D037,2025-03-25 14:45:00,2025-03-25 14:58:00,2025-03-25 15:40:00,2025-03-25 20:05:00,N,,281,7.41,1
ORD-28031,2025-03-29 18:10:00,02126,02120,routine,Childrens Hospital,D037,2025-03-29 18:45:00,2025-03-29 19:10:00,2025-03-29 20:32:00,2025-03-30 00:00:00,Y,traffic accident on route 1 delay,15,5.64,0
ORD-28032,01/24/2025 16:19,01801,02045,rush,Emerson Hospital,UNASSIGNED,2025-01-24 16:36:00,2025-01-24 17:35:00,2025-01-24 18:51:00,2025-01-24 18:09:00,Y,,29,9.47,0
ORD-28033,2025/02/19 01:32,02126,02019,RUSH,Providence Health,D004,2025-02-19 02:09:00,2025-02-19 02:26:00,2025-02-19 03:22:00,2025-02-19 02:43:00,N,,37,17.34,1
ORD-28034,2025-03-16 12:45:00,02144,02142,ROUTINE,Boston Medical Center,D029,2025-03-16 12:55:00,2025-03-16 13:42:00,2025-03-16 14:44:00,2025-03-16 17:00:00,Y,specimen container damaged on pickup,36,8.72,0
ORD-28035,02-15-25 01:51 PM,01810,02067,STAT,Quest Diag,D028,2025-02-15 14:26:00,2025-02-15 15:09:00,2025-02-15 15:59:00,2025-02-15 14:28:00,Y,delayed at security checkpoint - id verification required,33,26.62,0
ORD-28036,03/23/2025 11:21,02199,02047,SAME-DAY,Cape Cod Hospital,D022,2025-03-23 12:03:00,2025-03-23 13:01:00,2025-03-23 14:32:00,2025-03-23 13:31:00,Y,lab closed early today per client,33,26.44,0
ORD-28037,2025-01-08 04:05:00,01850,02062,ROUTINE,Cape Cod Hospital,D015,2025-01-08 04:31:00,2025-01-08 04:55:00,2025-01-08 05:34:00,2025-01-08 08:34:00,Y,recipient not available at delivery location,45,10.51,0
ORD-28038,02-05-25 01:21 AM,01851,02155,RUSH,Cape Cod Hospital,D028,2025-02-05 01:50:00,2025-02-05 02:07:00,2025-02-05 02:53:00,2025-02-05 03:03:00,Y,driver reports ice on roads in reading area,8,6.65,0
ORD-28039,2025/02/09 07:57,01860,02054,ROUTINE,Tufts Med Center,D022,2025-02-09 08:39:00,2025-02-09 09:27:00,2025-02-09 10:14:00,2025-02-09 11:34:00,Y,redelivery needed: building locked,25,15.75,0
ORD-28040,03-03-25 08:25 AM,02106,02144,ROUTINE,MGH,D014,2025-03-03 08:56:00,2025-03-03 09:07:00,2025-03-03 09:55:00,2025-03-03 14:24:00,N,"driver ran out of dry ice, needs resupply",8,32.16,1
ORD-28041,02/23/2025 08:10,02186,02139,stat,Labcorp Inc,D017,2025-02-23 08:49:00,2025-02-23 09:45:00,2025-02-23 11:45:00,2025-02-23 08:59:00,Y,specimen container damaged on pickup,12,20.82,0
ORD-28042,03/26/2025 13:54,02109,02025,STAT,Quest Diagnostics,D026,2025-03-26 14:34:00,,2025-03-26 17:00:00,2025-03-26 14:30:00,Y,"client called to confirm - specimen critical, needs STAT upgrade",21,24.42,0
ORD-28043,2025-01-05 21:18:00,01840,02195,STAT,NE Labs,UNASSIGNED,2025-01-05 21:21:00,2025-01-05 22:08:00,2025-01-05 23:16:00,2025-01-05 21:50:00,Y,"elevator down at 15 Elm St, driver using stairs",18,37.04,0
ORD-28044,2025-01-26 05:30:00,02156,02125,Rush,Labcorp Inc,D016,2025-01-26 05:36:00,,2025-01-26 07:20:00,2025-01-26 07:06:00,Y,"wrong zip code on order, corrected",32,21.78,0
ORD-28045,01/09/2025 09:07,01854,02184,ROUTINE,LabCorp,D021,2025-01-09 09:48:00,2025-01-09 09:59:00,2025-01-09 10:34:00,2025-01-09 14:14:00,Y,driver cannot locate parking at hospital,27,28.38,0
ORD-28046,2025-01-27 12:05:00,02190,02061,Rush,Cape Cod Hospital,D017,2025-01-27 12:44:00,2025-01-27 13:10:00,2025-01-27 13:56:00,2025-01-27 13:11:00,Y,dispatcher note: double-check temp on this one before logging,31,21.72,0
ORD-28047,2025/01/17 00:40,02135,02062,ROUTINE,Labcorp Inc,D041,2025-01-17 01:25:00,,2025-01-17 02:31:00,2025-01-17 03:50:00,Y,traffic accident on route 1 delay,6,30.51,0
ORD-28048,01/17/2025 11:27,02149,02126,RUSH,Tufts Med Center,D006,2025-01-17 12:11:00,2025-01-17 13:06:00,2025-01-17 14:55:00,2025-01-17 12:37:00,Y,driver reports ice on roads in reading area,31,16.65,0
ORD-28049,2025/01/14 12:28,02189,02139,RUSH,MGH,D028,2025-01-14 12:32:00,2025-01-14 12:58:00,2025-01-14 13:20:00,2025-01-14 14:19:00,Y,"client called to confirm - specimen critical, needs STAT upgrade",33,15.07,0
ORD-28050,01/13/2025 07:16,02062,02197,RUSH,Childrens Hospital,D023,2025-01-13 07:24:00,,2025-01-13 09:30:00,2025-01-13 09:13:00,Y,,9,26.59,0
ORD-28051,2025-02-04 03:56:00,01810,02149,RUSH,Emerson Hospital,D037,2025-02-04 04:26:00,2025-02-04 05:17:00,2025-02-04 05:53:00,2025-02-04 05:49:00,N,called client re specimen integrity - awaiting callback,20,32.14,0
ORD-28052,01-29-25 04:56 PM,02142,02107,rush,Labcorp Inc,D026,2025-01-29 17:30:00,2025-01-29 18:24:00,2025-01-29 19:24:00,2025-01-29 18:15:00,Y,,20,37.23,0
ORD-28053,2025-02-12 11:37:00,02103,02151,Routine,NE Labs,D009,2025-02-12 11:57:00,,2025-02-12 13:57:00,2025-02-12 16:57:00,Y,specimen labeled incorrectly by client,25,31.21,0
ORD-28054,2025/02/24 15:03,02127,02120,same-day,Childrens Hospital,D027,2025-02-24 15:32:00,2025-02-24 15:55:00,2025-02-24 16:31:00,2025-02-24 17:32:00,Y,,356,37.91,0
ORD-28055,02/28/2025 07:26,02118,02109,routine,Brigham and Womens,D028,2025-02-28 07:35:00,2025-02-28 08:06:00,2025-02-28 08:45:00,2025-02-28 11:00:00,Y,,5,37.57,0
ORD-28056,2025-03-13 06:12:00,02187,02119,ROUTINE,Northeast Laboratory,D021,2025-03-13 06:29:00,2025-03-13 06:56:00,2025-03-13 07:16:00,2025-03-13 10:54:00,Y,lab closed early today per client,6,7.65,0
ORD-28057,02-18-25 08:07 AM,02061,02170,RUSH,Tufts Med Center,D027,2025-02-18 08:21:00,2025-02-18 09:06:00,2025-02-18 10:55:00,2025-02-18 09:50:00,N,specimen container damaged on pickup,21,35.76,0
ORD-28058,02/19/2025 08:09,01876,02056,SAME-DAY,Providence Health,D024,2025-02-19 08:45:00,,2025-02-19 10:57:00,2025-02-19 11:32:00,Y,"elevator down at 15 Elm St, driver using stairs",8,8.94,0
ORD-28059,01-14-25 10:35 AM,02119,02106,rush,Boston Medical Center,D006,2025-01-14 10:59:00,2025-01-14 11:40:00,2025-01-14 12:38:00,2025-01-14 12:18:00,N,package refused by receiving staff - no signature authority,28,7.98,0
ORD-28060,2025/03/31 07:00,01845,02188,ROUTINE,NE Labs,D020,2025-03-31 07:20:00,2025-03-31 08:15:00,2025-03-31 09:59:00,2025-03-31 12:01:00,Y,pickup completed but paperwork missing from package,29,29.8,0
ORD-28061,2025-02-19 07:12:00,02185,02115,STAT,Boston Medical Center,D003,2025-02-19 07:29:00,2025-02-19 08:02:00,2025-02-19 08:56:00,2025-02-19 07:50:00,N,driver reports ice on roads in reading area,26,37.31,0
ORD-28062,01/24/2025 08:00,01863,02127,RUSH,Brigham & Women's,D029,2025-01-24 08:08:00,2025-01-24 08:42:00,2025-01-24 09:48:00,2025-01-24 09:42:00,Y,pickup completed but paperwork missing from package,27,31.67,0
ORD-28063,03-22-25 01:40 PM,02196,02109,STAT,Quest Diag,D040,2025-03-22 13:53:00,2025-03-22 14:51:00,2025-03-22 16:02:00,2025-03-22 14:29:00,Y,delayed at security checkpoint - id verification required,18,18.63,0
ORD-28064,03/03/2025 10:16,02136,02059,ROUTINE,Boston Medical Center,D006,2025-03-03 10:50:00,2025-03-03 11:44:00,2025-03-03 13:36:00,2025-03-03 13:26:00,N,"client called to confirm - specimen critical, needs STAT upgrade",468,30.16,0
ORD-28065,2025-01-08 16:11:00,01832,02144,ROUTINE,Labcorp Inc,D035,2025-01-08 16:39:00,,2025-01-08 18:56:00,2025-01-08 21:43:00,Y,"client changed pickup time, driver redirected",45,19.89,0
ORD-28066,2025/03/10 08:36,02152,02025,STAT,Quest Diag,D012,2025-03-10 08:58:00,2025-03-10 09:41:00,2025-03-10 10:30:00,2025-03-10 09:06:00,Y,GPS routing error sent driver to wrong building,43,28.31,0
ORD-28067,2025-02-16 11:50:00,02054,02131,ROUTINE,St. Elizabeth's Medical,D036,2025-02-16 12:29:00,2025-02-16 12:55:00,2025-02-16 13:22:00,2025-02-16 15:32:00,Y,dispatcher note: double-check temp on this one before logging,23,12.42,0
ORD-28068,03-01-25 08:45 AM,02190,02109,Same-Day,Labcorp Inc,UNASSIGNED,2025-03-01 09:20:00,2025-03-01 10:13:00,2025-03-01 11:01:00,2025-03-01 11:00:00,Y,package refused by receiving staff - no signature authority,15,28.41,0
ORD-28069,03-29-25 08:36 AM,02048,02186,Routine,Lowell General,D035,2025-03-29 08:58:00,2025-03-29 09:30:00,2025-03-29 10:52:00,2025-03-29 14:14:00,Y,pickup completed but paperwork missing from package,24,15.51,0
ORD-28070,2025-04-01 08:07:00,02111,02120,ROUTINE,Providence Health,D009,2025-04-01 08:34:00,2025-04-01 08:47:00,2025-04-01 10:33:00,2025-04-01 13:35:00,N,specimen labeled incorrectly by client,39,18.01,0
ORD-28071,02/21/2025 06:49,02151,02025,RUSH,MGH,D041,2025-02-21 07:01:00,2025-02-21 07:57:00,2025-02-21 08:54:00,2025-02-21 08:02:00,Y,,5,31.1,0
ORD-28072,02/27/2025 13:42,02199,02032,Same-Day,Childrens Hospital,D016,2025-02-27 14:24:00,2025-02-27 15:20:00,2025-02-27 16:53:00,2025-02-27 16:32:00,N,"elevator down at 15 Elm St, driver using stairs",35,36.23,1
ORD-28073,01-16-25 04:05 PM,02170,02038,ROUTINE,Brigham and Womens,D011,2025-01-16 16:41:00,2025-01-16 17:27:00,2025-01-16 19:09:00,2025-01-16 19:58:00,Y,pickup completed but paperwork missing from package,240,25.35,0
ORD-28074,02/09/2025 12:20,02067,02105,Rush,Boston Medical Center,D006,2025-02-09 12:39:00,2025-02-09 12:57:00,2025-02-09 14:05:00,2025-02-09 13:45:00,Y,"wrong zip code on order, corrected",31,20.23,0
ORD-28075,2025-02-21 19:43:00,02149,02126,RUSH,Tufts Med Center,D020,2025-02-21 20:03:00,2025-02-21 20:39:00,2025-02-21 21:40:00,2025-02-21 20:48:00,Y,,22,19.66,0
ORD-28076,01/28/2025 13:04,02101,02066,stat,BioReference Labs,D021,2025-01-28 13:25:00,,2025-01-28 14:32:00,2025-01-28 13:38:00,N,"client called to confirm - specimen critical, needs STAT upgrade",38,21.34,0
ORD-28077,2025/01/28 05:03,02191,02026,Stat,BioReference Labs,D040,2025-01-28 05:20:00,2025-01-28 06:06:00,2025-01-28 06:24:00,2025-01-28 05:38:00,N,specimen temp excursion possible - driver reports cooler malfunction,15,35.41,0
ORD-28078,03-06-25 10:58 AM,02108,02106,routine,Lowell General,D034,2025-03-06 11:13:00,2025-03-06 11:58:00,2025-03-06 13:42:00,2025-03-06 15:42:00,Y,specimen temp excursion possible - driver reports cooler malfunction,6,24.54,0
ORD-28079,03/27/2025 11:14,02188,02142,ROUTINE,Children's Hospital,D039,2025-03-27 11:39:00,2025-03-27 11:50:00,2025-03-27 13:20:00,2025-03-27 15:09:00,Y,,17,9.92,0
ORD-28080,2025-01-30 08:12:00,02045,02163,Rush,Mass General Hospital,D028,2025-01-30 08:45:00,2025-01-30 09:16:00,2025-01-30 10:52:00,2025-01-30 09:13:00,Y,"wrong address on manifest, corrected enroute",22,10.65,0
ORD-28081,2025/01/11 13:16,02060,02067,ROUTINE,Brigham & Women's,UNASSIGNED,2025-01-11 13:41:00,2025-01-11 14:11:00,2025-01-11 15:13:00,2025-01-11 17:57:00,Y,,40,33.95,0
ORD-28082,2025-02-16 09:09:00,02197,02025,RUSH,LabCorp,UNASSIGNED,2025-02-16 09:45:00,2025-02-16 10:08:00,,2025-02-16 10:19:00,N,"driver ran out of dry ice, needs resupply",37,23.87,1
ORD-28083,2025/03/17 07:46,02136,02199,Routine,South Shore Hospital,D025,2025-03-17 08:21:00,,,2025-03-17 13:27:00,Y,dispatcher note: double-check temp on this one before logging,16,14.05,0
ORD-28084,02/10/2025 15:02,02140,02131,Routine,Children's Hospital,D017,2025-02-10 15:11:00,2025-02-10 16:11:00,2025-02-10 17:21:00,2025-02-10 19:55:00,N,"wrong zip code on order, corrected",15,13.23,1
ORD-28085,2025/01/05 04:42,02136,02151,STAT,Emerson Hospital,D001,2025-01-05 05:13:00,2025-01-05 06:02:00,2025-01-05 07:29:00,2025-01-05 05:26:00,Y,"driver ran out of dry ice, needs resupply",37,6.08,0
ORD-28086,02/04/2025 11:37,02062,02072,ROUTINE,Cape Cod Hospital,D017,2025-02-04 11:50:00,2025-02-04 12:18:00,2025-02-04 14:18:00,2025-02-04 15:49:00,Y,lab closed early today per client,11,21.23,0
ORD-28087,2025-01-15 08:43:00,02155,02194,rush,Providence Health,D005,2025-01-15 09:06:00,2025-01-15 09:41:00,2025-01-15 11:25:00,2025-01-15 09:51:00,Y,,17,30.22,0
ORD-28088,2025-01-06 13:25:00,02050,02050,STAT,South Shore Hospital,D026,2025-01-06 13:43:00,2025-01-06 13:53:00,2025-01-06 14:37:00,2025-01-06 14:24:00,Y,"client changed pickup time, driver redirected",43,7.93,0
ORD-28089,2025-02-11 13:51:00,02163,02192,RUSH,Childrens Hospital,D025,2025-02-11 14:25:00,2025-02-11 15:04:00,2025-02-11 17:04:00,2025-02-11 15:06:00,Y,driver cannot locate parking at hospital,31,30.07,0
ORD-28090,2025-02-27 12:52:00,02143,02184,STAT,Quest Diagnostics,D005,2025-02-27 13:36:00,,2025-02-27 15:38:00,2025-02-27 13:38:00,Y,,28,9.13,0
ORD-28091,2025-01-11 18:07:00,02116,02143,ROUTINE,Brigham & Women's,D041,2025-01-11 18:25:00,2025-01-11 19:21:00,2025-01-11 20:10:00,2025-01-11 21:29:00,N,,456,35.45,0
ORD-28092,03-09-25 08:07 AM,02128,02048,Routine,MGH,D006,2025-03-09 08:15:00,,2025-03-09 10:22:00,2025-03-09 13:03:00,Y,driver reports ice on roads in reading area,21,7.62,0
ORD-28093,2025-02-11 14:36:00,02130,02140,SAME-DAY,Brigham and Womens,D004,2025-02-11 14:50:00,2025-02-11 15:04:00,2025-02-11 16:53:00,2025-02-11 18:04:00,Y,driver cannot locate parking at hospital,35,21.55,0
ORD-28094,2025-01-05 15:02:00,02111,02194,ROUTINE,LabCorp,D013,2025-01-05 15:31:00,2025-01-05 15:59:00,2025-01-05 17:42:00,2025-01-05 20:55:00,Y,driver reports ice on roads in reading area,8,17.44,0
ORD-28095,01-15-25 01:52 PM,02052,02170,Rush,St. Elizabeth's Medical,D001,2025-01-15 14:25:00,2025-01-15 15:19:00,2025-01-15 17:13:00,2025-01-15 15:00:00,Y,dispatcher note: double-check temp on this one before logging,20,28.63,0
ORD-28096,2025-03-09 13:01:00,02104,02053,Stat,Quest Diagnostics,D018,2025-03-09 13:26:00,2025-03-09 14:13:00,2025-03-09 14:57:00,2025-03-09 13:59:00,N,"driver vehicle breakdown, transfer to DD037 in progress",6,36.47,0
ORD-28097,2025-02-12 10:54:00,01832,02120,ROUTINE,MGH,UNASSIGNED,2025-02-12 11:06:00,2025-02-12 11:49:00,2025-02-12 13:01:00,2025-02-12 16:42:00,Y,,22,14.42,0
ORD-28098,03/30/2025 17:56,02110,02025,STAT,Quest Diagnostics,D006,2025-03-30 18:21:00,2025-03-30 19:02:00,2025-03-30 19:47:00,2025-03-30 18:54:00,Y,,396,30.3,0
ORD-28099,01/18/2025 08:33,02143,02103,STAT,Emerson Hospital,D031,2025-01-18 09:10:00,2025-01-18 09:46:00,2025-01-18 10:02:00,2025-01-18 09:20:00,N,driver cannot locate parking at hospital,32,15.0,1
ORD-28100,01/20/2025 07:10,02119,02198,STAT,St. Elizabeth's Medical,UNASSIGNED,2025-01-20 07:33:00,2025-01-20 08:17:00,2025-01-20 10:16:00,2025-01-20 08:08:00,N,,14,21.08,0
ORD-28101,2025/02/04 07:04,02191,02169,routine,Tufts Med Center,D034,2025-02-04 07:48:00,2025-02-04 08:03:00,2025-02-04 09:43:00,2025-02-04 12:49:00,Y,"driver ran out of dry ice, needs resupply",15,10.0,0
ORD-28102,03/30/2025 20:08,02199,02061,RUSH,Labcorp Inc,D038,2025-03-30 20:47:00,,2025-03-30 22:13:00,2025-03-30 21:57:00,Y,traffic accident on route 1 delay,14,34.88,0
ORD-28103,2025/02/01 13:28,02144,02145,Routine,Lowell General,D006,2025-02-01 13:47:00,2025-02-01 14:39:00,2025-02-01 15:38:00,2025-02-01 18:22:00,N,"client changed pickup time, driver redirected",6,33.76,0
ORD-28104,2025-03-21 18:40:00,02116,02138,Routine,Brigham & Women's,D022,2025-03-21 19:22:00,2025-03-21 20:00:00,2025-03-21 21:42:00,2025-03-21 22:44:00,Y,,28,22.08,0
ORD-28105,02/27/2025 16:54,02151,02107,Routine,Northeast Laboratory,D001,2025-02-27 17:38:00,2025-02-27 18:23:00,2025-02-27 20:18:00,2025-02-27 21:50:00,Y,GPS routing error sent driver to wrong building,29,16.67,0
ORD-28106,2025-03-07 09:33:00,02115,02113,Routine,Cape Cod Hospital,D015,2025-03-07 09:50:00,2025-03-07 10:21:00,2025-03-07 11:05:00,2025-03-07 14:40:00,Y,delayed at security checkpoint - id verification required,7,22.39,0
ORD-28107,03-18-25 06:18 PM,01841,02148,Rush,Cape Cod Hospital,D030,2025-03-18 18:45:00,2025-03-18 19:01:00,2025-03-18 20:53:00,2025-03-18 20:18:00,Y,specimen container damaged on pickup,12,27.16,0
ORD-28108,2025-01-07 11:40:00,02048,02197,STAT,Providence Health,D023,2025-01-07 11:53:00,2025-01-07 12:19:00,2025-01-07 12:54:00,2025-01-07 12:20:00,Y,,33,34.58,0
ORD-28109,2025-02-28 07:05:00,02151,02053,routine,Northeast Labs,D029,2025-02-28 07:28:00,2025-02-28 07:59:00,2025-02-28 09:35:00,2025-02-28 12:02:00,Y,"client changed pickup time, driver redirected",20,5.95,0
ORD-28110,2025/02/24 10:19,02045,02053,ROUTINE,St. Elizabeth's Medical,D037,2025-02-24 10:24:00,2025-02-24 11:19:00,2025-02-24 13:14:00,2025-02-24 15:01:00,Y,"client changed pickup time, driver redirected",38,29.24,0
ORD-28111,2025/03/08 04:01,02050,02067,ROUTINE,Boston Med Ctr,D001,2025-03-08 04:04:00,2025-03-08 04:27:00,2025-03-08 05:53:00,2025-03-08 09:17:00,Y,recipient not available at delivery location,25,30.97,0
ORD-28112,2025-01-04 23:12:00,02019,02108,Routine,Mass General Hospital,D001,2025-01-04 23:27:00,2025-01-05 00:00:00,2025-01-05 01:51:00,2025-01-05 03:15:00,Y,specimen labeled incorrectly by client,11,28.33,0
ORD-28113,02-18-25 04:01 PM,02047,02198,SAME-DAY,Emerson Hospital,D035,2025-02-18 16:10:00,2025-02-18 16:59:00,2025-02-18 18:52:00,2025-02-18 19:13:00,Y,delayed at security checkpoint - id verification required,34,27.76,0
ORD-28114,2025/03/25 12:55,02121,02105,ROUTINE,Boston Med Ctr,D016,2025-03-25 13:40:00,2025-03-25 14:24:00,2025-03-25 15:52:00,2025-03-25 16:19:00,Y,GPS routing error sent driver to wrong building,339,32.32,0
ORD-28115,2025/03/14 10:12,02163,02132,ROUTINE,Labcorp Inc,D037,2025-03-14 10:31:00,2025-03-14 11:06:00,2025-03-14 12:30:00,2025-03-14 14:49:00,Y,"driver ran out of dry ice, needs resupply",31,31.95,0
ORD-28116,02/05/2025 16:37,02124,02151,STAT,Boston Medical Center,D011,2025-02-05 17:08:00,2025-02-05 17:29:00,2025-02-05 19:23:00,2025-02-05 17:14:00,N,recipient not available at delivery location,37,22.1,1
ORD-28117,03/07/2025 09:54,01863,02124,ROUTINE,Tufts Medical,D012,2025-03-07 10:28:00,2025-03-07 11:01:00,2025-03-07 12:44:00,2025-03-07 13:37:00,Y,pickup completed but paperwork missing from package,14,33.49,0
ORD-28118,04/01/2025 08:18,02101,02163,Same-Day,Mass General Hospital,D027,2025-04-01 08:50:00,2025-04-01 09:48:00,2025-04-01 10:59:00,2025-04-01 10:34:00,Y,driver reports ice on roads in reading area,12,21.55,0
ORD-28119,02/06/2025 10:22,02197,02143,Same-Day,Cape Cod Hospital,D029,2025-02-06 10:43:00,,2025-02-06 13:33:00,2025-02-06 13:30:00,Y,"elevator down at 15 Elm St, driver using stairs",39,30.67,0
ORD-28120,2025-03-19 11:06:00,02052,02067,same-day,Brigham & Women's,D037,2025-03-19 11:14:00,2025-03-19 11:55:00,2025-03-19 13:47:00,2025-03-19 14:44:00,N,specimen labeled incorrectly by client,398,34.98,1
ORD-28121,2025/01/03 02:30,02113,02197,Stat,Boston Medical Center,D034,2025-01-03 02:43:00,2025-01-03 03:19:00,2025-01-03 05:07:00,2025-01-03 03:02:00,Y,"client changed pickup time, driver redirected",8,10.64,0
ORD-28122,02/11/2025 04:32,02021,02133,ROUTINE,Boston Med Ctr,D017,2025-02-11 05:16:00,2025-02-11 05:49:00,2025-02-11 06:41:00,2025-02-11 08:44:00,Y,,35,19.36,0
ORD-28123,03/06/2025 14:53,02050,02184,routine,Cape Cod Hospital,D005,2025-03-06 15:25:00,2025-03-06 15:36:00,2025-03-06 16:30:00,2025-03-06 19:32:00,Y,dispatcher note: double-check temp on this one before logging,41,8.71,0
ORD-28124,01/02/2025 14:24,02113,02177,ROUTINE,BioReference Labs,D013,2025-01-02 14:55:00,2025-01-02 15:10:00,2025-01-02 16:13:00,2025-01-02 19:58:00,Y,,18,22.74,0
ORD-28125,2025-03-09 17:31:00,02131,02109,stat,NE Labs,D006,2025-03-09 17:44:00,2025-03-09 18:07:00,2025-03-09 19:13:00,2025-03-09 18:23:00,Y,recipient not available at delivery location,28,7.01,0
ORD-28126,01/24/2025 20:24,02148,02148,Routine,Cape Cod Hospital,D013,2025-01-24 20:39:00,2025-01-24 21:15:00,2025-01-24 22:10:00,2025-01-25 01:33:00,Y,lab closed early today per client,19,10.64,0
ORD-28127,2025-03-12 07:58:00,01821,02060,SAME-DAY,Brigham & Women's,D009,2025-03-12 08:04:00,2025-03-12 08:30:00,,2025-03-12 10:06:00,Y,specimen container damaged on pickup,12,20.63,0
ORD-28128,2025-03-22 10:26:00,02176,02047,rush,Brigham and Womens,UNASSIGNED,2025-03-22 10:35:00,2025-03-22 10:55:00,2025-03-22 12:12:00,2025-03-22 12:05:00,Y,,35,11.64,0
ORD-28129,2025-02-24 18:43:00,02176,02138,ROUTINE,Quest Diagnostics,D007,2025-02-24 19:24:00,2025-02-24 19:58:00,2025-02-24 21:47:00,2025-02-24 22:08:00,Y,,25,9.64,0
ORD-28130,2025/03/08 14:17,02153,02177,RUSH,Tufts Med Center,D037,2025-03-08 14:36:00,2025-03-08 15:09:00,2025-03-08 15:29:00,2025-03-08 16:05:00,Y,"wrong zip code on order, corrected",42,27.75,0
ORD-28131,01/08/2025 19:06,02111,02153,SAME-DAY,BioReference Labs,D039,2025-01-08 19:48:00,2025-01-08 20:08:00,2025-01-08 21:23:00,2025-01-08 21:49:00,Y,pickup completed but paperwork missing from package,25,34.96,0
ORD-28132,02-14-25 01:57 PM,01862,02047,STAT,Brigham & Women's,D011,2025-02-14 14:23:00,2025-02-14 14:51:00,2025-02-14 15:40:00,2025-02-14 14:38:00,Y,"wrong zip code on order, corrected",5,4.95,0
ORD-28133,03/16/2025 09:08,02170,02177,rush,Childrens Hospital,D040,2025-03-16 09:35:00,2025-03-16 10:27:00,2025-03-16 11:38:00,2025-03-16 10:08:00,Y,"pickup not ready, driver waiting 15+ min",10,22.71,0
ORD-28134,02-22-25 10:25 AM,02134,02143,STAT,South Shore Hospital,D003,2025-02-22 10:57:00,2025-02-22 11:36:00,2025-02-22 12:17:00,2025-02-22 11:25:00,Y,"client changed pickup time, driver redirected",29,5.0,0
ORD-28135,02-22-25 05:40 AM,02066,02143,Stat,Lowell General,D039,2025-02-22 05:48:00,2025-02-22 06:21:00,,2025-02-22 06:36:00,Y,specimen container damaged on pickup,22,6.88,0
ORD-28136,2025/03/24 08:11,02122,02132,routine,South Shore Hospital,D009,2025-03-24 08:22:00,2025-03-24 08:46:00,2025-03-24 10:16:00,2025-03-24 11:31:00,Y,dispatcher note: double-check temp on this one before logging,24,37.73,0
ORD-28137,2025-03-24 10:26:00,02197,02197,Routine,LabCorp,D026,2025-03-24 10:31:00,2025-03-24 10:41:00,2025-03-24 11:56:00,2025-03-24 14:33:00,Y,"driver called in sick mid-route, reassigning trips",11,24.81,0
ORD-28138,2025/01/12 10:27,01843,02105,ROUTINE,MGH,D013,2025-01-12 11:11:00,2025-01-12 12:09:00,2025-01-12 12:33:00,2025-01-12 15:58:00,Y,recipient not available at delivery location,16,6.18,0
ORD-28139,2025-03-11 14:38:00,02060,02192,routine,Brigham and Womens,D038,2025-03-11 15:19:00,2025-03-11 15:59:00,2025-03-11 17:39:00,2025-03-11 17:58:00,Y,GPS routing error sent driver to wrong building,37,25.4,0
ORD-28140,2025-02-13 05:36:00,02155,02192,ROUTINE,Quest Diagnostics,D031,2025-02-13 05:51:00,,2025-02-13 08:08:00,2025-02-13 10:46:00,Y,lab closed early today per client,25,34.5,0
ORD-28141,03/30/2025 11:25,02163,02038,routine,Cape Cod Hospital,D033,2025-03-30 12:10:00,2025-03-30 12:39:00,2025-03-30 13:18:00,2025-03-30 16:11:00,Y,pickup completed but paperwork missing from package,19,33.09,0
ORD-28142,02-17-25 09:04 AM,02059,02177,RUSH,Tufts Medical,D006,2025-02-17 09:48:00,2025-02-17 10:22:00,2025-02-17 11:21:00,2025-02-17 10:52:00,Y,"driver ran out of dry ice, needs resupply",10,32.04,0
ORD-28143,2025-01-18 10:51:00,01821,02106,ROUTINE,MGH,D007,2025-01-18 11:21:00,2025-01-18 12:19:00,2025-01-18 14:06:00,2025-01-18 15:35:00,N,"driver called in sick mid-route, reassigning trips",30,23.4,1
ORD-28144,01/22/2025 08:21,02184,02196,stat,Tufts Med Center,D015,2025-01-22 08:38:00,2025-01-22 08:53:00,2025-01-22 10:31:00,2025-01-22 08:55:00,Y,lab closed early today per client,37,23.86,0
ORD-28145,2025/01/23 11:59,01886,02066,STAT,Labcorp Inc,D021,2025-01-23 12:15:00,2025-01-23 12:56:00,2025-01-23 13:44:00,2025-01-23 12:53:00,N,delayed at security checkpoint - id verification required,394,35.75,1
ORD-28146,01-04-25 08:10 AM,02103,02171,routine,Childrens Hospital,D033,2025-01-04 08:45:00,2025-01-04 09:20:00,2025-01-04 11:20:00,2025-01-04 13:49:00,Y,delayed at security checkpoint - id verification required,9,37.13,0
ORD-28147,2025-03-06 14:49:00,01801,02121,SAME-DAY,St. Elizabeth's Medical,D011,2025-03-06 15:14:00,,2025-03-06 16:34:00,2025-03-06 18:41:00,Y,called client re specimen integrity - awaiting callback,17,19.79,0
ORD-28148,2025/03/17 21:10,01845,02021,rush,Labcorp Inc,D008,2025-03-17 21:37:00,2025-03-17 22:05:00,2025-03-17 22:41:00,2025-03-17 22:22:00,Y,"driver stuck in traffic on 93, running ~20 min late",12,6.12,0
ORD-28149,03/03/2025 17:02,02111,02067,SAME-DAY,Quest Diagnostics,D002,2025-03-03 17:39:00,2025-03-03 18:07:00,2025-03-03 18:50:00,2025-03-03 19:35:00,Y,"client changed pickup time, driver redirected",400,29.93,0
ORD-28150,2025/01/27 06:08,02030,02116,SAME-DAY,Lowell General,D039,2025-01-27 06:42:00,,2025-01-27 08:06:00,2025-01-27 08:17:00,Y,,45,16.17,0
ORD-28151,2025-02-09 06:17:00,02152,02171,ROUTINE,Tufts Med Center,D036,2025-02-09 06:31:00,2025-02-09 07:20:00,2025-02-09 07:59:00,2025-02-09 10:06:00,Y,package refused by receiving staff - no signature authority,33,5.58,0
ORD-28152,2025/03/10 09:39,02169,02171,stat,LabCorp,D023,2025-03-10 10:23:00,,,2025-03-10 10:28:00,Y,delayed at security checkpoint - id verification required,10,27.17,0
ORD-28153,03/18/2025 09:20,02194,02150,ROUTINE,Mass General Hospital,D006,2025-03-18 09:59:00,2025-03-18 10:32:00,2025-03-18 11:36:00,2025-03-18 12:34:00,Y,"client called to confirm - specimen critical, needs STAT upgrade",23,16.59,0
ORD-28154,03/27/2025 12:06,01867,02072,SAME-DAY,Northeast Labs,D041,2025-03-27 12:22:00,2025-03-27 13:06:00,,2025-03-27 15:03:00,N,,45,32.9,0
ORD-28155,01/10/2025 07:58,02191,02101,STAT,Children's Hospital,D039,2025-01-10 08:31:00,,2025-01-10 09:50:00,2025-01-10 08:44:00,Y,GPS routing error sent driver to wrong building,25,16.13,0
ORD-28156,2025-02-13 14:45:00,02180,02121,stat,St. Elizabeth's Medical,D021,2025-02-13 15:05:00,2025-02-13 15:21:00,,2025-02-13 15:45:00,Y,"client changed pickup time, driver redirected",18,9.31,0
ORD-28157,2025-01-29 14:51:00,02155,02001,routine,Childrens Hospital,D025,2025-01-29 15:10:00,2025-01-29 15:53:00,2025-01-29 17:34:00,2025-01-29 18:52:00,Y,specimen container damaged on pickup,17,25.7,0
ORD-28158,2025/03/16 14:42,01850,02187,SAME-DAY,Emerson Hospital,D020,2025-03-16 15:14:00,,2025-03-16 16:41:00,2025-03-16 18:11:00,N,driver reports ice on roads in reading area,30,33.82,0
ORD-28159,02/17/2025 09:34,02186,02061,RUSH,BioReference Labs,D026,2025-02-17 09:47:00,,2025-02-17 10:49:00,2025-02-17 10:47:00,Y,traffic accident on route 1 delay,34,29.51,0
ORD-28160,2025/01/19 18:14,01845,02138,SAME-DAY,Children's Hospital,D031,2025-01-19 18:40:00,2025-01-19 18:51:00,,2025-01-19 21:31:00,Y,pickup completed but paperwork missing from package,23,7.35,0
ORD-28161,02/11/2025 14:03,02116,02115,routine,Boston Medical Center,D002,2025-02-11 14:23:00,2025-02-11 14:50:00,,2025-02-11 17:14:00,Y,specimen temp excursion possible - driver reports cooler malfunction,42,31.39,0
ORD-28162,2025/02/03 03:37,02145,02103,STAT,Tufts Med Center,D026,2025-02-03 04:12:00,2025-02-03 05:04:00,2025-02-03 05:56:00,2025-02-03 04:23:00,Y,package refused by receiving staff - no signature authority,15,32.96,0
ORD-28163,2025-02-27 10:22:00,02067,02053,Rush,Quest Diagnostics,D010,2025-02-27 11:02:00,2025-02-27 11:43:00,,2025-02-27 12:00:00,Y,,28,18.16,0
ORD-28164,02/27/2025 09:17,02001,02071,routine,NE Labs,D004,2025-02-27 09:59:00,2025-02-27 10:20:00,2025-02-27 11:20:00,2025-02-27 13:27:00,Y,driver reports ice on roads in reading area,9,10.58,0
ORD-28165,01/04/2025 15:44,02056,02186,SAME-DAY,Childrens Hospital,D008,2025-01-04 15:58:00,2025-01-04 16:11:00,2025-01-04 16:58:00,2025-01-04 18:33:00,Y,traffic accident on route 1 delay,29,12.17,0
ORD-28166,2025-01-10 18:21:00,02025,02131,Routine,Brigham and Womens,D031,2025-01-10 18:53:00,2025-01-10 19:30:00,2025-01-10 21:08:00,2025-01-10 23:12:00,Y,"driver ran out of dry ice, needs resupply",27,19.71,0
ORD-28167,2025/02/26 23:19,02135,02163,SAME-DAY,St. Elizabeth's Medical,D005,2025-02-26 23:44:00,2025-02-27 00:34:00,2025-02-27 02:15:00,2025-02-27 01:47:00,Y,"wrong zip code on order, corrected",20,29.73,0
ORD-28168,02/12/2025 23:59,02047,02048,Routine,South Shore Hospital,D020,2025-02-13 00:42:00,2025-02-13 01:28:00,2025-02-13 01:59:00,2025-02-13 04:43:00,Y,GPS routing error sent driver to wrong building,12,19.91,0
ORD-28169,01/05/2025 09:05,02149,02151,Same-Day,LabCorp,D007,2025-01-05 09:10:00,2025-01-05 09:39:00,2025-01-05 10:57:00,2025-01-05 11:20:00,Y,redelivery needed: building locked,43,34.17,0
ORD-28170,2025-01-13 09:33:00,01843,02190,STAT,Tufts Med Center,D009,2025-01-13 10:13:00,2025-01-13 10:23:00,2025-01-13 11:36:00,2025-01-13 10:31:00,Y,traffic accident on route 1 delay,12,18.1,0
ORD-28171,03/25/2025 17:11,01840,02155,ROUTINE,NE Labs,D026,2025-03-25 17:53:00,2025-03-25 18:33:00,,2025-03-25 21:19:00,Y,dispatcher note: double-check temp on this one before logging,14,33.86,0
ORD-28172,01/18/2025 15:49,02180,02143,Routine,NE Labs,D001,2025-01-18 16:00:00,2025-01-18 16:25:00,2025-01-18 18:05:00,2025-01-18 18:57:00,Y,"elevator down at 15 Elm St, driver using stairs",35,8.72,0
ORD-28173,02/28/2025 09:53,02199,02127,Stat,Northeast Laboratory,D013,2025-02-28 10:15:00,2025-02-28 11:04:00,2025-02-28 12:24:00,2025-02-28 10:24:00,Y,"elevator down at 15 Elm St, driver using stairs",21,11.35,0
ORD-28174,2025/01/12 10:49,02152,02108,ROUTINE,MGH,D026,2025-01-12 11:05:00,2025-01-12 11:19:00,2025-01-12 13:12:00,2025-01-12 15:27:00,Y,pickup completed but paperwork missing from package,34,26.34,0
ORD-28175,2025/03/15 12:34,02025,02151,STAT,Quest Diag,D019,2025-03-15 13:00:00,,2025-03-15 14:56:00,2025-03-15 13:07:00,N,lab closed early today per client,415,23.94,1
ORD-28176,2025/01/15 08:41,01810,02150,RUSH,Northeast Labs,D027,2025-01-15 09:00:00,,2025-01-15 11:31:00,2025-01-15 10:24:00,Y,package refused by receiving staff - no signature authority,45,10.93,0
ORD-28177,03/13/2025 14:12,02191,02149,SAME-DAY,Mass General Hospital,D019,2025-03-13 14:50:00,2025-03-13 15:00:00,2025-03-13 16:38:00,2025-03-13 17:51:00,N,,33,32.98,0
ORD-28178,02/15/2025 13:33,02122,02143,STAT,Boston Med Ctr,D031,2025-02-15 14:00:00,2025-02-15 14:10:00,2025-02-15 15:52:00,2025-02-15 14:04:00,Y,GPS routing error sent driver to wrong building,36,10.42,0
ORD-28179,03-18-25 07:46 AM,02050,02136,SAME-DAY,LabCorp,D008,2025-03-18 08:26:00,2025-03-18 09:01:00,2025-03-18 09:20:00,2025-03-18 10:04:00,N,,5,36.88,1
ORD-28180,02/24/2025 08:17,02185,02060,ROUTINE,Northeast Labs,D034,2025-02-24 08:36:00,2025-02-24 09:07:00,2025-02-24 09:43:00,2025-02-24 12:45:00,Y,"driver vehicle breakdown, transfer to DD015 in progress",34,15.81,0
ORD-28181,2025-03-31 08:54:00,02054,02194,Rush,St. Elizabeth's Medical,D013,2025-03-31 09:07:00,2025-03-31 09:38:00,2025-03-31 10:13:00,2025-03-31 10:08:00,Y,"driver vehicle breakdown, transfer to DD012 in progress",33,13.26,0
ORD-28182,02/21/2025 13:00,02120,02136,ROUTINE,Boston Medical Center,D031,2025-02-21 13:03:00,2025-02-21 13:46:00,2025-02-21 14:44:00,2025-02-21 18:05:00,Y,package refused by receiving staff - no signature authority,15,7.26,0
ORD-28183,03/30/2025 18:42,02150,02106,STAT,Quest Diagnostics,UNASSIGNED,2025-03-30 18:54:00,2025-03-30 19:46:00,2025-03-30 20:28:00,2025-03-30 19:41:00,Y,traffic accident on route 1 delay,19,22.76,0
ORD-28184,2025-03-24 08:19:00,02163,02130,RUSH,Northeast Laboratory,D009,2025-03-24 08:28:00,2025-03-24 09:20:00,2025-03-24 10:15:00,2025-03-24 09:31:00,Y,GPS routing error sent driver to wrong building,41,29.81,0
ORD-28185,2025-02-23 17:32:00,02134,02143,ROUTINE,St. Elizabeth's Medical,D035,2025-02-23 17:55:00,2025-02-23 18:12:00,2025-02-23 19:55:00,2025-02-23 21:51:00,Y,"pickup not ready, driver waiting 15+ min",25,9.91,0
ORD-28186,2025-02-20 11:12:00,02056,02019,RUSH,Boston Med Ctr,D006,2025-02-20 11:47:00,2025-02-20 12:31:00,2025-02-20 14:08:00,2025-02-20 12:37:00,Y,redelivery needed: building locked,19,14.53,0
ORD-28187,03/08/2025 16:38,02061,02138,Routine,Labcorp Inc,D019,2025-03-08 17:19:00,2025-03-08 17:58:00,2025-03-08 19:54:00,2025-03-08 22:31:00,Y,"driver called in sick mid-route, reassigning trips",41,35.46,0
ORD-28188,2025/03/29 08:02,02106,02155,ROUTINE,Tufts Medical,D007,2025-03-29 08:16:00,2025-03-29 08:56:00,2025-03-29 10:05:00,2025-03-29 12:12:00,Y,,6,31.41,0
ORD-28189,02/15/2025 06:32,02198,02153,Rush,Providence Health,D020,2025-02-15 07:17:00,2025-02-15 07:47:00,2025-02-15 09:18:00,2025-02-15 07:53:00,Y,package refused by receiving staff - no signature authority,14,34.15,0
ORD-28190,2025-01-08 12:19:00,01826,02150,ROUTINE,Childrens Hospital,D024,2025-01-08 13:04:00,,2025-01-08 15:33:00,2025-01-08 17:39:00,Y,specimen labeled incorrectly by client,24,14.96,0
ORD-28191,2025-03-05 16:53:00,02151,02062,Routine,Tufts Med Center,D024,2025-03-05 17:06:00,2025-03-05 17:22:00,2025-03-05 18:55:00,2025-03-05 20:50:00,Y,traffic accident on route 1 delay,26,26.54,0
ORD-28192,03/21/2025 04:59,02156,02061,STAT,Labcorp Inc,D033,2025-03-21 05:28:00,2025-03-21 06:22:00,2025-03-21 07:34:00,2025-03-21 05:53:00,Y,specimen container damaged on pickup,32,35.21,0
ORD-28193,01/27/2025 06:29,01851,02114,Rush,MGH,D008,2025-01-27 07:14:00,2025-01-27 07:33:00,2025-01-27 08:58:00,2025-01-27 08:29:00,Y,"wrong address on manifest, corrected enroute",37,20.14,0
ORD-28194,01/09/2025 14:21,02128,02199,ROUTINE,MGH,D002,2025-01-09 14:46:00,,,2025-01-09 19:50:00,Y,"elevator down at 15 Elm St, driver using stairs",43,15.17,0
ORD-28195,2025-01-17 17:58:00,01880,02163,STAT,Boston Med Ctr,D029,2025-01-17 18:20:00,2025-01-17 18:48:00,2025-01-17 19:06:00,2025-01-17 18:54:00,N,"driver called in sick mid-route, reassigning trips",26,32.86,0
ORD-28196,2025-03-25 15:13:00,01821,02199,STAT,Cape Cod Hospital,D029,2025-03-25 15:33:00,2025-03-25 15:48:00,2025-03-25 16:31:00,2025-03-25 15:44:00,N,"wrong zip code on order, corrected",42,13.05,1
ORD-28197,2025-01-17 18:09:00,02066,02138,ROUTINE,Providence Health,D041,2025-01-17 18:41:00,2025-01-17 19:16:00,2025-01-17 19:53:00,2025-01-17 23:55:00,Y,specimen container damaged on pickup,342,19.15,0
ORD-28198,01-08-25 08:43 AM,02152,02019,RUSH,Lowell General,D002,2025-01-08 08:59:00,2025-01-08 09:26:00,2025-01-08 10:22:00,2025-01-08 10:07:00,Y,pickup completed but paperwork missing from package,38,33.05,0
ORD-28199,2025/03/15 17:17,02118,02190,Rush,St. Elizabeth's Medical,D035,2025-03-15 17:46:00,2025-03-15 18:44:00,2025-03-15 19:35:00,2025-03-15 18:35:00,N,"driver vehicle breakdown, transfer to DD006 in progress",14,23.58,1
ORD-28200,03-20-25 06:13 PM,01832,02056,Rush,Childrens Hospital,D022,2025-03-20 18:24:00,2025-03-20 18:51:00,2025-03-20 19:56:00,2025-03-20 19:37:00,N,specimen labeled incorrectly by client,38,22.38,1
ORD-28201,2025/02/12 11:57,01879,02032,ROUTINE,Tufts Medical,D020,2025-02-12 12:32:00,2025-02-12 12:44:00,,2025-02-12 16:47:00,Y,recipient not available at delivery location,22,24.93,0
ORD-28202,03-08-25 08:51 AM,02190,02035,RUSH,Cape Cod Hospital,D028,2025-03-08 09:21:00,2025-03-08 09:52:00,2025-03-08 11:11:00,2025-03-08 10:20:00,Y,driver reports ice on roads in reading area,38,12.23,0
ORD-28203,01-19-25 09:28 AM,02176,02131,ROUTINE,Northeast Laboratory,D026,2025-01-19 09:35:00,2025-01-19 10:21:00,2025-01-19 11:54:00,2025-01-19 12:33:00,Y,"driver ran out of dry ice, needs resupply",30,25.68,0
ORD-28204,2025/02/27 17:50,01863,02062,stat,Labcorp Inc,D029,2025-02-27 18:26:00,2025-02-27 19:19:00,,2025-02-27 18:22:00,Y,"pickup not ready, driver waiting 15+ min",39,5.22,0
ORD-28205,02/07/2025 20:50,01867,02106,Stat,Children's Hospital,D021,2025-02-07 21:17:00,2025-02-07 21:54:00,2025-02-07 22:49:00,2025-02-07 21:43:00,Y,redelivery needed: building locked,17,22.99,0
ORD-28206,01/16/2025 08:39,02140,02120,SAME-DAY,Brigham and Womens,D019,2025-01-16 08:53:00,2025-01-16 09:06:00,2025-01-16 09:33:00,2025-01-16 11:52:00,Y,"driver vehicle breakdown, transfer to DD002 in progress",24,19.44,0
ORD-28207,2025/01/29 11:02,01851,02126,stat,Quest Diag,D037,2025-01-29 11:18:00,2025-01-29 11:59:00,2025-01-29 13:48:00,2025-01-29 11:43:00,Y,"wrong address on manifest, corrected enroute",16,24.25,0
ORD-28208,03/30/2025 13:39,01821,02109,stat,Childrens Hospital,UNASSIGNED,2025-03-30 14:00:00,2025-03-30 14:40:00,2025-03-30 15:36:00,2025-03-30 14:30:00,Y,"pickup not ready, driver waiting 15+ min",8,35.89,0
ORD-28209,2025/02/08 13:05,01850,02132,ROUTINE,BioReference Labs,D027,2025-02-08 13:45:00,2025-02-08 14:42:00,2025-02-08 15:51:00,2025-02-08 16:42:00,Y,"driver ran out of dry ice, needs resupply",19,22.89,0
ORD-28210,03/31/2025 02:43,02038,02199,stat,Mass General Hospital,D030,2025-03-31 02:58:00,,2025-03-31 05:17:00,2025-03-31 03:14:00,Y,"driver called in sick mid-route, reassigning trips",31,14.17,0
ORD-28211,02/17/2025 18:26,02141,02060,RUSH,Boston Medical Center,D005,2025-02-17 18:29:00,2025-02-17 19:23:00,2025-02-17 20:28:00,2025-02-17 20:08:00,Y,,42,35.68,0
ORD-28212,01-10-25 03:31 PM,02129,02059,SAME-DAY,Quest Diag,D034,2025-01-10 16:11:00,2025-01-10 17:02:00,,2025-01-10 19:27:00,Y,"driver called in sick mid-route, reassigning trips",40,21.85,0
ORD-28213,01/11/2025 18:30,01867,02061,routine,Emerson Hospital,D032,2025-01-11 18:52:00,2025-01-11 19:30:00,2025-01-11 21:19:00,2025-01-11 21:53:00,Y,dispatcher note: double-check temp on this one before logging,24,4.7,0
ORD-28214,2025/03/11 08:48,02043,02122,RUSH,Tufts Medical,D018,2025-03-11 09:29:00,,2025-03-11 11:50:00,2025-03-11 10:09:00,Y,"client changed pickup time, driver redirected",36,11.71,0
ORD-28215,01/18/2025 11:40,01841,02026,STAT,Childrens Hospital,D039,2025-01-18 11:48:00,2025-01-18 12:16:00,2025-01-18 12:32:00,2025-01-18 12:24:00,Y,"elevator down at 15 Elm St, driver using stairs",16,12.53,0
ORD-28216,02-10-25 06:01 PM,02189,02122,same-day,Quest Diagnostics,D003,2025-02-10 18:24:00,2025-02-10 19:17:00,2025-02-10 20:49:00,2025-02-10 21:58:00,Y,"driver vehicle breakdown, transfer to DD028 in progress",40,34.5,0
ORD-28217,2025-03-13 11:50:00,02107,02050,SAME-DAY,St. Elizabeth's Medical,D031,2025-03-13 12:20:00,2025-03-13 13:04:00,2025-03-13 14:40:00,2025-03-13 14:43:00,N,,6,30.24,0
ORD-28218,2025/03/12 13:03,02144,02144,STAT,Cape Cod Hospital,UNASSIGNED,2025-03-12 13:15:00,2025-03-12 14:02:00,2025-03-12 15:01:00,2025-03-12 13:45:00,Y,recipient not available at delivery location,35,9.9,0
ORD-28219,2025/02/12 18:20,02193,02192,ROUTINE,Northeast Laboratory,D027,2025-02-12 18:24:00,2025-02-12 18:57:00,2025-02-12 20:57:00,2025-02-12 22:55:00,Y,specimen container damaged on pickup,24,24.16,0
ORD-28220,2025-02-13 13:05:00,02196,02102,SAME-DAY,Boston Med Ctr,D019,2025-02-13 13:38:00,2025-02-13 13:49:00,2025-02-13 14:30:00,2025-02-13 16:16:00,Y,driver reports ice on roads in reading area,26,17.45,0
ORD-28221,2025-01-22 07:47:00,02043,02142,STAT,Mass General Hospital,D021,2025-01-22 08:25:00,2025-01-22 08:38:00,2025-01-22 10:16:00,2025-01-22 08:19:00,N,"client changed pickup time, driver redirected",192,12.5,1
ORD-28222,2025/03/12 07:21,02189,02104,Rush,Childrens Hospital,D006,2025-03-12 07:47:00,2025-03-12 08:00:00,2025-03-12 09:15:00,2025-03-12 09:16:00,Y,traffic accident on route 1 delay,15,17.67,0
ORD-28223,01/06/2025 08:24,02030,02150,routine,Mass General Hospital,D020,2025-01-06 09:04:00,2025-01-06 09:59:00,2025-01-06 10:28:00,2025-01-06 13:50:00,N,lab closed early today per client,27,19.66,0
ORD-28224,02/24/2025 13:46,02032,02108,RUSH,Northeast Labs,D003,2025-02-24 14:31:00,2025-02-24 15:25:00,2025-02-24 17:05:00,2025-02-24 15:18:00,N,"driver called in sick mid-route, reassigning trips",37,12.41,1
ORD-28225,2025-02-26 06:09:00,02186,02196,ROUTINE,Cape Cod Hospital,D039,2025-02-26 06:29:00,2025-02-26 06:43:00,2025-02-26 08:16:00,2025-02-26 10:13:00,Y,driver reports ice on roads in reading area,17,6.75,0
ORD-28226,2025-03-21 17:44:00,02152,02152,RUSH,BioReference Labs,D004,2025-03-21 17:57:00,2025-03-21 18:07:00,,2025-03-21 18:56:00,Y,lab closed early today per client,36,27.09,0
ORD-28227,2025-03-16 17:09:00,02071,02109,stat,Brigham & Women's,D018,2025-03-16 17:37:00,2025-03-16 17:51:00,2025-03-16 18:47:00,2025-03-16 18:07:00,Y,recipient not available at delivery location,21,25.59,0
ORD-28228,01/07/2025 06:16,02110,02021,SAME-DAY,Mass General Hospital,D001,2025-01-07 06:47:00,2025-01-07 07:25:00,2025-01-07 09:25:00,2025-01-07 09:39:00,Y,specimen temp excursion possible - driver reports cooler malfunction,11,23.31,0
ORD-28229,2025/01/30 15:54,02177,02134,RUSH,St. Elizabeth's Medical,D028,2025-01-30 16:09:00,2025-01-30 16:25:00,2025-01-30 17:02:00,2025-01-30 17:42:00,Y,"client called to confirm - specimen critical, needs STAT upgrade",34,15.24,0
ORD-28230,01/15/2025 11:20,02198,02197,RUSH,Brigham & Women's,D011,2025-01-15 11:39:00,2025-01-15 12:30:00,,2025-01-15 12:40:00,Y,"client changed pickup time, driver redirected",26,7.3,0
ORD-28231,01/31/2025 09:40,01867,02199,ROUTINE,Cape Cod Hospital,D034,2025-01-31 10:20:00,2025-01-31 10:53:00,2025-01-31 12:10:00,2025-01-31 15:40:00,Y,driver cannot locate parking at hospital,13,16.1,0
ORD-28232,03/23/2025 12:43,02185,02124,routine,Quest Diagnostics,D041,2025-03-23 13:05:00,2025-03-23 13:23:00,2025-03-23 14:52:00,2025-03-23 16:59:00,N,pickup completed but paperwork missing from package,19,28.27,0
ORD-28233,2025/03/05 11:37,02115,02043,ROUTINE,St. Elizabeth's Medical,D013,2025-03-05 12:19:00,,2025-03-05 14:18:00,2025-03-05 14:57:00,Y,,28,20.09,0
ORD-28234,02-03-25 04:55 PM,02152,02062,stat,Quest Diagnostics,D040,2025-02-03 17:15:00,2025-02-03 17:32:00,2025-02-03 18:58:00,2025-02-03 17:54:00,Y,package refused by receiving staff - no signature authority,29,14.31,0
ORD-28235,2025/01/30 08:31,02025,02116,same-day,Emerson Hospital,D010,2025-01-30 09:12:00,2025-01-30 09:36:00,,2025-01-30 10:44:00,Y,,5,7.54,0
ORD-28236,2025-01-16 13:00:00,02071,02001,rush,Children's Hospital,D027,2025-01-16 13:16:00,2025-01-16 13:58:00,2025-01-16 14:45:00,2025-01-16 14:18:00,Y,specimen temp excursion possible - driver reports cooler malfunction,26,35.54,0
ORD-28237,2025/03/24 18:21,01810,02193,STAT,Mass General Hospital,D034,2025-03-24 19:04:00,,2025-03-24 21:12:00,2025-03-24 18:58:00,Y,"wrong zip code on order, corrected",10,15.46,0
ORD-28238,,02030,02121,SAME-DAY,Boston Medical Center,D015,2025-03-08 13:14:00,2025-03-08 13:42:00,2025-03-08 14:40:00,2025-03-08 16:33:00,Y,GPS routing error sent driver to wrong building,18,25.66,0
ORD-28239,03/12/2025 10:03,02189,02125,stat,Mass General Hospital,D009,2025-03-12 10:36:00,2025-03-12 11:05:00,2025-03-12 11:27:00,2025-03-12 11:01:00,N,"elevator down at 15 Elm St, driver using stairs",314,16.31,0
ORD-28240,2025-03-21 07:23:00,01840,02125,Stat,Cape Cod Hospital,D002,2025-03-21 07:58:00,2025-03-21 08:40:00,2025-03-21 09:07:00,2025-03-21 08:10:00,Y,,25,30.87,0
ORD-28241,2025-02-03 08:33:00,01886,02188,stat,Emerson Hospital,D018,2025-02-03 09:13:00,2025-02-03 10:00:00,2025-02-03 10:20:00,2025-02-03 09:18:00,Y,"driver ran out of dry ice, needs resupply",9,32.2,0
ORD-28242,2025-01-20 09:02:00,02192,02110,Routine,Children's Hospital,D014,2025-01-20 09:27:00,2025-01-20 10:05:00,2025-01-20 10:53:00,2025-01-20 14:02:00,N,,25,29.79,0
ORD-28243,2025-02-21 07:40:00,02194,02138,STAT,Emerson Hospital,D030,2025-02-21 08:25:00,,2025-02-21 09:39:00,2025-02-21 08:18:00,Y,package refused by receiving staff - no signature authority,17,18.86,0
ORD-28244,2025-02-17 07:40:00,01854,02038,Stat,Providence Health,UNASSIGNED,2025-02-17 07:54:00,2025-02-17 08:32:00,2025-02-17 10:25:00,2025-02-17 08:18:00,Y,called client re specimen integrity - awaiting callback,42,24.74,0
ORD-28245,2025/02/18 02:27,02032,02188,routine,Mass General Hospital,D013,2025-02-18 02:53:00,2025-02-18 03:17:00,2025-02-18 05:08:00,2025-02-18 06:41:00,Y,specimen temp excursion possible - driver reports cooler malfunction,36,33.44,0
ORD-28246,03/20/2025 22:33,01810,02136,STAT,BioReference Labs,D026,2025-03-20 22:49:00,,2025-03-20 23:48:00,2025-03-20 23:14:00,Y,"client changed pickup time, driver redirected",23,27.38,0
ORD-28247,2025-03-20 07:25:00,02059,02121,STAT,Northeast Labs,D020,2025-03-20 07:30:00,2025-03-20 08:12:00,2025-03-20 08:48:00,2025-03-20 08:19:00,N,traffic accident on route 1 delay,42,34.98,0
ORD-28248,2025/03/31 10:30,02131,02129,RUSH,St. Elizabeth's Medical,D022,2025-03-31 10:57:00,2025-03-31 11:13:00,2025-03-31 11:48:00,2025-03-31 12:15:00,Y,package refused by receiving staff - no signature authority,31,7.22,0
ORD-28249,2025-03-10 12:52:00,01879,02171,Routine,Northeast Laboratory,D028,2025-03-10 12:59:00,2025-03-10 13:14:00,2025-03-10 14:43:00,2025-03-10 16:39:00,Y,recipient not available at delivery location,34,35.12,0
ORD-28250,02/15/2025 12:51,02045,02190,ROUTINE,Brigham & Women's,UNASSIGNED,2025-02-15 13:11:00,2025-02-15 13:35:00,2025-02-15 14:33:00,2025-02-15 17:44:00,Y,redelivery needed: building locked,42,19.79,0
ORD-28251,2025-01-14 14:08:00,01876,02139,Stat,Children's Hospital,D004,2025-01-14 14:36:00,,2025-01-14 15:31:00,2025-01-14 14:54:00,Y,"driver vehicle breakdown, transfer to DD014 in progress",18,32.1,0
ORD-28252,2025-03-14 12:04:00,02115,02067,stat,Emerson Hospital,D027,2025-03-14 12:21:00,,2025-03-14 14:16:00,2025-03-14 12:48:00,Y,dispatcher note: double-check temp on this one before logging,11,9.26,0
ORD-28253,2025-03-25 21:36:00,02108,02132,RUSH,Lowell General,D004,2025-03-25 22:01:00,2025-03-25 23:01:00,2025-03-26 00:43:00,2025-03-25 22:49:00,Y,dispatcher note: double-check temp on this one before logging,31,31.49,0
ORD-28254,2025-01-02 03:18:00,02142,02138,rush,Lowell General,D038,2025-01-02 03:31:00,2025-01-02 03:55:00,2025-01-02 05:24:00,2025-01-02 05:17:00,Y,recipient not available at delivery location,29,33.46,0
ORD-28255,2025-04-01 21:02:00,02128,02119,ROUTINE,BioReference Labs,D025,2025-04-01 21:19:00,2025-04-01 21:56:00,2025-04-01 23:33:00,2025-04-02 01:51:00,Y,redelivery needed: building locked,29,16.97,0
ORD-28256,,02176,02185,RUSH,Northeast Labs,D036,2025-03-03 08:20:00,2025-03-03 09:15:00,2025-03-03 09:44:00,2025-03-03 09:49:00,Y,specimen temp excursion possible - driver reports cooler malfunction,11,15.13,0
ORD-28257,01/21/2025 16:41,02177,02043,rush,Northeast Labs,D031,2025-01-21 17:25:00,2025-01-21 18:17:00,2025-01-21 19:46:00,2025-01-21 18:24:00,Y,,38,18.38,0
ORD-28258,01/10/2025 10:16,01880,02198,ROUTINE,Boston Med Ctr,D036,2025-01-10 10:20:00,2025-01-10 10:40:00,2025-01-10 11:13:00,2025-01-10 14:33:00,Y,redelivery needed: building locked,32,27.83,0
ORD-28259,2025/02/12 06:44,02126,02180,Rush,Brigham & Women's,D023,2025-02-12 07:18:00,2025-02-12 07:31:00,2025-02-12 09:30:00,2025-02-12 08:35:00,Y,traffic accident on route 1 delay,41,37.52,0
ORD-28260,,02128,02059,STAT,Labcorp Inc,D005,2025-03-29 15:48:00,2025-03-29 16:47:00,2025-03-29 17:53:00,2025-03-29 16:00:00,Y,,23,11.52,0
ORD-28261,2025/02/11 12:16,02142,02052,ROUTINE,Childrens Hospital,UNASSIGNED,2025-02-11 12:39:00,2025-02-11 13:18:00,2025-02-11 14:11:00,2025-02-11 15:50:00,Y,,29,31.52,0
ORD-28262,03-18-25 08:29 PM,02184,02136,SAME-DAY,Boston Medical Center,D005,2025-03-18 20:59:00,,2025-03-18 22:50:00,2025-03-19 00:00:00,N,specimen temp excursion possible - driver reports cooler malfunction,6,35.24,0
ORD-28263,03/03/2025 10:42,01886,02124,STAT,Emerson Hospital,D028,2025-03-03 11:04:00,2025-03-03 11:22:00,2025-03-03 13:15:00,2025-03-03 11:19:00,Y,"driver vehicle breakdown, transfer to DD010 in progress",6,7.9,0
ORD-28264,02-04-25 09:41 PM,02001,02038,ROUTINE,Boston Med Ctr,D002,2025-02-04 21:54:00,2025-02-04 22:20:00,2025-02-04 23:21:00,2025-02-05 00:47:00,Y,recipient not available at delivery location,10,23.57,0
ORD-28265,02/22/2025 09:22,02144,02145,STAT,Labcorp Inc,D040,2025-02-22 10:00:00,2025-02-22 10:36:00,2025-02-22 11:19:00,2025-02-22 10:02:00,N,"client called to confirm - specimen critical, needs STAT upgrade",16,21.63,0
ORD-28266,03/04/2025 09:31,02151,02047,Routine,South Shore Hospital,D019,2025-03-04 09:46:00,,2025-03-04 10:37:00,2025-03-04 13:16:00,Y,called client re specimen integrity - awaiting callback,38,14.22,0
ORD-28267,2025/01/07 13:37,01810,02176,ROUTINE,Cape Cod Hospital,D008,2025-01-07 14:15:00,2025-01-07 14:33:00,2025-01-07 16:00:00,2025-01-07 16:55:00,N,lab closed early today per client,42,7.72,1
ORD-28268,2025-03-27 10:27:00,02133,02107,SAME-DAY,Labcorp Inc,D034,2025-03-27 10:59:00,2025-03-27 11:29:00,,2025-03-27 13:43:00,N,"wrong zip code on order, corrected",34,20.71,0
ORD-28269,2025-02-14 07:42:00,02116,02149,STAT,South Shore Hospital,D040,2025-02-14 08:06:00,2025-02-14 09:02:00,2025-02-14 09:44:00,2025-02-14 08:38:00,Y,"wrong zip code on order, corrected",8,29.42,0
ORD-28270,2025-03-02 15:50:00,02032,02193,STAT,Northeast Labs,D006,2025-03-02 16:09:00,2025-03-02 16:31:00,2025-03-02 18:11:00,2025-03-02 16:44:00,Y,pickup completed but paperwork missing from package,44,25.79,0
ORD-28271,01/17/2025 15:52,01864,02130,routine,Northeast Labs,UNASSIGNED,2025-01-17 16:30:00,2025-01-17 17:03:00,2025-01-17 18:07:00,2025-01-17 21:49:00,Y,specimen labeled incorrectly by client,21,22.05,0
ORD-28272,03/21/2025 08:54,01851,02109,SAME-DAY,Childrens Hospital,D026,2025-03-21 09:26:00,2025-03-21 10:07:00,2025-03-21 11:02:00,2025-03-21 11:04:00,Y,driver cannot locate parking at hospital,11,18.56,0
ORD-28273,03/01/2025 19:55,02048,02132,STAT,Cape Cod Hospital,D037,2025-03-01 20:07:00,2025-03-01 20:47:00,2025-03-01 21:34:00,2025-03-01 20:28:00,Y,specimen temp excursion possible - driver reports cooler malfunction,19,28.36,0
ORD-28274,2025/01/06 03:21,02120,02139,STAT,Childrens Hospital,D014,2025-01-06 03:41:00,2025-01-06 04:16:00,2025-01-06 04:38:00,2025-01-06 04:16:00,Y,recipient not available at delivery location,19,10.6,0
ORD-28275,2025/01/26 14:00,02188,02048,SAME-DAY,Quest Diag,D036,2025-01-26 14:44:00,2025-01-26 15:31:00,2025-01-26 17:22:00,2025-01-26 16:25:00,N,package refused by receiving staff - no signature authority,14,12.02,0
ORD-28276,01-05-25 08:20 AM,01832,02131,ROUTINE,Tufts Med Center,D002,2025-01-05 08:54:00,2025-01-05 09:43:00,,2025-01-05 11:55:00,Y,traffic accident on route 1 delay,22,9.13,0
ORD-28277,2025-02-18 16:39:00,02143,02121,ROUTINE,Quest Diag,D025,2025-02-18 17:13:00,2025-02-18 18:09:00,2025-02-18 19:43:00,2025-02-18 19:49:00,Y,package refused by receiving staff - no signature authority,35,11.07,0
ORD-28278,2025/02/08 12:28,02169,02153,Routine,Cape Cod Hospital,D034,2025-02-08 12:34:00,2025-02-08 13:22:00,2025-02-08 14:29:00,2025-02-08 16:49:00,Y,"driver vehicle breakdown, transfer to DD008 in progress",425,29.95,0
ORD-28279,01/29/2025 05:54,02072,02169,ROUTINE,BioReference Labs,D040,2025-01-29 06:25:00,2025-01-29 06:41:00,,2025-01-29 09:27:00,Y,"wrong zip code on order, corrected",39,21.91,0
ORD-28280,01/03/2025 08:54,02135,02048,RUSH,Brigham & Women's,D040,2025-01-03 09:22:00,2025-01-03 10:16:00,2025-01-03 11:11:00,2025-01-03 10:16:00,N,specimen container damaged on pickup,25,22.61,0
ORD-28281,2025/03/19 11:52,02199,02035,Routine,Northeast Laboratory,D004,2025-03-19 12:14:00,2025-03-19 13:01:00,2025-03-19 13:46:00,2025-03-19 17:07:00,Y,"client called to confirm - specimen critical, needs STAT upgrade",42,25.32,0
ORD-28282,03-12-25 05:19 PM,02187,02101,Rush,Boston Med Ctr,D038,2025-03-12 17:24:00,2025-03-12 18:14:00,2025-03-12 19:42:00,2025-03-12 18:41:00,Y,package refused by receiving staff - no signature authority,11,22.13,0
ORD-28283,,02163,02191,rush,Brigham and Womens,D033,2025-03-22 03:06:00,,2025-03-22 04:27:00,2025-03-22 04:12:00,Y,redelivery needed: building locked,34,16.08,0
ORD-28284,2025-03-15 11:08:00,02124,02144,STAT,Boston Med Ctr,D029,2025-03-15 11:48:00,2025-03-15 12:04:00,2025-03-15 13:39:00,2025-03-15 11:45:00,Y,package refused by receiving staff - no signature authority,27,23.28,0
ORD-28285,2025/02/04 15:49,01810,02143,Routine,Children's Hospital,D018,2025-02-04 16:03:00,2025-02-04 16:19:00,2025-02-04 16:51:00,2025-02-04 19:11:00,Y,dispatcher note: double-check temp on this one before logging,25,13.6,0
ORD-28286,2025-03-25 18:48:00,01867,02050,RUSH,Children's Hospital,D002,2025-03-25 18:55:00,,,2025-03-25 19:54:00,Y,"client changed pickup time, driver redirected",36,32.84,0
ORD-28287,2025-03-05 08:39:00,02060,02114,ROUTINE,Emerson Hospital,D026,2025-03-05 08:42:00,2025-03-05 09:04:00,2025-03-05 10:16:00,2025-03-05 12:57:00,N,"wrong zip code on order, corrected",16,30.92,1
ORD-28288,02/09/2025 19:06,02108,02199,RUSH,Children's Hospital,D041,2025-02-09 19:22:00,2025-02-09 20:20:00,2025-02-09 21:58:00,2025-02-09 20:23:00,Y,,7,24.6,0
ORD-28289,02/03/2025 08:58,02107,02196,SAME-DAY,Children's Hospital,D023,2025-02-03 09:25:00,2025-02-03 10:00:00,2025-02-03 10:52:00,2025-02-03 12:42:00,Y,"driver called in sick mid-route, reassigning trips",17,11.41,0
ORD-28290,2025-01-21 03:18:00,01852,02171,ROUTINE,LabCorp,D038,2025-01-21 03:58:00,,2025-01-21 06:25:00,2025-01-21 06:26:00,N,lab closed early today per client,29,21.76,0
ORD-28291,01/09/2025 15:45,02145,02133,SAME-DAY,Boston Med Ctr,D025,2025-01-09 16:17:00,2025-01-09 17:16:00,2025-01-09 18:39:00,2025-01-09 19:13:00,Y,driver cannot locate parking at hospital,15,5.47,0
ORD-28292,03/09/2025 15:15,02045,02035,stat,Children's Hospital,D028,2025-03-09 15:58:00,2025-03-09 16:27:00,2025-03-09 18:14:00,2025-03-09 16:06:00,Y,traffic accident on route 1 delay,14,9.76,0
ORD-28293,2025-03-18 14:10:00,02139,02113,Stat,Boston Med Ctr,D001,2025-03-18 14:38:00,2025-03-18 15:21:00,2025-03-18 15:45:00,2025-03-18 14:49:00,Y,called client re specimen integrity - awaiting callback,30,35.02,0
ORD-28294,,02067,02060,ROUTINE,St. Elizabeth's Medical,D034,2025-02-28 08:36:00,2025-02-28 08:51:00,2025-02-28 09:54:00,2025-02-28 13:52:00,N,driver cannot locate parking at hospital,19,22.0,0
ORD-28295,2025/01/21 15:35,02001,02145,SAME-DAY,Brigham & Women's,D029,2025-01-21 15:55:00,,2025-01-21 17:47:00,2025-01-21 17:42:00,Y,driver cannot locate parking at hospital,11,27.71,0
ORD-28296,2025-02-24 09:09:00,02190,02169,STAT,Labcorp Inc,D002,2025-02-24 09:13:00,2025-02-24 09:33:00,2025-02-24 10:44:00,2025-02-24 10:07:00,Y,"elevator down at 15 Elm St, driver using stairs",5,16.46,0
ORD-28297,2025-01-29 05:13:00,02114,02067,ROUTINE,Childrens Hospital,D025,2025-01-29 05:40:00,2025-01-29 06:36:00,2025-01-29 08:32:00,2025-01-29 10:13:00,Y,,16,29.47,0
ORD-28298,02/03/2025 07:32,02144,02110,STAT,BioReference Labs,D041,2025-02-03 08:01:00,,2025-02-03 10:54:00,2025-02-03 08:18:00,N,recipient not available at delivery location,15,28.42,0
ORD-28299,2025-03-13 11:38:00,02187,02141,ROUTINE,Tufts Med Center,D020,2025-03-13 11:43:00,2025-03-13 12:38:00,2025-03-13 13:45:00,2025-03-13 16:35:00,Y,"wrong address on manifest, corrected enroute",5,5.73,0
ORD-28300,02/25/2025 11:12,02171,02194,SAME-DAY,Tufts Med Center,D034,2025-02-25 11:19:00,2025-02-25 11:53:00,2025-02-25 12:11:00,2025-02-25 13:21:00,Y,redelivery needed: building locked,27,25.12,0
ORD-28301,03-23-25 05:44 PM,02122,02062,Rush,Quest Diag,D012,2025-03-23 17:48:00,,2025-03-23 19:12:00,2025-03-23 19:16:00,N,"client changed pickup time, driver redirected",37,29.66,0
ORD-28302,2025/03/04 00:26,02072,02120,SAME-DAY,Cape Cod Hospital,D016,2025-03-04 00:41:00,2025-03-04 00:59:00,,2025-03-04 03:13:00,Y,"driver called in sick mid-route, reassigning trips",40,31.72,0
ORD-28303,03-12-25 12:24 PM,02198,02129,RUSH,Mass General Hospital,D005,2025-03-12 12:37:00,2025-03-12 12:48:00,2025-03-12 14:18:00,2025-03-12 14:00:00,Y,specimen labeled incorrectly by client,40,24.7,0
ORD-28304,2025/02/17 07:52,02061,02106,STAT,Quest Diag,D002,2025-02-17 08:20:00,2025-02-17 08:54:00,,2025-02-17 08:39:00,Y,delayed at security checkpoint - id verification required,25,25.98,0
ORD-28305,2025-01-29 12:41:00,02061,02195,ROUTINE,Mass General Hospital,D024,2025-01-29 13:15:00,,2025-01-29 13:57:00,2025-01-29 17:20:00,Y,"driver called in sick mid-route, reassigning trips",7,22.56,0
ORD-28306,2025-03-28 19:11:00,02188,02113,Stat,Tufts Med Center,D023,2025-03-28 19:41:00,2025-03-28 20:28:00,2025-03-28 22:07:00,2025-03-28 20:03:00,Y,recipient not available at delivery location,28,27.14,0
ORD-28307,2025/03/13 14:24,02152,02109,RUSH,BioReference Labs,D025,2025-03-13 14:51:00,2025-03-13 15:41:00,2025-03-13 17:33:00,2025-03-13 16:01:00,Y,driver reports ice on roads in reading area,23,12.3,0
ORD-28308,2025-03-25 07:29:00,02169,02139,routine,Labcorp Inc,D005,2025-03-25 07:38:00,2025-03-25 08:09:00,2025-03-25 10:02:00,2025-03-25 13:14:00,N,GPS routing error sent driver to wrong building,5,17.33,0
ORD-28309,2025/02/18 10:31,02105,02104,Routine,Cape Cod Hospital,D031,2025-02-18 11:08:00,2025-02-18 12:01:00,2025-02-18 12:36:00,2025-02-18 13:55:00,Y,lab closed early today per client,45,5.07,0
ORD-28310,,02110,02025,ROUTINE,South Shore Hospital,D032,2025-02-08 19:01:00,2025-02-08 19:18:00,2025-02-08 19:34:00,2025-02-08 23:35:00,Y,,42,32.64,0
ORD-28311,2025/01/21 06:18,02139,02169,RUSH,Providence Health,D035,2025-01-21 06:55:00,2025-01-21 07:17:00,2025-01-21 08:06:00,2025-01-21 07:36:00,Y,,19,5.26,0
ORD-28312,02/21/2025 17:17,02053,02155,rush,Providence Health,D023,2025-02-21 17:49:00,2025-02-21 18:34:00,2025-02-21 19:14:00,2025-02-21 18:44:00,Y,delayed at security checkpoint - id verification required,43,26.05,0
ORD-28313,2025-03-10 05:59:00,02019,02045,STAT,Emerson Hospital,D011,2025-03-10 06:32:00,2025-03-10 06:55:00,2025-03-10 08:01:00,2025-03-10 06:51:00,Y,"client called to confirm - specimen critical, needs STAT upgrade",23,21.23,0
ORD-28314,2025-03-16 10:33:00,02144,02163,RUSH,Children's Hospital,D032,2025-03-16 10:42:00,2025-03-16 11:42:00,2025-03-16 13:05:00,2025-03-16 12:03:00,Y,specimen labeled incorrectly by client,341,8.11,0
ORD-28315,2025-03-24 12:40:00,02163,02035,routine,Boston Medical Center,D032,2025-03-24 13:03:00,2025-03-24 13:26:00,2025-03-24 14:34:00,2025-03-24 16:51:00,N,specimen temp excursion possible - driver reports cooler malfunction,14,24.21,0
ORD-28316,2025-01-25 10:26:00,02105,02189,STAT,Childrens Hospital,D033,2025-01-25 10:44:00,2025-01-25 11:05:00,2025-01-25 11:47:00,2025-01-25 11:25:00,N,"client changed pickup time, driver redirected",17,18.34,0
ORD-28317,2025-02-09 07:37:00,01845,02067,STAT,Northeast Laboratory,D031,2025-02-09 08:15:00,2025-02-09 09:04:00,2025-02-09 10:47:00,2025-02-09 08:10:00,Y,GPS routing error sent driver to wrong building,42,14.61,0
ORD-28318,03/02/2025 16:00,02134,02197,stat,Lowell General,D017,2025-03-02 16:25:00,2025-03-02 16:40:00,2025-03-02 17:32:00,2025-03-02 16:42:00,N,"driver called in sick mid-route, reassigning trips",11,4.54,0
ORD-28319,03/29/2025 10:58,02060,02129,STAT,MGH,D031,2025-03-29 11:42:00,2025-03-29 12:17:00,2025-03-29 13:37:00,2025-03-29 11:47:00,N,package refused by receiving staff - no signature authority,13,37.21,1
ORD-28320,02-20-25 07:22 PM,02134,02189,ROUTINE,Quest Diagnostics,D020,2025-02-20 19:42:00,,2025-02-20 21:04:00,2025-02-20 22:22:00,Y,lab closed early today per client,313,37.99,0
ORD-28321,03/13/2025 11:59,02197,02191,STAT,Cape Cod Hospital,D034,2025-03-13 12:32:00,,2025-03-13 15:09:00,2025-03-13 12:51:00,Y,"driver ran out of dry ice, needs resupply",12,24.96,0
ORD-28322,2025-01-20 06:27:00,01867,02134,STAT,Labcorp Inc,D033,2025-01-20 06:44:00,2025-01-20 07:17:00,2025-01-20 08:22:00,2025-01-20 07:20:00,Y,"wrong zip code on order, corrected",11,18.41,0
ORD-28323,2025/03/12 16:06,02106,02171,ROUTINE,Brigham & Women's,D010,2025-03-12 16:11:00,2025-03-12 16:45:00,2025-03-12 18:09:00,2025-03-12 19:41:00,N,,6,16.68,0
ORD-28324,2025-02-19 16:38:00,02115,02198,stat,Quest Diagnostics,D005,2025-02-19 16:58:00,2025-02-19 17:08:00,2025-02-19 18:13:00,2025-02-19 17:25:00,N,"elevator down at 15 Elm St, driver using stairs",33,37.69,0
ORD-28325,03/31/2025 17:59,02054,02141,routine,Lowell General,D024,2025-03-31 18:26:00,,2025-03-31 20:09:00,2025-03-31 22:40:00,Y,specimen labeled incorrectly by client,15,12.4,0
ORD-28326,01/25/2025 13:00,02142,02021,ROUTINE,Labcorp Inc,D013,2025-01-25 13:11:00,2025-01-25 13:27:00,2025-01-25 15:24:00,2025-01-25 18:08:00,Y,"driver ran out of dry ice, needs resupply",34,26.91,0
ORD-28327,03/29/2025 03:44,01845,02061,STAT,Mass General Hospital,D035,2025-03-29 04:00:00,2025-03-29 04:13:00,2025-03-29 05:54:00,2025-03-29 04:34:00,Y,redelivery needed: building locked,35,24.63,0
ORD-28328,,01863,02105,STAT,BioReference Labs,D004,2025-01-12 13:40:00,2025-01-12 14:20:00,,2025-01-12 14:02:00,Y,redelivery needed: building locked,27,20.96,0
ORD-28329,01/25/2025 07:06,02101,02149,Routine,South Shore Hospital,D034,2025-01-25 07:28:00,,2025-01-25 08:11:00,2025-01-25 11:36:00,Y,delayed at security checkpoint - id verification required,43,10.76,0
ORD-28330,01-25-25 08:11 AM,02047,02136,Routine,MGH,UNASSIGNED,2025-01-25 08:39:00,2025-01-25 08:54:00,2025-01-25 10:04:00,2025-01-25 11:56:00,Y,package refused by receiving staff - no signature authority,8,20.94,0
ORD-28331,2025/02/20 14:17,02101,02109,ROUTINE,Cape Cod Hospital,D011,2025-02-20 14:42:00,2025-02-20 15:13:00,2025-02-20 17:10:00,2025-02-20 18:13:00,N,"wrong address on manifest, corrected enroute",12,10.21,0
ORD-28332,2025-01-09 15:04:00,01841,02195,ROUTINE,BioReference Labs,D029,2025-01-09 15:39:00,2025-01-09 16:22:00,2025-01-09 16:37:00,2025-01-09 19:31:00,Y,specimen container damaged on pickup,24,11.07,0
ORD-28333,2025/02/04 07:03,02144,02152,rush,Cape Cod Hospital,D024,2025-02-04 07:42:00,2025-02-04 08:15:00,2025-02-04 10:08:00,2025-02-04 08:04:00,Y,"driver vehicle breakdown, transfer to DD031 in progress",41,4.56,0
ORD-28334,2025-02-04 14:47:00,02153,02030,ROUTINE,NE Labs,D005,2025-02-04 15:18:00,2025-02-04 15:33:00,2025-02-04 16:06:00,2025-02-04 18:00:00,Y,GPS routing error sent driver to wrong building,9,7.59,0
ORD-28335,2025-03-31 11:52:00,01876,02121,Routine,NE Labs,UNASSIGNED,2025-03-31 12:05:00,,2025-03-31 13:33:00,2025-03-31 14:55:00,Y,,416,7.4,0
ORD-28336,2025-01-30 13:53:00,02122,02136,routine,Quest Diag,D016,2025-01-30 14:01:00,2025-01-30 14:15:00,2025-01-30 15:56:00,2025-01-30 17:35:00,Y,"client changed pickup time, driver redirected",19,24.2,0
ORD-28337,2025-01-20 12:33:00,01886,02195,rush,Childrens Hospital,D003,2025-01-20 12:55:00,2025-01-20 13:19:00,2025-01-20 13:52:00,2025-01-20 14:05:00,Y,pickup completed but paperwork missing from package,367,31.75,0
ORD-28338,03/01/2025 13:18,02110,02186,Routine,St. Elizabeth's Medical,D034,2025-03-01 13:44:00,2025-03-01 14:17:00,2025-03-01 14:51:00,2025-03-01 18:48:00,Y,"wrong address on manifest, corrected enroute",17,15.31,0
ORD-28339,02/10/2025 20:14,02149,02186,ROUTINE,MGH,D022,2025-02-10 20:24:00,2025-02-10 21:11:00,2025-02-10 23:07:00,2025-02-10 23:57:00,Y,traffic accident on route 1 delay,21,10.37,0
ORD-28340,03-14-25 01:23 PM,02196,02109,STAT,Tufts Med Center,D041,2025-03-14 13:32:00,2025-03-14 13:48:00,2025-03-14 14:59:00,2025-03-14 14:14:00,Y,"driver ran out of dry ice, needs resupply",25,15.87,0
ORD-28341,03-23-25 03:55 PM,02107,02141,ROUTINE,Labcorp Inc,D036,2025-03-23 16:26:00,2025-03-23 16:44:00,2025-03-23 18:26:00,2025-03-23 21:02:00,Y,"client changed pickup time, driver redirected",26,21.63,0
ORD-28342,03-13-25 06:28 AM,02122,02132,RUSH,Boston Med Ctr,D034,2025-03-13 06:36:00,,2025-03-13 09:29:00,2025-03-13 08:10:00,Y,,32,37.15,0
ORD-28343,2025-03-09 12:50:00,02169,02141,Rush,Brigham and Womens,D036,2025-03-09 12:58:00,2025-03-09 13:52:00,2025-03-09 15:50:00,2025-03-09 14:14:00,Y,recipient not available at delivery location,144,25.68,0
ORD-28344,02-06-25 09:38 AM,02050,02001,SAME-DAY,Mass General Hospital,D025,2025-02-06 10:08:00,,2025-02-06 11:20:00,2025-02-06 12:12:00,Y,,23,15.22,0
ORD-28345,2025/02/05 17:53,02111,02118,ROUTINE,Northeast Laboratory,D019,2025-02-05 18:27:00,2025-02-05 19:21:00,2025-02-05 20:01:00,2025-02-05 22:55:00,Y,"pickup not ready, driver waiting 15+ min",39,23.26,0
ORD-28346,01/22/2025 14:13,02132,02060,routine,LabCorp,D008,2025-01-22 14:31:00,,2025-01-22 15:34:00,2025-01-22 18:57:00,Y,called client re specimen integrity - awaiting callback,22,12.7,0
ORD-28347,2025-02-06 10:14:00,01862,02176,ROUTINE,BioReference Labs,D013,2025-02-06 10:59:00,2025-02-06 11:39:00,2025-02-06 12:57:00,2025-02-06 13:27:00,Y,,41,33.18,0
ORD-28348,03/07/2025 11:43,02111,02116,Routine,Cape Cod Hospital,D021,2025-03-07 12:12:00,2025-03-07 12:44:00,2025-03-07 13:35:00,2025-03-07 17:16:00,Y,"driver vehicle breakdown, transfer to DD034 in progress",224,36.14,0
ORD-28349,2025-03-05 10:38:00,02152,02155,ROUTINE,Quest Diagnostics,UNASSIGNED,2025-03-05 11:06:00,2025-03-05 11:54:00,2025-03-05 13:15:00,2025-03-05 15:05:00,Y,specimen container damaged on pickup,17,12.28,0
ORD-28350,03/23/2025 20:01,02138,02048,routine,Tufts Medical,D013,2025-03-23 20:40:00,2025-03-23 21:36:00,,2025-03-23 23:43:00,N,"driver stuck in traffic on 93, running ~20 min late",27,25.51,0
ORD-28351,2025-01-23 13:34:00,01862,02171,Routine,NE Labs,D028,2025-01-23 13:41:00,2025-01-23 13:57:00,2025-01-23 15:26:00,2025-01-23 18:24:00,Y,specimen temp excursion possible - driver reports cooler malfunction,31,36.18,0
ORD-28352,01-06-25 03:23 PM,01845,02193,routine,Northeast Laboratory,D032,2025-01-06 15:57:00,,2025-01-06 17:14:00,2025-01-06 20:34:00,Y,lab closed early today per client,42,14.32,0
ORD-28353,2025/02/20 08:10,02056,02152,Rush,Mass General Hospital,D015,2025-02-20 08:40:00,,2025-02-20 10:39:00,2025-02-20 09:21:00,Y,package refused by receiving staff - no signature authority,10,23.72,0
ORD-28354,01/19/2025 23:06,02126,02126,Same-Day,Providence Health,D002,2025-01-19 23:29:00,2025-01-19 23:40:00,2025-01-20 00:04:00,2025-01-20 01:08:00,Y,"wrong zip code on order, corrected",38,19.9,0
ORD-28355,03/23/2025 12:42,02060,02156,STAT,Brigham and Womens,UNASSIGNED,2025-03-23 13:01:00,2025-03-23 13:47:00,2025-03-23 15:00:00,2025-03-23 13:26:00,Y,specimen container damaged on pickup,38,13.41,0
ORD-28356,02-04-25 04:24 PM,02185,02140,RUSH,Boston Med Ctr,D017,2025-02-04 16:52:00,2025-02-04 17:32:00,2025-02-04 18:13:00,2025-02-04 17:24:00,N,pickup completed but paperwork missing from package,5,7.82,0
ORD-28357,01/21/2025 08:41,02038,02066,ROUTINE,Northeast Laboratory,D009,2025-01-21 09:24:00,2025-01-21 10:14:00,2025-01-21 11:36:00,2025-01-21 11:44:00,Y,recipient not available at delivery location,10,16.02,0
ORD-28358,2025-01-08 11:46:00,02122,02191,Routine,Quest Diagnostics,D025,2025-01-08 12:11:00,2025-01-08 12:47:00,2025-01-08 13:55:00,2025-01-08 16:52:00,N,driver cannot locate parking at hospital,20,20.41,0
ORD-28359,03/01/2025 14:05,02071,02134,SAME-DAY,LabCorp,D028,2025-03-01 14:18:00,2025-03-01 14:37:00,2025-03-01 15:08:00,2025-03-01 16:43:00,Y,,30,6.39,0
ORD-28360,2025/03/05 09:58,02128,02101,ROUTINE,NE Labs,D025,2025-03-05 10:07:00,2025-03-05 10:31:00,2025-03-05 12:03:00,2025-03-05 13:23:00,Y,"driver ran out of dry ice, needs resupply",28,35.27,0
ORD-28361,2025/01/09 04:32,02176,02170,RUSH,Northeast Labs,D025,2025-01-09 05:11:00,2025-01-09 05:38:00,2025-01-09 06:40:00,2025-01-09 05:52:00,Y,pickup completed but paperwork missing from package,41,36.58,0
ORD-28362,2025/02/17 09:58,01843,02124,Stat,Northeast Labs,D006,2025-02-17 10:21:00,2025-02-17 10:42:00,2025-02-17 11:14:00,2025-02-17 10:28:00,Y,called client re specimen integrity - awaiting callback,6,10.03,0
ORD-28363,02/05/2025 07:06,01854,02186,STAT,Brigham & Women's,D020,2025-02-05 07:23:00,2025-02-05 07:44:00,2025-02-05 08:31:00,2025-02-05 07:40:00,Y,,10,22.84,0
ORD-28364,2025-02-17 11:46:00,02026,02141,STAT,South Shore Hospital,D029,2025-02-17 11:58:00,2025-02-17 12:10:00,2025-02-17 12:51:00,2025-02-17 12:26:00,Y,"wrong zip code on order, corrected",18,6.8,0
ORD-28365,2025-02-27 11:36:00,02195,02021,RUSH,Cape Cod Hospital,D024,2025-02-27 11:49:00,2025-02-27 12:33:00,2025-02-27 13:29:00,2025-02-27 12:56:00,Y,pickup completed but paperwork missing from package,44,8.52,0
ORD-28366,02/05/2025 06:18,02197,02107,RUSH,BioReference Labs,D019,2025-02-05 06:36:00,2025-02-05 07:20:00,2025-02-05 07:35:00,2025-02-05 07:43:00,Y,GPS routing error sent driver to wrong building,21,35.6,0
ORD-28367,2025-02-09 09:09:00,02177,02053,STAT,Lowell General,D013,2025-02-09 09:27:00,2025-02-09 10:08:00,2025-02-09 12:02:00,2025-02-09 10:00:00,N,"pickup not ready, driver waiting 15+ min",27,22.23,1
ORD-28368,2025-02-25 08:21:00,02060,02139,RUSH,Emerson Hospital,D012,2025-02-25 09:02:00,2025-02-25 09:34:00,,2025-02-25 10:16:00,Y,"client changed pickup time, driver redirected",31,34.2,0
ORD-28369,2025-03-20 12:55:00,02035,02145,STAT,Boston Medical Center,D016,2025-03-20 13:15:00,2025-03-20 13:26:00,2025-03-20 14:20:00,2025-03-20 13:33:00,Y,"driver called in sick mid-route, reassigning trips",8,13.74,0
ORD-28370,2025-03-18 09:15:00,02106,02001,Stat,BioReference Labs,D003,2025-03-18 09:27:00,,2025-03-18 10:12:00,2025-03-18 10:09:00,Y,specimen temp excursion possible - driver reports cooler malfunction,45,36.09,0
ORD-28371,2025-03-23 08:01:00,02019,02144,ROUTINE,Brigham and Womens,UNASSIGNED,2025-03-23 08:31:00,2025-03-23 09:08:00,2025-03-23 10:15:00,2025-03-23 13:35:00,N,redelivery needed: building locked,8,15.33,0
ORD-28372,01/26/2025 17:36,02066,02150,ROUTINE,Brigham and Womens,D012,2025-01-26 17:53:00,2025-01-26 18:08:00,2025-01-26 18:47:00,2025-01-26 21:30:00,N,package refused by receiving staff - no signature authority,9,23.1,1
ORD-28373,2025-01-07 08:31:00,02197,02061,Same-Day,BioReference Labs,UNASSIGNED,2025-01-07 08:36:00,2025-01-07 09:33:00,2025-01-07 10:45:00,2025-01-07 11:47:00,Y,specimen container damaged on pickup,11,27.66,0
ORD-28374,2025/03/13 15:28,02144,02176,SAME-DAY,Children's Hospital,D033,2025-03-13 15:50:00,2025-03-13 16:12:00,2025-03-13 16:52:00,2025-03-13 17:32:00,Y,traffic accident on route 1 delay,19,6.71,0
ORD-28375,01/25/2025 11:50,02153,02106,STAT,MGH,D020,2025-01-25 12:05:00,2025-01-25 12:29:00,2025-01-25 14:00:00,2025-01-25 12:36:00,Y,driver cannot locate parking at hospital,35,21.76,0
ORD-28376,2025/02/07 08:20,02188,02190,stat,LabCorp,D001,2025-02-07 08:28:00,2025-02-07 08:59:00,2025-02-07 10:58:00,2025-02-07 09:01:00,Y,delayed at security checkpoint - id verification required,31,5.09,0
ORD-28377,01/28/2025 07:14,01803,02116,SAME-DAY,St. Elizabeth's Medical,D035,2025-01-28 07:42:00,2025-01-28 07:59:00,2025-01-28 08:21:00,2025-01-28 09:55:00,Y,called client re specimen integrity - awaiting callback,27,7.69,0
ORD-28378,2025/03/12 06:45,02111,02050,SAME-DAY,NE Labs,D025,2025-03-12 07:14:00,2025-03-12 07:42:00,2025-03-12 08:14:00,2025-03-12 09:46:00,Y,"driver stuck in traffic on 93, running ~20 min late",21,27.92,0
ORD-28379,01/13/2025 01:02,02192,02126,ROUTINE,Labcorp Inc,D040,2025-01-13 01:11:00,2025-01-13 01:41:00,2025-01-13 02:21:00,2025-01-13 06:16:00,Y,redelivery needed: building locked,22,9.53,0
ORD-28380,2025-02-14 15:05:00,02155,02019,SAME-DAY,Northeast Labs,D015,2025-02-14 15:36:00,2025-02-14 16:08:00,2025-02-14 16:45:00,2025-02-14 18:59:00,Y,traffic accident on route 1 delay,21,14.8,0
ORD-28381,03/13/2025 13:39,02156,02067,STAT,Northeast Labs,D012,2025-03-13 13:43:00,2025-03-13 13:57:00,2025-03-13 15:53:00,2025-03-13 14:21:00,Y,redelivery needed: building locked,30,8.95,0
ORD-28382,2025-03-28 12:48:00,02113,02142,RUSH,Boston Medical Center,D033,2025-03-28 13:10:00,2025-03-28 13:38:00,2025-03-28 14:57:00,2025-03-28 14:35:00,N,,36,34.66,0
ORD-28383,01/11/2025 21:39,02140,02062,SAME-DAY,Tufts Medical,D037,2025-01-11 22:24:00,2025-01-11 22:46:00,2025-01-11 23:12:00,2025-01-11 23:47:00,Y,specimen container damaged on pickup,23,26.89,0
ORD-28384,2025-03-07 13:57:00,02138,02110,ROUTINE,Labcorp Inc,D034,2025-03-07 14:08:00,2025-03-07 14:56:00,2025-03-07 16:08:00,2025-03-07 19:42:00,Y,called client re specimen integrity - awaiting callback,5,12.51,0
ORD-28385,2025-01-29 07:02:00,02120,02189,STAT,Tufts Med Center,D018,2025-01-29 07:15:00,2025-01-29 07:59:00,2025-01-29 09:29:00,2025-01-29 07:33:00,Y,driver reports ice on roads in reading area,45,13.8,0
ORD-28386,2025/02/10 19:24,02177,02047,RUSH,MGH,D037,2025-02-10 19:54:00,2025-02-10 20:40:00,2025-02-10 21:38:00,2025-02-10 20:24:00,N,dispatcher note: double-check temp on this one before logging,28,10.04,1
ORD-28387,2025/03/23 12:22,02129,02152,SAME-DAY,BioReference Labs,D013,2025-03-23 12:52:00,2025-03-23 13:48:00,2025-03-23 15:45:00,2025-03-23 14:26:00,Y,"driver ran out of dry ice, needs resupply",16,12.45,0
ORD-28388,02-18-25 06:15 AM,02060,02056,STAT,Quest Diag,D037,2025-02-18 06:36:00,,,2025-02-18 06:57:00,Y,recipient not available at delivery location,8,31.97,0
ORD-28389,03/26/2025 08:10,01840,02189,stat,Tufts Med Center,D006,2025-03-26 08:30:00,2025-03-26 08:54:00,2025-03-26 09:32:00,2025-03-26 08:48:00,Y,"driver called in sick mid-route, reassigning trips",22,29.91,0
ORD-28390,03-26-25 06:28 AM,02032,02067,ROUTINE,Northeast Labs,D022,2025-03-26 06:47:00,2025-03-26 07:26:00,2025-03-26 08:45:00,2025-03-26 09:51:00,Y,called client re specimen integrity - awaiting callback,41,17.6,0
ORD-28391,2025/02/16 09:43,02171,02184,STAT,BioReference Labs,D010,2025-02-16 09:50:00,2025-02-16 10:13:00,2025-02-16 12:06:00,2025-02-16 10:28:00,Y,lab closed early today per client,35,9.86,0
ORD-28392,2025-01-24 16:08:00,02171,02053,routine,Quest Diag,D007,2025-01-24 16:47:00,2025-01-24 17:42:00,2025-01-24 18:48:00,2025-01-24 20:20:00,Y,,11,5.02,0
ORD-28393,,02059,02060,stat,Cape Cod Hospital,D001,2025-02-13 08:45:00,2025-02-13 09:33:00,2025-02-13 11:12:00,2025-02-13 08:54:00,Y,driver reports ice on roads in reading area,44,8.08,0
ORD-28394,2025-03-21 12:55:00,02111,02021,ROUTINE,Providence Health,D037,2025-03-21 13:03:00,,2025-03-21 14:02:00,2025-03-21 16:00:00,Y,"driver called in sick mid-route, reassigning trips",38,29.33,0
ORD-28395,02-13-25 10:16 AM,02198,02052,STAT,Tufts Medical,D021,2025-02-13 10:46:00,2025-02-13 10:59:00,2025-02-13 12:14:00,2025-02-13 10:59:00,Y,,39,8.46,0
ORD-28396,02/25/2025 12:01,02126,02155,STAT,Tufts Med Center,D040,2025-02-25 12:23:00,,2025-02-25 14:34:00,2025-02-25 13:01:00,Y,,10,36.0,0
ORD-28397,2025-02-22 11:37:00,01851,02115,ROUTINE,Emerson Hospital,D025,2025-02-22 12:11:00,2025-02-22 12:52:00,2025-02-22 14:15:00,2025-02-22 14:51:00,Y,"pickup not ready, driver waiting 15+ min",12,25.1,0
ORD-28398,2025-02-22 17:28:00,02140,02114,ROUTINE,Labcorp Inc,D019,2025-02-22 17:32:00,,2025-02-22 18:26:00,2025-02-22 21:19:00,Y,lab closed early today per client,16,23.27,0
ORD-28399,2025-03-21 13:42:00,02134,02151,rush,Mass General Hospital,D041,2025-03-21 14:25:00,2025-03-21 14:57:00,,2025-03-21 15:09:00,Y,lab closed early today per client,27,9.39,0
ORD-28400,02/05/2025 17:03,02120,02071,rush,BioReference Labs,D013,2025-02-05 17:08:00,,2025-02-05 18:32:00,2025-02-05 18:32:00,Y,,8,23.72,0
ORD-28401,2025/04/01 17:47,01867,02200,Same-Day,Boston Med Ctr,D037,2025-04-01 18:12:00,2025-04-01 18:50:00,2025-04-01 19:30:00,2025-04-01 19:47:00,Y,"driver ran out of dry ice, needs resupply",28,28.48,0
ORD-28402,01-18-25 10:08 AM,01832,02180,Rush,LabCorp,D038,2025-01-18 10:52:00,2025-01-18 11:25:00,2025-01-18 11:41:00,2025-01-18 11:09:00,Y,"pickup not ready, driver waiting 15+ min",20,13.06,0
ORD-28403,03-31-25 06:32 PM,02120,02130,STAT,Labcorp Inc,D009,2025-03-31 19:11:00,2025-03-31 19:54:00,2025-03-31 20:42:00,2025-03-31 19:30:00,N,delayed at security checkpoint - id verification required,31,24.06,1
ORD-28404,2025-03-22 15:58:00,01843,02177,SAME-DAY,Brigham and Womens,D040,2025-03-22 16:34:00,,2025-03-22 18:39:00,2025-03-22 18:55:00,N,"driver vehicle breakdown, transfer to DD034 in progress",39,10.15,1
ORD-28405,02-27-25 12:55 PM,01801,02072,ROUTINE,Childrens Hospital,D005,2025-02-27 13:18:00,2025-02-27 13:38:00,2025-02-27 15:18:00,2025-02-27 16:39:00,Y,lab closed early today per client,20,35.44,0
ORD-28406,2025/01/18 13:13,01852,02103,SAME-DAY,Labcorp Inc,D017,2025-01-18 13:18:00,2025-01-18 14:05:00,2025-01-18 14:24:00,2025-01-18 16:58:00,Y,pickup completed but paperwork missing from package,21,5.3,0
ORD-28407,03-18-25 11:06 AM,02119,02118,Same-Day,Northeast Laboratory,D018,2025-03-18 11:21:00,,2025-03-18 12:18:00,2025-03-18 14:46:00,Y,traffic accident on route 1 delay,7,29.52,0
ORD-28408,2025/02/10 09:50,02125,02119,SAME-DAY,Emerson Hospital,D039,2025-02-10 10:27:00,2025-02-10 11:22:00,2025-02-10 13:20:00,2025-02-10 13:00:00,N,"client changed pickup time, driver redirected",22,27.27,0
ORD-28409,2025-02-24 13:16:00,01876,02125,stat,BioReference Labs,D017,2025-02-24 13:29:00,,2025-02-24 15:59:00,2025-02-24 14:16:00,N,,36,17.46,0
ORD-28410,03/12/2025 12:51,01840,02171,Rush,NE Labs,D018,2025-03-12 13:16:00,,2025-03-12 13:49:00,2025-03-12 14:42:00,N,,45,32.97,1
ORD-28411,2025-03-13 06:44:00,02110,02169,stat,Boston Medical Center,UNASSIGNED,2025-03-13 07:12:00,2025-03-13 08:03:00,2025-03-13 09:36:00,2025-03-13 07:37:00,N,redelivery needed: building locked,40,10.55,1
ORD-28412,01-08-25 10:04 AM,01843,02105,SAME-DAY,Boston Med Ctr,D014,2025-01-08 10:18:00,2025-01-08 10:50:00,2025-01-08 12:19:00,2025-01-08 12:04:00,Y,,32,28.02,0
ORD-28413,2025/02/07 07:36,02153,02118,Routine,Tufts Medical,D018,2025-02-07 08:08:00,2025-02-07 08:26:00,2025-02-07 10:21:00,2025-02-07 10:53:00,Y,"driver ran out of dry ice, needs resupply",41,19.04,0
ORD-28414,01/08/2025 09:24,02025,02184,RUSH,Quest Diagnostics,D031,2025-01-08 09:31:00,,2025-01-08 11:48:00,2025-01-08 10:54:00,Y,"elevator down at 15 Elm St, driver using stairs",14,6.98,0
ORD-28415,01/20/2025 20:06,02111,02045,ROUTINE,NE Labs,D028,2025-01-20 20:51:00,2025-01-20 21:20:00,2025-01-20 22:23:00,2025-01-20 23:08:00,Y,traffic accident on route 1 delay,38,32.93,0
ORD-28416,2025/02/08 07:07,02030,02061,RUSH,Quest Diagnostics,D027,2025-02-08 07:52:00,2025-02-08 08:44:00,2025-02-08 09:37:00,2025-02-08 09:00:00,N,"elevator down at 15 Elm St, driver using stairs",33,29.95,0
ORD-28417,02/08/2025 04:01,02118,02056,ROUTINE,Brigham & Women's,D018,2025-02-08 04:18:00,2025-02-08 04:45:00,2025-02-08 06:21:00,2025-02-08 09:58:00,Y,lab closed early today per client,31,11.81,0
ORD-28418,03/04/2025 05:32,01851,02120,Routine,Northeast Laboratory,D016,2025-03-04 05:57:00,2025-03-04 06:29:00,2025-03-04 07:47:00,2025-03-04 10:34:00,Y,"client called to confirm - specimen critical, needs STAT upgrade",34,18.06,0
ORD-28419,02-16-25 10:24 AM,02116,02156,Rush,Childrens Hospital,D037,2025-02-16 10:32:00,2025-02-16 11:01:00,2025-02-16 11:44:00,2025-02-16 12:22:00,Y,,22,11.62,0
ORD-28420,02/09/2025 15:10,02145,02136,Routine,Brigham and Womens,D019,2025-02-09 15:31:00,2025-02-09 16:21:00,2025-02-09 18:04:00,2025-02-09 18:34:00,N,lab closed early today per client,41,15.07,0
ORD-28421,01/08/2025 09:32,02134,02199,stat,LabCorp,D019,2025-01-08 10:00:00,2025-01-08 10:13:00,2025-01-08 11:42:00,2025-01-08 10:19:00,Y,"client changed pickup time, driver redirected",31,25.25,0
ORD-28422,03/16/2025 15:02,02122,02131,Routine,NE Labs,UNASSIGNED,2025-03-16 15:08:00,,2025-03-16 16:58:00,2025-03-16 19:26:00,N,,18,13.62,0
ORD-28423,2025/01/16 08:27,01826,02119,Routine,St. Elizabeth's Medical,D012,2025-01-16 08:39:00,2025-01-16 08:51:00,2025-01-16 10:34:00,2025-01-16 13:56:00,Y,traffic accident on route 1 delay,11,29.87,0
ORD-28424,2025-01-14 09:58:00,02128,02030,routine,Cape Cod Hospital,D012,2025-01-14 10:18:00,2025-01-14 11:06:00,2025-01-14 11:29:00,2025-01-14 14:38:00,Y,,18,6.04,0
ORD-28425,2025-03-12 05:41:00,01801,02130,STAT,Northeast Laboratory,D010,2025-03-12 06:06:00,2025-03-12 06:50:00,,2025-03-12 06:20:00,Y,,44,23.91,0
ORD-28426,01/11/2025 13:21,02185,02197,STAT,NE Labs,D019,2025-01-11 13:50:00,2025-01-11 14:31:00,2025-01-11 15:56:00,2025-01-11 13:54:00,Y,"client changed pickup time, driver redirected",5,17.06,0
ORD-28427,03/12/2025 16:56,01832,02130,RUSH,Emerson Hospital,D026,2025-03-12 17:28:00,2025-03-12 17:43:00,2025-03-12 18:26:00,2025-03-12 18:03:00,Y,,9,34.57,0
ORD-28428,01-25-25 09:16 AM,02072,02156,ROUTINE,Boston Med Ctr,D008,2025-01-25 09:31:00,2025-01-25 10:05:00,,2025-01-25 13:14:00,Y,,316,4.57,0
ORD-28429,02-08-25 10:07 AM,01803,02150,Routine,BioReference Labs,D036,2025-02-08 10:28:00,2025-02-08 11:06:00,2025-02-08 11:53:00,2025-02-08 14:55:00,Y,"driver stuck in traffic on 93, running ~20 min late",35,8.15,0
ORD-28430,2025-01-27 17:12:00,02026,02053,Stat,Children's Hospital,D018,2025-01-27 17:19:00,,,2025-01-27 17:42:00,Y,called client re specimen integrity - awaiting callback,29,9.26,0
ORD-28431,02/12/2025 08:47,02106,02199,Routine,Labcorp Inc,D013,2025-02-12 09:11:00,2025-02-12 09:54:00,,2025-02-12 13:13:00,N,,18,29.21,1
ORD-28432,01-18-25 12:43 PM,02056,02163,same-day,Mass General Hospital,D026,2025-01-18 13:14:00,2025-01-18 13:30:00,2025-01-18 14:09:00,2025-01-18 16:00:00,Y,pickup completed but paperwork missing from package,16,17.78,0
ORD-28433,01/28/2025 12:29,02115,02103,STAT,NE Labs,D019,2025-01-28 12:44:00,2025-01-28 13:16:00,2025-01-28 15:01:00,2025-01-28 13:05:00,Y,specimen labeled incorrectly by client,41,34.61,0
ORD-28434,01-23-25 11:47 AM,02195,02196,SAME-DAY,Boston Medical Center,D027,2025-01-23 12:13:00,2025-01-23 13:02:00,2025-01-23 14:52:00,2025-01-23 14:24:00,N,"driver ran out of dry ice, needs resupply",34,19.92,0
ORD-28435,02/20/2025 08:05,02061,02191,ROUTINE,Brigham & Women's,D038,2025-02-20 08:17:00,2025-02-20 09:14:00,2025-02-20 10:03:00,2025-02-20 12:28:00,Y,redelivery needed: building locked,39,11.71,0
ORD-28436,03/18/2025 08:51,02185,02032,Rush,Labcorp Inc,D028,2025-03-18 09:06:00,2025-03-18 10:01:00,2025-03-18 11:25:00,2025-03-18 10:29:00,N,lab closed early today per client,35,29.46,0
ORD-28437,03/03/2025 08:50,02067,02176,Routine,South Shore Hospital,D013,2025-03-03 09:35:00,2025-03-03 10:26:00,2025-03-03 10:56:00,2025-03-03 13:35:00,Y,,29,10.63,0
ORD-28438,03/19/2025 16:56,02120,02116,routine,Brigham & Women's,D027,2025-03-19 17:17:00,2025-03-19 17:45:00,2025-03-19 18:41:00,2025-03-19 20:29:00,Y,recipient not available at delivery location,41,16.15,0
ORD-28439,2025-01-12 20:07:00,02130,02138,STAT,Cape Cod Hospital,D020,2025-01-12 20:29:00,2025-01-12 21:07:00,2025-01-12 22:48:00,2025-01-12 20:40:00,Y,lab closed early today per client,24,30.41,0
ORD-28440,,01886,02129,STAT,Providence Health,D008,2025-02-03 11:17:00,2025-02-03 11:36:00,2025-02-03 13:14:00,2025-02-03 11:18:00,Y,specimen container damaged on pickup,21,35.16,0
ORD-28441,2025-01-23 20:07:00,02118,02104,Stat,Quest Diag,D006,2025-01-23 20:21:00,2025-01-23 21:09:00,2025-01-23 22:33:00,2025-01-23 20:40:00,Y,"driver called in sick mid-route, reassigning trips",35,29.68,0
ORD-28442,2025-03-24 18:51:00,02071,02177,Routine,Cape Cod Hospital,D022,2025-03-24 19:01:00,2025-03-24 19:24:00,2025-03-24 20:43:00,2025-03-24 23:08:00,Y,"elevator down at 15 Elm St, driver using stairs",15,19.68,0
ORD-28443,2025-01-17 13:10:00,02072,02193,stat,Cape Cod Hospital,D001,2025-01-17 13:27:00,,2025-01-17 15:11:00,2025-01-17 14:04:00,Y,"wrong zip code on order, corrected",33,25.24,0
ORD-28444,2025/02/13 05:50,02194,02052,Same-Day,Emerson Hospital,D017,2025-02-13 06:16:00,,2025-02-13 07:16:00,2025-02-13 09:02:00,Y,specimen labeled incorrectly by client,28,30.97,0
ORD-28445,2025-03-15 22:39:00,02120,02145,Routine,LabCorp,D011,2025-03-15 23:20:00,2025-03-16 00:09:00,2025-03-16 00:43:00,2025-03-16 02:25:00,Y,delayed at security checkpoint - id verification required,40,23.27,0
ORD-28446,02/11/2025 18:53,01879,02105,RUSH,Cape Cod Hospital,D029,2025-02-11 19:07:00,2025-02-11 20:07:00,2025-02-11 22:02:00,2025-02-11 20:25:00,Y,,41,12.48,0
ORD-28447,03-26-25 09:55 AM,02110,02104,routine,Children's Hospital,D010,2025-03-26 10:11:00,2025-03-26 10:21:00,2025-03-26 10:42:00,2025-03-26 15:30:00,Y,pickup completed but paperwork missing from package,27,16.43,0
ORD-28448,03/04/2025 16:12,02192,02155,ROUTINE,Boston Medical Center,D027,2025-03-04 16:23:00,2025-03-04 16:55:00,2025-03-04 17:19:00,2025-03-04 21:13:00,Y,"driver ran out of dry ice, needs resupply",29,13.97,0
ORD-28449,,02104,02169,Stat,Tufts Med Center,D004,2025-03-05 04:52:00,2025-03-05 05:42:00,2025-03-05 06:46:00,2025-03-05 05:32:00,Y,,37,36.76,0
ORD-28450,02/13/2025 08:48,02135,02198,Rush,BioReference Labs,D012,2025-02-13 09:23:00,2025-02-13 10:13:00,2025-02-13 11:33:00,2025-02-13 10:16:00,N,driver cannot locate parking at hospital,31,12.74,0
ORD-28451,2025-01-02 15:55:00,02171,02199,STAT,Tufts Med Center,D016,2025-01-02 16:21:00,,2025-01-02 17:27:00,2025-01-02 16:46:00,Y,delayed at security checkpoint - id verification required,33,5.01,0
ORD-28452,2025-01-04 13:03:00,02200,02047,same-day,Northeast Laboratory,D031,2025-01-04 13:48:00,2025-01-04 14:38:00,2025-01-04 15:02:00,2025-01-04 16:45:00,Y,GPS routing error sent driver to wrong building,11,32.83,0
ORD-28453,2025/02/13 13:11,02045,02035,STAT,Boston Med Ctr,D036,2025-02-13 13:25:00,2025-02-13 13:42:00,,2025-02-13 13:48:00,Y,,37,34.46,0
ORD-28454,03/19/2025 09:07,02107,02038,ROUTINE,Emerson Hospital,D008,2025-03-19 09:32:00,2025-03-19 09:50:00,2025-03-19 11:47:00,2025-03-19 12:59:00,Y,,8,22.94,0
ORD-28455,2025/02/25 03:51,02170,02110,SAME-DAY,Brigham and Womens,D025,2025-02-25 04:18:00,,2025-02-25 06:55:00,2025-02-25 07:43:00,N,dispatcher note: double-check temp on this one before logging,5,35.64,0
ORD-28456,,01852,02113,ROUTINE,Brigham & Women's,D018,2025-01-09 14:22:00,2025-01-09 15:16:00,2025-01-09 17:16:00,2025-01-09 18:29:00,N,"client called to confirm - specimen critical, needs STAT upgrade",6,35.06,0
ORD-28457,2025-01-26 09:06:00,02152,02121,SAME-DAY,Children's Hospital,D023,2025-01-26 09:19:00,2025-01-26 09:47:00,2025-01-26 10:21:00,2025-01-26 11:37:00,Y,"wrong address on manifest, corrected enroute",23,32.09,0
ORD-28458,2025-01-15 07:46:00,01864,02163,RUSH,South Shore Hospital,D041,2025-01-15 08:00:00,2025-01-15 08:25:00,2025-01-15 09:40:00,2025-01-15 09:32:00,Y,"client called to confirm - specimen critical, needs STAT upgrade",31,22.8,0
ORD-28459,2025-02-23 03:59:00,02195,02030,RUSH,Labcorp Inc,D018,2025-02-23 04:30:00,2025-02-23 05:18:00,2025-02-23 05:39:00,2025-02-23 05:38:00,Y,delayed at security checkpoint - id verification required,42,23.43,0
ORD-28460,2025-01-25 21:15:00,02043,02136,routine,Emerson Hospital,D039,2025-01-25 21:34:00,,2025-01-25 23:30:00,2025-01-26 02:36:00,Y,driver reports ice on roads in reading area,37,24.47,0
ORD-28461,2025/01/09 15:10,02032,02108,ROUTINE,Tufts Medical,D020,2025-01-09 15:54:00,2025-01-09 16:25:00,,2025-01-09 21:02:00,Y,"driver ran out of dry ice, needs resupply",158,37.95,0
ORD-28462,2025/03/07 08:26,01843,02105,ROUTINE,BioReference Labs,D035,2025-03-07 08:35:00,2025-03-07 09:26:00,2025-03-07 11:09:00,2025-03-07 11:40:00,N,specimen temp excursion possible - driver reports cooler malfunction,23,21.54,0
ORD-28463,02/06/2025 14:16,02188,02133,Routine,Lowell General,D026,2025-02-06 14:49:00,2025-02-06 15:04:00,2025-02-06 15:36:00,2025-02-06 17:32:00,Y,,26,34.02,0
ORD-28464,01-02-25 12:23 PM,02142,02119,Rush,Tufts Med Center,D009,2025-01-02 12:30:00,2025-01-02 13:01:00,2025-01-02 14:08:00,2025-01-02 13:50:00,N,,5,4.73,0
ORD-28465,2025/03/12 15:41,02113,02043,Rush,Cape Cod Hospital,D020,2025-03-12 15:59:00,2025-03-12 16:37:00,2025-03-12 17:50:00,2025-03-12 17:04:00,Y,GPS routing error sent driver to wrong building,42,27.44,0
ORD-28466,2025-01-12 16:17:00,02066,02141,ROUTINE,NE Labs,D032,2025-01-12 16:32:00,2025-01-12 17:11:00,2025-01-12 17:44:00,2025-01-12 19:35:00,Y,"client called to confirm - specimen critical, needs STAT upgrade",7,36.57,0
ORD-28467,,01880,02145,ROUTINE,Brigham and Womens,D021,2025-02-28 08:46:00,2025-02-28 09:09:00,2025-02-28 09:52:00,2025-02-28 11:35:00,Y,called client re specimen integrity - awaiting callback,9,23.75,0
ORD-28468,01/07/2025 13:31,02180,02180,SAME-DAY,Tufts Medical,D038,2025-01-07 14:03:00,2025-01-07 14:52:00,2025-01-07 16:45:00,2025-01-07 16:37:00,Y,"wrong address on manifest, corrected enroute",11,21.41,0
ORD-28469,01-14-25 03:47 PM,02108,02156,SAME-DAY,Lowell General,UNASSIGNED,2025-01-14 16:32:00,2025-01-14 17:18:00,2025-01-14 19:11:00,2025-01-14 18:55:00,Y,"driver called in sick mid-route, reassigning trips",34,6.01,0
ORD-28470,2025-01-20 09:44:00,02111,02171,ROUTINE,Children's Hospital,D016,2025-01-20 09:55:00,2025-01-20 10:22:00,2025-01-20 11:24:00,2025-01-20 14:48:00,Y,"driver vehicle breakdown, transfer to DD036 in progress",45,36.42,0
ORD-28471,2025-03-06 16:13:00,02067,02186,STAT,Boston Med Ctr,D028,2025-03-06 16:27:00,2025-03-06 17:01:00,2025-03-06 18:33:00,2025-03-06 17:03:00,Y,"driver vehicle breakdown, transfer to DD031 in progress",19,22.04,0
ORD-28472,01/09/2025 13:16,02124,02148,Routine,Quest Diagnostics,D001,2025-01-09 13:59:00,2025-01-09 14:49:00,2025-01-09 16:27:00,2025-01-09 18:25:00,Y,"pickup not ready, driver waiting 15+ min",37,24.88,0
ORD-28473,2025-02-01 22:04:00,02141,02062,stat,Cape Cod Hospital,UNASSIGNED,2025-02-01 22:24:00,,2025-02-01 23:35:00,2025-02-01 22:40:00,Y,"elevator down at 15 Elm St, driver using stairs",39,18.45,0
ORD-28474,02/15/2025 15:18,01880,02138,STAT,Quest Diagnostics,D019,2025-02-15 15:27:00,,2025-02-15 16:56:00,2025-02-15 16:10:00,Y,redelivery needed: building locked,23,20.81,0
ORD-28475,2025-01-08 05:14:00,01810,02136,same-day,Childrens Hospital,D009,2025-01-08 05:24:00,2025-01-08 06:21:00,2025-01-08 06:52:00,2025-01-08 09:05:00,Y,"driver stuck in traffic on 93, running ~20 min late",28,29.86,0
ORD-28476,01-05-25 02:34 PM,02105,02021,SAME-DAY,Boston Med Ctr,D038,2025-01-05 14:43:00,,2025-01-05 16:59:00,2025-01-05 17:38:00,N,,14,36.36,0
ORD-28477,2025-02-01 02:48:00,02144,02184,SAME-DAY,Boston Med Ctr,D039,2025-02-01 03:18:00,2025-02-01 03:53:00,2025-02-01 05:47:00,2025-02-01 06:07:00,Y,,38,30.85,0
ORD-28478,01-09-25 06:20 AM,01832,02195,RUSH,BioReference Labs,D018,2025-01-09 06:59:00,2025-01-09 07:54:00,2025-01-09 08:17:00,2025-01-09 07:24:00,Y,"client changed pickup time, driver redirected",42,8.2,0
ORD-28479,2025/02/27 05:38,02056,02121,Rush,Tufts Medical,D027,2025-02-27 06:11:00,2025-02-27 07:03:00,2025-02-27 07:25:00,2025-02-27 07:32:00,Y,pickup completed but paperwork missing from package,35,5.41,0
ORD-28480,2025-01-10 15:16:00,02191,02145,SAME-DAY,Childrens Hospital,D015,2025-01-10 15:27:00,2025-01-10 15:57:00,2025-01-10 17:37:00,2025-01-10 18:46:00,Y,driver cannot locate parking at hospital,40,12.14,0
ORD-28481,2025/01/06 09:15,02191,02121,same-day,Emerson Hospital,D037,2025-01-06 09:25:00,2025-01-06 09:56:00,2025-01-06 11:36:00,2025-01-06 12:48:00,Y,"driver called in sick mid-route, reassigning trips",404,30.9,0
ORD-28482,01-12-25 07:31 PM,01880,02141,STAT,Children's Hospital,D002,2025-01-12 19:38:00,2025-01-12 20:15:00,2025-01-12 20:34:00,2025-01-12 20:23:00,N,called client re specimen integrity - awaiting callback,37,31.06,1
ORD-28483,2025-03-21 08:09:00,02124,02180,RUSH,Children's Hospital,D008,2025-03-21 08:31:00,2025-03-21 08:42:00,2025-03-21 09:42:00,2025-03-21 09:44:00,Y,called client re specimen integrity - awaiting callback,8,31.79,0
ORD-28484,2025-02-09 15:12:00,01845,02126,RUSH,Quest Diagnostics,D025,2025-02-09 15:21:00,2025-02-09 16:09:00,2025-02-09 17:31:00,2025-02-09 16:16:00,Y,"elevator down at 15 Elm St, driver using stairs",15,7.2,0
ORD-28485,03/26/2025 16:39,02177,02131,ROUTINE,Brigham and Womens,UNASSIGNED,2025-03-26 17:06:00,2025-03-26 18:06:00,2025-03-26 18:25:00,2025-03-26 21:48:00,Y,"client called to confirm - specimen critical, needs STAT upgrade",27,12.11,0
ORD-28486,03-02-25 09:47 AM,02198,02035,SAME-DAY,Emerson Hospital,D036,2025-03-02 10:27:00,2025-03-02 11:00:00,2025-03-02 11:54:00,2025-03-02 13:25:00,Y,driver cannot locate parking at hospital,5,17.41,0
ORD-28487,03/17/2025 09:05,02035,02103,SAME-DAY,Tufts Med Center,D017,2025-03-17 09:28:00,2025-03-17 09:47:00,2025-03-17 10:48:00,2025-03-17 11:52:00,Y,,44,31.61,0
ORD-28488,2025/01/23 11:55,02045,02113,SAME-DAY,Labcorp Inc,D010,2025-01-23 12:20:00,2025-01-23 13:03:00,2025-01-23 13:58:00,2025-01-23 14:25:00,Y,traffic accident on route 1 delay,338,7.83,0
ORD-28489,03/23/2025 18:06,02141,02045,ROUTINE,Tufts Medical,D014,2025-03-23 18:35:00,2025-03-23 19:30:00,,2025-03-23 21:52:00,Y,recipient not available at delivery location,18,16.91,0
ORD-28490,03/23/2025 07:59,02180,02118,STAT,Tufts Med Center,D037,2025-03-23 08:37:00,2025-03-23 09:29:00,2025-03-23 10:11:00,2025-03-23 08:47:00,Y,,19,24.64,0
ORD-28491,2025-01-10 07:51:00,01850,02035,ROUTINE,BioReference Labs,D028,2025-01-10 07:55:00,2025-01-10 08:06:00,2025-01-10 08:41:00,2025-01-10 13:01:00,N,delayed at security checkpoint - id verification required,31,26.74,0
ORD-28492,01/17/2025 12:17,02156,02145,SAME-DAY,Emerson Hospital,D034,2025-01-17 12:46:00,2025-01-17 13:30:00,2025-01-17 14:07:00,2025-01-17 15:21:00,Y,"driver stuck in traffic on 93, running ~20 min late",28,22.08,0
ORD-28493,2025-02-28 11:52:00,02118,02105,rush,BioReference Labs,D004,2025-02-28 12:06:00,2025-02-28 12:34:00,2025-02-28 13:24:00,2025-02-28 13:51:00,Y,called client re specimen integrity - awaiting callback,41,37.5,0
ORD-28494,,02150,02019,stat,Tufts Medical,UNASSIGNED,2025-02-19 08:29:00,2025-02-19 08:41:00,2025-02-19 10:09:00,2025-02-19 08:55:00,Y,,14,25.96,0
ORD-28495,03/13/2025 12:02,02111,02163,ROUTINE,BioReference Labs,D014,2025-03-13 12:30:00,2025-03-13 13:21:00,2025-03-13 14:00:00,2025-03-13 16:27:00,Y,redelivery needed: building locked,27,17.07,0
ORD-28496,03/29/2025 11:06,02169,02135,routine,BioReference Labs,D022,2025-03-29 11:26:00,2025-03-29 11:51:00,2025-03-29 12:47:00,2025-03-29 14:54:00,Y,"driver vehicle breakdown, transfer to DD027 in progress",17,16.04,0
ORD-28497,02/27/2025 04:42,02196,02188,RUSH,Providence Health,D006,2025-02-27 05:03:00,2025-02-27 05:55:00,2025-02-27 06:49:00,2025-02-27 06:24:00,Y,delayed at security checkpoint - id verification required,8,24.82,0
ORD-28498,2025-02-15 11:03:00,02101,02116,STAT,Northeast Labs,D011,2025-02-15 11:48:00,2025-02-15 12:38:00,2025-02-15 13:20:00,2025-02-15 11:51:00,Y,redelivery needed: building locked,27,33.11,0
ORD-28499,2025-01-24 07:48:00,02176,02153,STAT,Lowell General,D014,2025-01-24 08:18:00,2025-01-24 09:15:00,2025-01-24 09:32:00,2025-01-24 08:27:00,Y,"elevator down at 15 Elm St, driver using stairs",30,6.72,0
ORD-28500,2025-01-15 11:20:00,02056,02184,Rush,Boston Med Ctr,D014,2025-01-15 11:50:00,2025-01-15 12:44:00,2025-01-15 14:15:00,2025-01-15 13:18:00,Y,"driver called in sick mid-route, reassigning trips",35,36.39,0
ORD-28501,2025-03-25 15:14:00,02133,02054,SAME-DAY,Northeast Laboratory,D018,2025-03-25 15:44:00,2025-03-25 16:10:00,2025-03-25 17:21:00,2025-03-25 17:14:00,Y,"driver called in sick mid-route, reassigning trips",34,15.82,0
ORD-28502,2025/01/05 06:43,02025,02128,routine,Quest Diagnostics,D015,2025-01-05 06:51:00,2025-01-05 07:31:00,2025-01-05 09:24:00,2025-01-05 11:47:00,Y,"client called to confirm - specimen critical, needs STAT upgrade",32,7.74,0
ORD-28503,03/07/2025 09:47,02156,02121,Rush,Boston Medical Center,D004,2025-03-07 09:57:00,2025-03-07 10:54:00,2025-03-07 11:51:00,2025-03-07 11:42:00,N,traffic accident on route 1 delay,15,7.31,0
ORD-28504,2025/03/09 17:40,02113,02188,ROUTINE,BioReference Labs,D010,2025-03-09 17:45:00,2025-03-09 18:13:00,2025-03-09 19:15:00,2025-03-09 21:02:00,N,GPS routing error sent driver to wrong building,30,10.29,1
ORD-28505,01/31/2025 15:02,02119,02197,STAT,Providence Health,D029,2025-01-31 15:21:00,2025-01-31 16:06:00,2025-01-31 16:34:00,2025-01-31 15:54:00,Y,driver reports ice on roads in reading area,10,36.47,0
ORD-28506,01/15/2025 15:48,02047,02195,STAT,BioReference Labs,D009,2025-01-15 16:20:00,2025-01-15 17:14:00,2025-01-15 18:22:00,2025-01-15 16:37:00,Y,specimen labeled incorrectly by client,28,8.0,0
ORD-28507,2025-03-31 16:25:00,02156,02129,RUSH,MGH,D015,2025-03-31 16:57:00,2025-03-31 17:28:00,2025-03-31 18:19:00,2025-03-31 18:09:00,Y,driver reports ice on roads in reading area,16,35.99,0
ORD-28508,03/01/2025 12:12,02144,02045,routine,BioReference Labs,UNASSIGNED,2025-03-01 12:19:00,2025-03-01 12:44:00,2025-03-01 13:15:00,2025-03-01 15:38:00,Y,pickup completed but paperwork missing from package,11,13.56,0
ORD-28509,01/22/2025 16:28,02143,02021,rush,Lowell General,D002,2025-01-22 16:48:00,2025-01-22 17:04:00,2025-01-22 18:45:00,2025-01-22 18:26:00,Y,"driver ran out of dry ice, needs resupply",31,17.73,0
ORD-28510,2025-01-26 07:23:00,02191,02105,Rush,Boston Med Ctr,D030,2025-01-26 07:54:00,2025-01-26 08:52:00,2025-01-26 09:48:00,2025-01-26 08:55:00,Y,,5,6.77,0
ORD-28511,01-02-25 09:50 PM,02128,02190,ROUTINE,Tufts Med Center,D030,2025-01-02 22:19:00,,2025-01-03 00:14:00,2025-01-03 02:36:00,Y,redelivery needed: building locked,33,32.06,0
ORD-28512,2025/03/15 15:31,02142,02128,Rush,South Shore Hospital,UNASSIGNED,2025-03-15 16:05:00,2025-03-15 16:48:00,2025-03-15 18:17:00,2025-03-15 17:07:00,Y,"driver called in sick mid-route, reassigning trips",39,25.57,0
ORD-28513,01-04-25 11:57 AM,02119,02134,Same-Day,South Shore Hospital,D005,2025-01-04 12:00:00,2025-01-04 12:58:00,2025-01-04 13:26:00,2025-01-04 14:32:00,N,pickup completed but paperwork missing from package,17,15.7,0
ORD-28514,2025-02-19 08:25:00,02190,02136,SAME-DAY,Children's Hospital,D013,2025-02-19 08:39:00,2025-02-19 09:30:00,2025-02-19 10:03:00,2025-02-19 11:11:00,Y,redelivery needed: building locked,34,33.46,0
ORD-28515,2025-03-27 08:55:00,02186,02102,Routine,LabCorp,D017,2025-03-27 09:28:00,,2025-03-27 10:40:00,2025-03-27 14:20:00,Y,specimen labeled incorrectly by client,24,11.9,0
ORD-28516,2025/02/28 17:06,02189,02126,routine,Quest Diagnostics,D033,2025-02-28 17:51:00,2025-02-28 18:04:00,2025-02-28 19:24:00,2025-02-28 22:04:00,Y,"driver vehicle breakdown, transfer to DD018 in progress",43,23.0,0
ORD-28517,02-08-25 04:50 PM,02128,02170,ROUTINE,Children's Hospital,D015,2025-02-08 17:26:00,2025-02-08 17:57:00,2025-02-08 19:39:00,2025-02-08 20:17:00,N,package refused by receiving staff - no signature authority,5,7.38,0
ORD-28518,2025/03/16 14:40,02060,02163,STAT,Brigham & Women's,D032,2025-03-16 15:24:00,2025-03-16 15:48:00,2025-03-16 16:07:00,2025-03-16 15:32:00,N,,17,33.85,1
ORD-28519,2025-02-20 12:00:00,02104,02140,same-day,Boston Med Ctr,D015,2025-02-20 12:38:00,2025-02-20 13:08:00,2025-02-20 14:09:00,2025-02-20 15:15:00,Y,dispatcher note: double-check temp on this one before logging,391,8.97,0
ORD-28520,01/18/2025 16:19,02170,02059,ROUTINE,Mass General Hospital,UNASSIGNED,2025-01-18 16:46:00,2025-01-18 16:56:00,2025-01-18 17:23:00,2025-01-18 21:23:00,N,recipient not available at delivery location,42,13.03,0
ORD-28521,2025-02-19 08:06:00,01854,02118,ROUTINE,Brigham & Women's,D008,2025-02-19 08:23:00,2025-02-19 09:18:00,2025-02-19 10:58:00,2025-02-19 13:33:00,Y,"wrong address on manifest, corrected enroute",6,10.49,0
ORD-28522,2025/01/22 14:48,02026,02200,ROUTINE,Lowell General,D035,2025-01-22 15:11:00,2025-01-22 15:28:00,2025-01-22 16:47:00,2025-01-22 18:47:00,Y,"driver vehicle breakdown, transfer to DD009 in progress",11,30.68,0
ORD-28523,03/22/2025 05:54,02144,02071,STAT,Providence Health,D010,2025-03-22 06:02:00,2025-03-22 06:33:00,2025-03-22 06:48:00,2025-03-22 06:33:00,Y,,16,33.18,0
ORD-28524,03/27/2025 12:51,02139,02135,ROUTINE,Boston Medical Center,D040,2025-03-27 13:35:00,2025-03-27 14:29:00,2025-03-27 15:22:00,2025-03-27 18:17:00,Y,"client called to confirm - specimen critical, needs STAT upgrade",39,20.76,0
ORD-28525,2025-02-01 02:06:00,02139,02066,routine,Boston Medical Center,D018,2025-02-01 02:22:00,2025-02-01 02:39:00,2025-02-01 04:27:00,2025-02-01 05:19:00,N,lab closed early today per client,12,4.54,0
ORD-28526,2025/02/09 14:57,02120,02120,routine,Children's Hospital,D023,2025-02-09 15:24:00,2025-02-09 16:15:00,2025-02-09 16:48:00,2025-02-09 20:34:00,Y,"wrong zip code on order, corrected",16,10.88,0
ORD-28527,02-18-25 07:44 AM,02025,02030,rush,LabCorp,D009,2025-02-18 07:50:00,2025-02-18 08:40:00,2025-02-18 10:30:00,2025-02-18 09:28:00,Y,"client called to confirm - specimen critical, needs STAT upgrade",11,18.76,0
ORD-28528,2025-01-11 18:09:00,02177,02030,RUSH,MGH,D007,2025-01-11 18:26:00,2025-01-11 18:58:00,2025-01-11 19:15:00,2025-01-11 19:29:00,Y,specimen labeled incorrectly by client,15,25.61,0
ORD-28529,03-01-25 04:29 PM,01810,02169,ROUTINE,BioReference Labs,D036,2025-03-01 16:59:00,2025-03-01 17:16:00,2025-03-01 19:16:00,2025-03-01 19:44:00,Y,,13,9.22,0
ORD-28530,04/01/2025 09:02,01867,02170,Routine,Children's Hospital,D034,2025-04-01 09:47:00,2025-04-01 10:17:00,2025-04-01 11:04:00,2025-04-01 13:52:00,Y,package refused by receiving staff - no signature authority,15,22.61,0
ORD-28531,,01803,02142,RUSH,Emerson Hospital,D035,2025-03-09 07:02:00,2025-03-09 07:40:00,2025-03-09 09:25:00,2025-03-09 08:18:00,Y,"pickup not ready, driver waiting 15+ min",32,30.49,0
ORD-28532,03/29/2025 06:30,01862,02125,Rush,Tufts Med Center,D016,2025-03-29 06:47:00,2025-03-29 07:19:00,2025-03-29 08:08:00,2025-03-29 08:22:00,Y,"client called to confirm - specimen critical, needs STAT upgrade",45,24.65,0
ORD-28533,03/07/2025 11:12,01840,02059,STAT,Northeast Laboratory,D010,2025-03-07 11:17:00,2025-03-07 11:50:00,2025-03-07 13:27:00,2025-03-07 11:58:00,N,traffic accident on route 1 delay,21,15.91,0
ORD-28534,2025/02/26 09:39,01850,02019,routine,Cape Cod Hospital,D016,2025-02-26 10:20:00,2025-02-26 10:52:00,2025-02-26 12:45:00,2025-02-26 13:54:00,Y,"driver called in sick mid-route, reassigning trips",45,33.54,0
ORD-28535,04-01-25 12:56 PM,02155,02052,STAT,LabCorp,D024,2025-04-01 13:16:00,2025-04-01 13:31:00,2025-04-01 15:03:00,2025-04-01 13:28:00,Y,,33,23.61,0
ORD-28536,02/07/2025 19:37,02047,02119,stat,Tufts Med Center,D040,2025-02-07 20:20:00,2025-02-07 20:51:00,2025-02-07 22:19:00,2025-02-07 20:34:00,Y,driver reports ice on roads in reading area,43,18.25,0
ORD-28537,2025-01-30 00:17:00,02059,02043,RUSH,Providence Health,D020,2025-01-30 00:48:00,2025-01-30 01:39:00,2025-01-30 03:02:00,2025-01-30 01:21:00,Y,traffic accident on route 1 delay,39,10.14,0
ORD-28538,2025/03/28 18:00,02061,02060,routine,Brigham & Women's,D011,2025-03-28 18:09:00,2025-03-28 18:51:00,2025-03-28 19:21:00,2025-03-28 22:37:00,N,recipient not available at delivery location,10,34.41,0
ORD-28539,2025-02-18 10:57:00,02190,02132,STAT,Lowell General,D013,2025-02-18 11:12:00,2025-02-18 11:59:00,,2025-02-18 11:38:00,Y,lab closed early today per client,5,34.5,0
ORD-28540,02/17/2025 16:48,02103,02200,RUSH,NE Labs,D025,2025-02-17 17:19:00,2025-02-17 17:50:00,2025-02-17 18:31:00,2025-02-17 18:32:00,Y,pickup completed but paperwork missing from package,44,9.48,0
ORD-28541,03-03-25 05:16 PM,02140,02169,STAT,Children's Hospital,D024,2025-03-03 17:45:00,2025-03-03 18:20:00,2025-03-03 20:02:00,2025-03-03 17:58:00,Y,redelivery needed: building locked,18,16.48,0
ORD-28542,03/08/2025 10:28,01841,02177,ROUTINE,Children's Hospital,D025,2025-03-08 11:09:00,2025-03-08 11:58:00,2025-03-08 12:41:00,2025-03-08 15:57:00,Y,,14,13.99,0
ORD-28543,2025-02-25 13:11:00,02056,02111,RUSH,Brigham & Women's,D014,2025-02-25 13:45:00,2025-02-25 14:44:00,2025-02-25 16:15:00,2025-02-25 14:29:00,N,pickup completed but paperwork missing from package,18,12.78,0
ORD-28544,2025/01/09 06:30,02199,02177,ROUTINE,Lowell General,D014,2025-01-09 06:51:00,,2025-01-09 09:12:00,2025-01-09 11:50:00,Y,dispatcher note: double-check temp on this one before logging,11,29.28,0
ORD-28545,03/27/2025 13:58,02150,02197,ROUTINE,Emerson Hospital,D026,2025-03-27 14:07:00,2025-03-27 14:36:00,2025-03-27 15:56:00,2025-03-27 19:04:00,Y,specimen container damaged on pickup,28,34.71,0
ORD-28546,,02188,02156,SAME-DAY,Brigham and Womens,D019,2025-02-10 11:04:00,2025-02-10 12:03:00,2025-02-10 13:26:00,2025-02-10 13:56:00,N,"client called to confirm - specimen critical, needs STAT upgrade",45,19.8,0
ORD-28547,2025-02-14 21:26:00,02132,02108,RUSH,Lowell General,D003,2025-02-14 22:00:00,2025-02-14 22:41:00,2025-02-14 23:16:00,2025-02-14 23:25:00,Y,traffic accident on route 1 delay,31,19.45,0
ORD-28548,01-11-25 07:29 PM,02104,02152,ROUTINE,Cape Cod Hospital,D031,2025-01-11 20:12:00,2025-01-11 20:48:00,2025-01-11 21:18:00,2025-01-11 23:09:00,Y,"elevator down at 15 Elm St, driver using stairs",13,13.06,0
ORD-28549,2025/03/17 14:52,02151,02185,STAT,South Shore Hospital,D006,2025-03-17 15:24:00,2025-03-17 15:51:00,2025-03-17 17:01:00,2025-03-17 15:35:00,N,,38,5.36,0
ORD-28550,2025-02-14 18:30:00,01845,02199,Stat,Tufts Med Center,D002,2025-02-14 19:04:00,2025-02-14 19:28:00,2025-02-14 19:44:00,2025-02-14 19:11:00,Y,GPS routing error sent driver to wrong building,218,32.13,0
ORD-28551,03/25/2025 21:42,02169,02149,STAT,BioReference Labs,D025,2025-03-25 21:48:00,2025-03-25 22:34:00,2025-03-25 23:39:00,2025-03-25 22:31:00,Y,"client called to confirm - specimen critical, needs STAT upgrade",28,23.66,0
ORD-28552,,02124,02021,Rush,LabCorp,D014,2025-01-10 03:50:00,2025-01-10 04:41:00,2025-01-10 06:24:00,2025-01-10 04:15:00,Y,dispatcher note: double-check temp on this one before logging,22,17.52,0
ORD-28553,2025/02/21 10:41,01852,02129,routine,Labcorp Inc,D019,2025-02-21 11:17:00,2025-02-21 11:39:00,2025-02-21 12:38:00,2025-02-21 16:22:00,Y,,5,21.75,0
ORD-28554,,02187,02045,ROUTINE,MGH,D038,2025-01-04 12:34:00,2025-01-04 13:29:00,2025-01-04 15:14:00,2025-01-04 16:02:00,Y,,8,30.07,0
ORD-28555,2025/02/02 11:04,02122,02025,ROUTINE,Boston Med Ctr,D015,2025-02-02 11:28:00,2025-02-02 11:56:00,2025-02-02 13:36:00,2025-02-02 16:59:00,Y,,39,33.94,0
ORD-28556,03-22-25 02:55 AM,02195,02129,ROUTINE,Boston Medical Center,D039,2025-03-22 03:18:00,,2025-03-22 04:24:00,2025-03-22 07:25:00,Y,driver reports ice on roads in reading area,45,32.3,0
ORD-28557,2025-02-18 15:25:00,02107,02131,STAT,Boston Medical Center,D006,2025-02-18 15:54:00,2025-02-18 16:32:00,2025-02-18 17:12:00,2025-02-18 16:23:00,N,driver reports ice on roads in reading area,20,35.52,0
ORD-28558,2025-03-14 16:25:00,02038,02169,ROUTINE,Emerson Hospital,D003,2025-03-14 17:08:00,,2025-03-14 18:30:00,2025-03-14 22:25:00,Y,traffic accident on route 1 delay,12,18.85,0
ORD-28559,03/21/2025 07:46,02001,02118,SAME-DAY,MGH,D016,2025-03-21 08:12:00,2025-03-21 08:27:00,2025-03-21 09:39:00,2025-03-21 11:39:00,Y,"client changed pickup time, driver redirected",24,31.97,0
ORD-28560,,02118,02127,ROUTINE,Childrens Hospital,D033,2025-01-30 13:58:00,2025-01-30 14:17:00,2025-01-30 14:36:00,2025-01-30 17:46:00,Y,"pickup not ready, driver waiting 15+ min",19,27.13,0
ORD-28561,2025-01-08 11:40:00,01841,02189,STAT,Lowell General,D003,2025-01-08 12:18:00,2025-01-08 12:55:00,2025-01-08 14:23:00,2025-01-08 12:30:00,Y,,42,13.8,0
ORD-28562,03/26/2025 19:58,02145,02050,STAT,LabCorp,D028,2025-03-26 20:14:00,,2025-03-26 21:34:00,2025-03-26 20:30:00,N,"elevator down at 15 Elm St, driver using stairs",10,27.45,1
ORD-28563,2025/01/25 07:14,02116,02124,Rush,Quest Diagnostics,D003,2025-01-25 07:51:00,2025-01-25 08:27:00,,2025-01-25 08:35:00,N,pickup completed but paperwork missing from package,22,5.97,1
ORD-28564,03-21-25 09:33 AM,02048,02120,RUSH,BioReference Labs,D007,2025-03-21 10:16:00,2025-03-21 11:08:00,2025-03-21 11:32:00,2025-03-21 11:20:00,Y,"driver vehicle breakdown, transfer to DD005 in progress",9,30.95,0
ORD-28565,03/24/2025 10:35,02109,02133,stat,Cape Cod Hospital,D017,2025-03-24 11:02:00,2025-03-24 11:42:00,2025-03-24 12:45:00,2025-03-24 11:21:00,N,traffic accident on route 1 delay,8,29.28,1
ORD-28566,2025/01/03 08:32,02171,02191,RUSH,Children's Hospital,D018,2025-01-03 08:49:00,2025-01-03 09:41:00,2025-01-03 11:00:00,2025-01-03 10:26:00,N,"driver called in sick mid-route, reassigning trips",256,34.64,0
ORD-28567,02/15/2025 08:35,02136,02193,ROUTINE,Tufts Medical,D012,2025-02-15 08:44:00,2025-02-15 09:31:00,2025-02-15 09:52:00,2025-02-15 11:46:00,Y,lab closed early today per client,34,24.28,0
ORD-28568,2025-02-04 15:37:00,01801,02118,ROUTINE,Children's Hospital,D035,2025-02-04 15:41:00,2025-02-04 16:36:00,2025-02-04 18:29:00,2025-02-04 19:33:00,Y,specimen labeled incorrectly by client,42,16.58,0
ORD-28569,2025/02/19 10:48,02170,02102,Same-Day,South Shore Hospital,D031,2025-02-19 10:53:00,2025-02-19 11:35:00,2025-02-19 13:05:00,2025-02-19 14:24:00,Y,lab closed early today per client,38,24.09,0
ORD-28570,02-09-25 01:43 PM,02170,02071,ROUTINE,Northeast Labs,D024,2025-02-09 13:59:00,2025-02-09 14:23:00,2025-02-09 15:30:00,2025-02-09 19:24:00,N,"elevator down at 15 Elm St, driver using stairs",29,5.86,0
ORD-28571,2025/02/27 13:51,01841,02151,ROUTINE,South Shore Hospital,D023,2025-02-27 14:02:00,2025-02-27 14:22:00,2025-02-27 15:51:00,2025-02-27 17:58:00,Y,lab closed early today per client,349,13.17,0
ORD-28572,2025-03-16 07:41:00,02021,02114,Routine,Northeast Laboratory,D031,2025-03-16 08:08:00,2025-03-16 08:51:00,2025-03-16 10:44:00,2025-03-16 11:46:00,Y,"wrong address on manifest, corrected enroute",40,32.83,0
ORD-28573,02/20/2025 09:31,01854,02047,ROUTINE,BioReference Labs,D020,2025-02-20 10:16:00,,2025-02-20 12:19:00,2025-02-20 13:20:00,Y,GPS routing error sent driver to wrong building,16,18.67,0
ORD-28574,01/06/2025 07:49,02155,02062,ROUTINE,Tufts Medical,D027,2025-01-06 08:13:00,2025-01-06 08:44:00,2025-01-06 09:28:00,2025-01-06 12:29:00,Y,traffic accident on route 1 delay,32,5.44,0
ORD-28575,2025-01-20 17:07:00,02149,02125,RUSH,BioReference Labs,D023,2025-01-20 17:27:00,2025-01-20 18:16:00,2025-01-20 19:32:00,2025-01-20 19:03:00,Y,driver cannot locate parking at hospital,11,16.16,0
ORD-28576,03/19/2025 12:32,01879,02189,Routine,Boston Med Ctr,D035,2025-03-19 13:12:00,2025-03-19 13:25:00,2025-03-19 15:00:00,2025-03-19 17:36:00,N,called client re specimen integrity - awaiting callback,42,37.15,1
ORD-28577,03/31/2025 13:01,02148,02135,STAT,Tufts Medical,D012,2025-03-31 13:12:00,2025-03-31 13:34:00,2025-03-31 14:23:00,2025-03-31 14:00:00,Y,"driver ran out of dry ice, needs resupply",11,8.99,0
ORD-28578,2025-03-16 10:47:00,02153,02185,Same-Day,Tufts Med Center,D008,2025-03-16 11:07:00,2025-03-16 11:45:00,2025-03-16 13:25:00,2025-03-16 13:36:00,Y,"elevator down at 15 Elm St, driver using stairs",25,11.15,0
ORD-28579,01/08/2025 12:25,02152,02187,ROUTINE,Labcorp Inc,D008,2025-01-08 12:33:00,2025-01-08 13:30:00,2025-01-08 14:51:00,2025-01-08 17:47:00,Y,"elevator down at 15 Elm St, driver using stairs",22,36.02,0
ORD-28580,03/30/2025 08:53,02138,02059,routine,Lowell General,D015,2025-03-30 09:17:00,2025-03-30 10:02:00,2025-03-30 11:41:00,2025-03-30 14:18:00,Y,"wrong zip code on order, corrected",45,26.13,0
ORD-28581,01-09-25 05:59 PM,02171,02145,Routine,BioReference Labs,D001,2025-01-09 18:21:00,2025-01-09 19:19:00,2025-01-09 20:52:00,2025-01-09 23:36:00,N,"client changed pickup time, driver redirected",29,26.94,0
ORD-28582,2025-02-11 08:33:00,02126,02194,STAT,Quest Diag,D014,2025-02-11 09:13:00,2025-02-11 09:31:00,2025-02-11 11:31:00,2025-02-11 09:30:00,Y,traffic accident on route 1 delay,17,10.8,0
ORD-28583,01/24/2025 20:42,01840,02194,STAT,Emerson Hospital,D019,2025-01-24 21:20:00,2025-01-24 21:33:00,2025-01-24 23:01:00,2025-01-24 21:28:00,Y,,34,24.94,0
ORD-28584,01/15/2025 12:08,02113,02048,ROUTINE,MGH,D034,2025-01-15 12:21:00,,2025-01-15 14:25:00,2025-01-15 16:28:00,N,,37,5.69,0
ORD-28585,2025-02-19 07:18:00,02155,02155,STAT,NE Labs,D009,2025-02-19 07:30:00,2025-02-19 08:05:00,2025-02-19 09:05:00,2025-02-19 08:02:00,Y,package refused by receiving staff - no signature authority,44,28.73,0
ORD-28586,2025-01-06 10:59:00,02067,02176,SAME-DAY,Emerson Hospital,D032,2025-01-06 11:05:00,2025-01-06 11:43:00,2025-01-06 12:22:00,2025-01-06 13:07:00,Y,delayed at security checkpoint - id verification required,28,33.96,0
ORD-28587,03/04/2025 15:22,02118,02195,Same-Day,Boston Med Ctr,D029,2025-03-04 16:00:00,2025-03-04 16:54:00,2025-03-04 17:41:00,2025-03-04 17:35:00,Y,dispatcher note: double-check temp on this one before logging,9,27.57,0
ORD-28588,03-14-25 09:59 AM,02103,02032,STAT,NE Labs,D031,2025-03-14 10:36:00,2025-03-14 11:18:00,2025-03-14 11:43:00,2025-03-14 10:58:00,Y,dispatcher note: double-check temp on this one before logging,10,24.25,0
ORD-28589,2025-01-17 12:57:00,02035,02026,stat,Tufts Med Center,D033,2025-01-17 13:41:00,2025-01-17 13:55:00,2025-01-17 15:09:00,2025-01-17 13:38:00,Y,,16,4.82,0
ORD-28590,2025/01/08 16:16,02148,02109,Routine,Quest Diagnostics,D022,2025-01-08 16:46:00,2025-01-08 17:17:00,,2025-01-08 19:30:00,Y,driver reports ice on roads in reading area,5,35.77,0
ORD-28591,2025-01-10 19:19:00,02025,02021,STAT,Boston Med Ctr,D030,2025-01-10 20:02:00,2025-01-10 20:23:00,2025-01-10 21:15:00,2025-01-10 20:05:00,N,"wrong zip code on order, corrected",32,12.44,0
ORD-28592,2025/02/06 11:05,02102,02052,STAT,LabCorp,D011,2025-02-06 11:47:00,2025-02-06 12:22:00,2025-02-06 12:53:00,2025-02-06 11:42:00,Y,specimen temp excursion possible - driver reports cooler malfunction,11,12.28,0
ORD-28593,01-20-25 05:16 PM,02180,02191,Rush,Northeast Labs,D038,2025-01-20 17:51:00,2025-01-20 18:09:00,2025-01-20 19:14:00,2025-01-20 18:51:00,N,recipient not available at delivery location,42,21.94,0
ORD-28594,02-17-25 12:12 PM,02197,02192,stat,Children's Hospital,D019,2025-02-17 12:43:00,2025-02-17 13:26:00,2025-02-17 14:48:00,2025-02-17 12:46:00,Y,"driver called in sick mid-route, reassigning trips",44,24.86,0
ORD-28595,03/06/2025 12:46,02127,02118,Routine,Boston Med Ctr,D009,2025-03-06 13:24:00,2025-03-06 13:44:00,2025-03-06 15:05:00,2025-03-06 16:32:00,Y,,34,7.6,0
ORD-28596,01/28/2025 17:30,02197,02145,RUSH,Quest Diagnostics,UNASSIGNED,2025-01-28 17:54:00,2025-01-28 18:23:00,2025-01-28 20:06:00,2025-01-28 18:41:00,Y,recipient not available at delivery location,17,32.44,0
ORD-28597,01-07-25 04:02 PM,01879,02060,ROUTINE,Providence Health,D008,2025-01-07 16:22:00,,2025-01-07 18:19:00,2025-01-07 19:27:00,Y,"driver ran out of dry ice, needs resupply",34,18.59,0
ORD-28598,2025-02-16 15:44:00,01803,02101,RUSH,Quest Diag,D020,2025-02-16 16:08:00,2025-02-16 16:56:00,2025-02-16 18:14:00,2025-02-16 17:07:00,Y,traffic accident on route 1 delay,34,34.74,0
ORD-28599,03/31/2025 12:22,01867,02136,RUSH,Providence Health,D008,2025-03-31 12:35:00,2025-03-31 13:09:00,2025-03-31 13:44:00,2025-03-31 13:26:00,Y,,45,18.45,0
ORD-28600,01/22/2025 19:02,01852,02121,same-day,South Shore Hospital,D024,2025-01-22 19:20:00,2025-01-22 20:17:00,2025-01-22 21:11:00,2025-01-22 22:04:00,Y,specimen container damaged on pickup,41,21.5,0
ORD-28601,03-20-25 11:27 AM,01826,02110,stat,Tufts Medical,D037,2025-03-20 11:55:00,2025-03-20 12:40:00,2025-03-20 13:58:00,2025-03-20 12:04:00,Y,redelivery needed: building locked,43,17.82,0
ORD-28602,2025-01-02 09:58:00,02131,02043,Stat,BioReference Labs,D019,2025-01-02 10:43:00,2025-01-02 11:42:00,2025-01-02 12:35:00,2025-01-02 10:28:00,Y,,25,15.67,0
ORD-28603,02-05-25 01:26 PM,02038,02149,Rush,Brigham & Women's,D001,2025-02-05 13:53:00,2025-02-05 14:04:00,,2025-02-05 15:15:00,Y,"client changed pickup time, driver redirected",11,25.27,0
ORD-28604,2025-02-17 08:09:00,01852,02187,ROUTINE,Cape Cod Hospital,D036,2025-02-17 08:51:00,2025-02-17 09:34:00,2025-02-17 11:00:00,2025-02-17 12:42:00,Y,"wrong address on manifest, corrected enroute",12,33.26,0
ORD-28605,02/12/2025 19:47,02053,02131,Routine,South Shore Hospital,D034,2025-02-12 19:58:00,2025-02-12 20:42:00,2025-02-12 22:03:00,2025-02-13 00:45:00,Y,specimen temp excursion possible - driver reports cooler malfunction,42,32.92,0
ORD-28606,03-13-25 12:35 PM,02163,02198,ROUTINE,South Shore Hospital,D032,2025-03-13 13:00:00,2025-03-13 13:16:00,2025-03-13 14:33:00,2025-03-13 17:54:00,Y,"driver vehicle breakdown, transfer to DD041 in progress",17,19.21,0
ORD-28607,2025-03-31 19:53:00,02125,02171,routine,Boston Medical Center,D036,2025-03-31 20:12:00,2025-03-31 21:09:00,2025-03-31 21:36:00,2025-03-31 23:02:00,Y,"client called to confirm - specimen critical, needs STAT upgrade",18,10.0,0
ORD-28608,,02139,02177,ROUTINE,St. Elizabeth's Medical,D016,2025-02-23 09:40:00,2025-02-23 09:55:00,2025-02-23 11:49:00,2025-02-23 12:32:00,Y,"driver stuck in traffic on 93, running ~20 min late",16,28.0,0
ORD-28609,2025-04-01 19:38:00,02150,02067,ROUTINE,Northeast Labs,D020,2025-04-01 20:19:00,2025-04-01 21:16:00,2025-04-01 22:54:00,2025-04-02 01:01:00,N,"wrong address on manifest, corrected enroute",27,34.32,1
ORD-28610,2025-02-26 09:50:00,02145,02184,rush,Providence Health,D012,2025-02-26 10:15:00,2025-02-26 10:58:00,2025-02-26 12:12:00,2025-02-26 11:16:00,Y,package refused by receiving staff - no signature authority,473,11.88,0
ORD-28611,02/12/2025 07:03,02136,02113,ROUTINE,Boston Medical Center,D016,2025-02-12 07:07:00,2025-02-12 07:30:00,2025-02-12 08:46:00,2025-02-12 12:26:00,Y,,9,10.08,0
ORD-28612,01-19-25 08:12 AM,02155,02052,Routine,Children's Hospital,D009,2025-01-19 08:21:00,,2025-01-19 08:57:00,2025-01-19 12:21:00,Y,,8,28.08,0
ORD-28613,01/06/2025 12:36,02132,02035,Routine,Boston Medical Center,D002,2025-01-06 13:11:00,2025-01-06 13:44:00,2025-01-06 15:41:00,2025-01-06 18:33:00,N,,478,14.64,1
ORD-28614,01/22/2025 14:21,01845,02116,same-day,Tufts Med Center,D022,2025-01-22 14:27:00,2025-01-22 14:48:00,2025-01-22 16:09:00,2025-01-22 16:45:00,Y,delayed at security checkpoint - id verification required,36,4.78,0
ORD-28615,2025-03-21 12:18:00,02035,02191,SAME-DAY,Boston Medical Center,D003,2025-03-21 12:38:00,2025-03-21 12:55:00,2025-03-21 13:57:00,2025-03-21 15:48:00,Y,,12,15.16,0
ORD-28616,02/23/2025 05:36,02032,02142,ROUTINE,Mass General Hospital,D039,2025-02-23 05:43:00,2025-02-23 06:03:00,2025-02-23 08:02:00,2025-02-23 10:22:00,Y,lab closed early today per client,35,25.19,0
ORD-28617,01/09/2025 09:48,02019,02061,ROUTINE,Quest Diagnostics,D001,2025-01-09 10:27:00,2025-01-09 11:07:00,2025-01-09 11:30:00,2025-01-09 14:35:00,Y,"wrong zip code on order, corrected",29,13.55,0
ORD-28618,2025-01-06 22:59:00,02071,02195,SAME-DAY,Tufts Med Center,D007,2025-01-06 23:36:00,2025-01-07 00:08:00,2025-01-07 01:10:00,2025-01-07 01:01:00,Y,driver reports ice on roads in reading area,28,37.9,0
ORD-28619,2025-02-26 18:58:00,01841,02056,Rush,Northeast Laboratory,D003,2025-02-26 19:16:00,2025-02-26 19:56:00,2025-02-26 20:13:00,2025-02-26 20:20:00,Y,redelivery needed: building locked,38,21.27,0
ORD-28620,2025-02-12 13:29:00,01803,02060,rush,Emerson Hospital,D025,2025-02-12 13:39:00,,2025-02-12 15:36:00,2025-02-12 14:49:00,Y,"elevator down at 15 Elm St, driver using stairs",34,6.54,0
ORD-28621,02/27/2025 09:33,02053,02144,Stat,Providence Health,D027,2025-02-27 10:14:00,2025-02-27 10:49:00,2025-02-27 11:25:00,2025-02-27 10:09:00,Y,called client re specimen integrity - awaiting callback,11,27.84,0
ORD-28622,2025-01-15 14:14:00,02197,02133,stat,South Shore Hospital,D020,2025-01-15 14:22:00,2025-01-15 14:53:00,2025-01-15 15:48:00,2025-01-15 15:11:00,Y,"driver vehicle breakdown, transfer to DD030 in progress",34,27.21,0
ORD-28623,2025-01-13 07:34:00,02184,02043,Rush,Labcorp Inc,UNASSIGNED,2025-01-13 07:42:00,,2025-01-13 08:39:00,2025-01-13 09:32:00,Y,"wrong zip code on order, corrected",36,6.76,0
ORD-28624,03-12-25 11:38 AM,02141,02056,ROUTINE,Providence Health,D016,2025-03-12 11:44:00,2025-03-12 11:57:00,2025-03-12 13:25:00,2025-03-12 16:38:00,N,"pickup not ready, driver waiting 15+ min",40,31.82,1
ORD-28625,2025/03/25 00:26,02136,02149,STAT,MGH,D025,2025-03-25 01:11:00,2025-03-25 01:21:00,2025-03-25 02:26:00,2025-03-25 00:56:00,Y,delayed at security checkpoint - id verification required,6,34.59,0
ORD-28626,02/17/2025 15:46,02118,02194,Routine,St. Elizabeth's Medical,D030,2025-02-17 16:29:00,,2025-02-17 18:21:00,2025-02-17 19:53:00,Y,delayed at security checkpoint - id verification required,6,13.49,0
ORD-28627,01-17-25 10:43 AM,01854,02191,rush,Boston Med Ctr,D032,2025-01-17 11:22:00,2025-01-17 12:00:00,,2025-01-17 12:37:00,N,,19,11.02,1
ORD-28628,03/29/2025 12:21,02187,02195,same-day,Quest Diagnostics,D017,2025-03-29 12:57:00,2025-03-29 13:54:00,,2025-03-29 14:47:00,N,dispatcher note: double-check temp on this one before logging,33,29.77,0
ORD-28629,2025/02/05 16:07,02195,02156,RUSH,Brigham and Womens,D007,2025-02-05 16:30:00,2025-02-05 17:25:00,,2025-02-05 17:23:00,Y,specimen labeled incorrectly by client,37,22.52,0
ORD-28630,01/09/2025 05:02,02170,02115,SAME-DAY,Boston Med Ctr,D012,2025-01-09 05:08:00,2025-01-09 06:00:00,2025-01-09 07:16:00,2025-01-09 08:29:00,Y,called client re specimen integrity - awaiting callback,36,19.99,0
ORD-28631,03-07-25 10:38 AM,02109,02121,RUSH,Northeast Labs,D039,2025-03-07 11:10:00,2025-03-07 11:47:00,2025-03-07 12:33:00,2025-03-07 12:06:00,Y,"wrong zip code on order, corrected",42,27.83,0
ORD-28632,03/27/2025 08:40,01860,02102,SAME-DAY,Emerson Hospital,D032,2025-03-27 09:15:00,2025-03-27 09:30:00,2025-03-27 10:10:00,2025-03-27 11:38:00,N,"client called to confirm - specimen critical, needs STAT upgrade",8,11.1,0
ORD-28633,2025/02/25 14:30,02067,02192,same-day,NE Labs,D033,2025-02-25 14:48:00,2025-02-25 15:27:00,2025-02-25 17:24:00,2025-02-25 17:23:00,N,"elevator down at 15 Elm St, driver using stairs",33,36.39,0
ORD-28634,2025-01-09 18:22:00,02128,02129,ROUTINE,Lowell General,D035,2025-01-09 18:35:00,2025-01-09 19:02:00,2025-01-09 20:10:00,2025-01-09 22:12:00,Y,"driver called in sick mid-route, reassigning trips",22,13.7,0
ORD-28635,01/25/2025 18:33,02187,02145,ROUTINE,NE Labs,D030,2025-01-25 19:04:00,2025-01-25 19:45:00,2025-01-25 20:13:00,2025-01-26 00:27:00,Y,"client changed pickup time, driver redirected",219,32.24,0
ORD-28636,03-07-25 05:27 AM,02021,02124,STAT,Childrens Hospital,D014,2025-03-07 06:05:00,2025-03-07 06:58:00,2025-03-07 08:46:00,2025-03-07 06:04:00,Y,recipient not available at delivery location,12,17.69,0
ORD-28637,2025-03-19 12:33:00,02138,02120,STAT,Providence Health,D027,2025-03-19 12:41:00,2025-03-19 13:40:00,2025-03-19 15:13:00,2025-03-19 13:20:00,Y,"wrong zip code on order, corrected",29,11.93,0
ORD-28638,2025/01/04 14:34,01863,02138,RUSH,NE Labs,D021,2025-01-04 15:08:00,2025-01-04 15:52:00,2025-01-04 16:20:00,2025-01-04 15:55:00,N,,34,4.81,0
ORD-28639,2025/02/23 10:55,02066,02176,RUSH,MGH,UNASSIGNED,2025-02-23 11:09:00,2025-02-23 12:04:00,2025-02-23 13:40:00,2025-02-23 12:36:00,N,,33,36.04,1
ORD-28640,2025/02/09 09:31,01879,02111,ROUTINE,Quest Diagnostics,D029,2025-02-09 10:01:00,,2025-02-09 12:06:00,2025-02-09 15:22:00,N,"driver called in sick mid-route, reassigning trips",20,37.21,0
ORD-28641,2025/03/22 05:37,02121,02134,routine,South Shore Hospital,D011,2025-03-22 06:12:00,2025-03-22 06:58:00,2025-03-22 07:33:00,2025-03-22 09:22:00,N,"driver stuck in traffic on 93, running ~20 min late",36,7.32,0
ORD-28642,,02138,02059,stat,Children's Hospital,D038,2025-01-11 08:44:00,2025-01-11 09:32:00,2025-01-11 11:31:00,2025-01-11 09:10:00,N,"client changed pickup time, driver redirected",35,20.93,1
ORD-28643,2025/02/08 09:07,02128,02149,Same-Day,LabCorp,D028,2025-02-08 09:44:00,2025-02-08 10:24:00,2025-02-08 11:11:00,2025-02-08 11:58:00,N,"wrong address on manifest, corrected enroute",16,7.61,0
ORD-28644,2025-03-05 06:37:00,02186,02141,RUSH,Brigham & Women's,D036,2025-03-05 06:52:00,2025-03-05 07:26:00,2025-03-05 08:55:00,2025-03-05 07:54:00,Y,,5,24.09,0
ORD-28645,2025/03/27 20:20,02150,02056,RUSH,Tufts Medical,D011,2025-03-27 20:26:00,2025-03-27 21:04:00,2025-03-27 21:23:00,2025-03-27 21:44:00,Y,"driver ran out of dry ice, needs resupply",7,23.28,0
ORD-28646,2025-02-05 07:39:00,02113,02038,Rush,South Shore Hospital,D021,2025-02-05 07:54:00,2025-02-05 08:43:00,2025-02-05 09:14:00,2025-02-05 09:15:00,N,"client changed pickup time, driver redirected",26,6.22,0
ORD-28647,02-09-25 07:37 PM,02155,02059,RUSH,Brigham & Women's,D019,2025-02-09 19:47:00,2025-02-09 20:30:00,2025-02-09 20:53:00,2025-02-09 21:23:00,Y,driver reports ice on roads in reading area,7,18.66,0
ORD-28648,02-25-25 01:34 PM,02115,02134,ROUTINE,Northeast Labs,D026,2025-02-25 13:52:00,2025-02-25 14:02:00,2025-02-25 15:20:00,2025-02-25 16:52:00,Y,specimen temp excursion possible - driver reports cooler malfunction,40,17.68,0
ORD-28649,02/22/2025 08:02,02101,02141,ROUTINE,Quest Diag,D040,2025-02-22 08:06:00,2025-02-22 08:23:00,2025-02-22 10:14:00,2025-02-22 12:21:00,N,"driver stuck in traffic on 93, running ~20 min late",9,16.63,0
ORD-28650,2025-03-28 08:28:00,02050,02113,STAT,Tufts Medical,D002,2025-03-28 08:35:00,2025-03-28 09:31:00,2025-03-28 11:27:00,2025-03-28 09:26:00,Y,"client called to confirm - specimen critical, needs STAT upgrade",13,12.5,0
ORD-28651,2025/03/18 07:07,02184,02134,ROUTINE,Boston Medical Center,D006,2025-03-18 07:51:00,2025-03-18 08:32:00,2025-03-18 09:57:00,2025-03-18 10:18:00,N,"client changed pickup time, driver redirected",21,9.3,1
ORD-28652,2025/03/23 08:10,02140,02190,Rush,Cape Cod Hospital,D014,2025-03-23 08:33:00,2025-03-23 09:13:00,2025-03-23 10:16:00,2025-03-23 09:27:00,Y,lab closed early today per client,35,9.14,0
ORD-28653,02/25/2025 08:30,02189,02135,ROUTINE,Mass General Hospital,D016,2025-02-25 08:43:00,,2025-02-25 10:52:00,2025-02-25 14:25:00,Y,"driver vehicle breakdown, transfer to DD009 in progress",14,15.57,0
ORD-28654,2025/01/14 11:56,02198,02152,ROUTINE,Quest Diagnostics,D005,2025-01-14 12:28:00,2025-01-14 12:39:00,2025-01-14 13:22:00,2025-01-14 17:54:00,N,,37,28.56,0
ORD-28655,2025/01/20 08:58,01867,02140,STAT,Brigham & Women's,D015,2025-01-20 09:23:00,2025-01-20 10:11:00,2025-01-20 12:09:00,2025-01-20 09:44:00,Y,specimen labeled incorrectly by client,437,11.88,0
ORD-28656,2025-03-05 15:39:00,02180,02104,routine,St. Elizabeth's Medical,D015,2025-03-05 16:08:00,2025-03-05 16:46:00,2025-03-05 17:57:00,2025-03-05 19:49:00,Y,"pickup not ready, driver waiting 15+ min",22,24.4,0
ORD-28657,02/07/2025 08:19,02131,02043,rush,Mass General Hospital,D028,2025-02-07 08:57:00,2025-02-07 09:17:00,2025-02-07 09:56:00,2025-02-07 10:10:00,Y,traffic accident on route 1 delay,17,16.33,0
ORD-28658,2025/03/31 10:40,02189,02132,ROUTINE,Quest Diag,D039,2025-03-31 10:55:00,2025-03-31 11:11:00,2025-03-31 11:35:00,2025-03-31 15:04:00,Y,package refused by receiving staff - no signature authority,31,35.92,0
ORD-28659,2025-03-31 15:24:00,02066,02184,STAT,Tufts Medical,D031,2025-03-31 15:32:00,2025-03-31 16:21:00,2025-03-31 17:22:00,2025-03-31 16:01:00,Y,,19,17.75,0
ORD-28660,03/23/2025 13:23,01862,02130,RUSH,BioReference Labs,D004,2025-03-23 13:41:00,,2025-03-23 15:55:00,2025-03-23 14:51:00,Y,"driver called in sick mid-route, reassigning trips",458,25.77,0
ORD-28661,2025/01/18 07:05,02110,02133,Same-Day,BioReference Labs,D009,2025-01-18 07:48:00,2025-01-18 08:47:00,2025-01-18 09:57:00,2025-01-18 09:55:00,Y,"wrong zip code on order, corrected",40,26.03,0
ORD-28662,2025-02-24 08:48:00,02134,02032,same-day,Quest Diagnostics,D035,2025-02-24 09:17:00,2025-02-24 09:41:00,2025-02-24 11:38:00,2025-02-24 11:53:00,Y,"pickup not ready, driver waiting 15+ min",32,7.8,0
ORD-28663,01/23/2025 13:48,02170,02111,STAT,Northeast Labs,D034,2025-01-23 14:10:00,2025-01-23 15:01:00,2025-01-23 16:30:00,2025-01-23 14:28:00,N,delayed at security checkpoint - id verification required,20,19.35,1
ORD-28664,03/22/2025 14:38,02118,02066,Rush,Lowell General,D004,2025-03-22 14:46:00,2025-03-22 15:42:00,,2025-03-22 16:03:00,Y,dispatcher note: double-check temp on this one before logging,17,12.44,0
ORD-28665,2025/03/31 20:58,02132,02110,routine,Lowell General,D025,2025-03-31 21:20:00,,,2025-04-01 00:21:00,Y,redelivery needed: building locked,23,30.47,0
ORD-28666,02/03/2025 19:51,02190,02121,stat,Children's Hospital,D039,2025-02-03 20:24:00,2025-02-03 20:43:00,,2025-02-03 20:37:00,N,lab closed early today per client,215,9.87,1
ORD-28667,01-03-25 04:32 PM,02122,02144,SAME-DAY,Lowell General,D037,2025-01-03 16:40:00,2025-01-03 17:34:00,2025-01-03 18:14:00,2025-01-03 19:03:00,N,,6,11.62,0
ORD-28668,03/25/2025 13:14,01879,02032,ROUTINE,Quest Diagnostics,D018,2025-03-25 13:27:00,2025-03-25 13:46:00,2025-03-25 15:05:00,2025-03-25 18:04:00,N,"wrong address on manifest, corrected enroute",6,25.32,0
ORD-28669,03-14-25 01:13 PM,01880,02109,STAT,Cape Cod Hospital,D007,2025-03-14 13:18:00,2025-03-14 13:51:00,,2025-03-14 13:56:00,Y,,43,21.74,0
ORD-28670,03/15/2025 11:01,02142,02038,STAT,Northeast Laboratory,D030,2025-03-15 11:29:00,2025-03-15 12:21:00,2025-03-15 13:30:00,2025-03-15 11:32:00,N,lab closed early today per client,26,24.49,0
ORD-28671,2025/03/23 08:08,02101,02148,Routine,Mass General Hospital,D006,2025-03-23 08:27:00,2025-03-23 09:26:00,2025-03-23 10:42:00,2025-03-23 12:36:00,N,redelivery needed: building locked,14,31.95,0
ORD-28672,03/01/2025 18:23,02140,02139,SAME-DAY,MGH,D006,2025-03-01 18:57:00,2025-03-01 19:57:00,2025-03-01 21:51:00,2025-03-01 21:58:00,Y,,18,4.8,0
ORD-28673,01-11-25 10:27 AM,02113,02066,Routine,South Shore Hospital,D002,2025-01-11 11:01:00,2025-01-11 11:40:00,2025-01-11 12:20:00,2025-01-11 16:15:00,Y,called client re specimen integrity - awaiting callback,39,12.57,0
ORD-28674,2025/01/28 13:28,01854,02131,Routine,St. Elizabeth's Medical,D007,2025-01-28 13:31:00,2025-01-28 14:17:00,2025-01-28 14:50:00,2025-01-28 18:41:00,N,"driver called in sick mid-route, reassigning trips",18,12.27,0
ORD-28675,02/14/2025 12:08,02189,02121,ROUTINE,Mass General Hospital,D009,2025-02-14 12:20:00,,2025-02-14 13:57:00,2025-02-14 17:50:00,Y,,14,4.68,0
ORD-28676,02/19/2025 16:50,02108,02185,Rush,Cape Cod Hospital,D007,2025-02-19 17:33:00,2025-02-19 17:52:00,2025-02-19 19:28:00,2025-02-19 18:06:00,Y,"driver vehicle breakdown, transfer to DD008 in progress",6,12.36,0
ORD-28677,2025/03/21 12:32,02192,02129,ROUTINE,Providence Health,UNASSIGNED,2025-03-21 12:41:00,2025-03-21 13:29:00,2025-03-21 14:39:00,2025-03-21 17:44:00,N,package refused by receiving staff - no signature authority,30,29.0,0
ORD-28678,2025-03-14 09:40:00,02109,02177,ROUTINE,South Shore Hospital,D008,2025-03-14 09:52:00,2025-03-14 10:33:00,2025-03-14 11:23:00,2025-03-14 14:16:00,Y,"driver ran out of dry ice, needs resupply",25,24.12,0
ORD-28679,2025-02-19 10:50:00,01879,02180,RUSH,Lowell General,D003,2025-02-19 11:04:00,2025-02-19 11:24:00,2025-02-19 12:49:00,2025-02-19 12:34:00,Y,"client called to confirm - specimen critical, needs STAT upgrade",22,22.75,0
ORD-28680,02/13/2025 14:51,02072,02135,RUSH,Childrens Hospital,D011,2025-02-13 14:56:00,2025-02-13 15:12:00,2025-02-13 15:33:00,2025-02-13 16:23:00,Y,,15,29.33,0
ORD-28681,03/09/2025 05:31,02045,02126,SAME-DAY,Northeast Laboratory,D027,2025-03-09 05:57:00,2025-03-09 06:27:00,2025-03-09 07:11:00,2025-03-09 08:52:00,N,"pickup not ready, driver waiting 15+ min",35,31.14,0
ORD-28682,2025/03/13 07:02,01840,02121,Routine,Northeast Laboratory,D018,2025-03-13 07:17:00,2025-03-13 07:30:00,2025-03-13 08:10:00,2025-03-13 12:26:00,Y,pickup completed but paperwork missing from package,6,8.86,0
ORD-28683,01/13/2025 16:56,02038,02192,ROUTINE,Northeast Laboratory,D040,2025-01-13 17:20:00,,2025-01-13 18:53:00,2025-01-13 20:37:00,Y,"driver ran out of dry ice, needs resupply",12,11.2,0
ORD-28684,03/19/2025 12:18,02124,02107,Rush,Childrens Hospital,D025,2025-03-19 12:38:00,2025-03-19 13:15:00,2025-03-19 15:00:00,2025-03-19 14:01:00,Y,"driver called in sick mid-route, reassigning trips",31,17.87,0
ORD-28685,01/12/2025 07:25,02190,02136,SAME-DAY,Brigham and Womens,D018,2025-01-12 07:38:00,,2025-01-12 10:24:00,2025-01-12 10:11:00,N,"driver ran out of dry ice, needs resupply",33,31.35,0
ORD-28686,2025-01-09 15:00:00,02061,02139,SAME-DAY,Northeast Laboratory,D039,2025-01-09 15:16:00,2025-01-09 15:47:00,2025-01-09 17:45:00,2025-01-09 18:25:00,Y,,12,34.23,0
ORD-28687,2025/02/09 19:12,02139,02131,Rush,Labcorp Inc,D014,2025-02-09 19:46:00,2025-02-09 19:59:00,2025-02-09 21:06:00,2025-02-09 20:52:00,Y,driver reports ice on roads in reading area,20,34.66,0
ORD-28688,02/24/2025 16:02,02107,02026,ROUTINE,Children's Hospital,UNASSIGNED,2025-02-24 16:43:00,2025-02-24 17:10:00,2025-02-24 17:26:00,2025-02-24 19:07:00,N,"pickup not ready, driver waiting 15+ min",42,29.27,0
ORD-28689,2025/02/06 12:12,02047,02030,Routine,NE Labs,D025,2025-02-06 12:20:00,,2025-02-06 14:10:00,2025-02-06 17:04:00,Y,"driver ran out of dry ice, needs resupply",14,10.29,0
ORD-28690,2025-02-12 09:21:00,02053,02115,ROUTINE,MGH,D041,2025-02-12 09:26:00,2025-02-12 10:16:00,,2025-02-12 13:59:00,N,GPS routing error sent driver to wrong building,19,24.0,1
ORD-28691,2025/02/19 17:05,02127,02131,STAT,Brigham and Womens,D013,2025-02-19 17:26:00,2025-02-19 18:26:00,2025-02-19 19:22:00,2025-02-19 17:43:00,Y,traffic accident on route 1 delay,16,17.44,0
ORD-28692,02-06-25 08:23 AM,01852,02170,RUSH,MGH,D007,2025-02-06 08:47:00,2025-02-06 09:37:00,2025-02-06 10:12:00,2025-02-06 09:43:00,Y,"client called to confirm - specimen critical, needs STAT upgrade",11,20.12,0
ORD-28693,2025-03-26 15:40:00,02184,02021,Stat,Boston Medical Center,D040,2025-03-26 15:44:00,2025-03-26 15:55:00,2025-03-26 17:04:00,2025-03-26 16:13:00,N,driver reports ice on roads in reading area,8,9.7,0
ORD-28694,2025/01/23 20:16,02129,02054,Rush,Quest Diagnostics,D027,2025-01-23 20:50:00,2025-01-23 21:38:00,2025-01-23 22:37:00,2025-01-23 22:06:00,Y,dispatcher note: double-check temp on this one before logging,6,8.29,0
ORD-28695,2025-03-15 15:39:00,02163,02067,ROUTINE,Quest Diagnostics,D029,2025-03-15 15:42:00,2025-03-15 16:11:00,2025-03-15 17:49:00,2025-03-15 18:46:00,N,"pickup not ready, driver waiting 15+ min",30,14.9,0
ORD-28696,02/13/2025 10:37,01867,02155,STAT,Boston Med Ctr,D041,2025-02-13 10:41:00,2025-02-13 11:15:00,2025-02-13 11:52:00,2025-02-13 11:33:00,Y,"driver vehicle breakdown, transfer to DD010 in progress",38,26.71,0
ORD-28697,2025-03-06 08:37:00,02062,02118,stat,Tufts Med Center,D018,2025-03-06 09:14:00,2025-03-06 10:05:00,2025-03-06 10:22:00,2025-03-06 09:14:00,Y,"driver called in sick mid-route, reassigning trips",40,31.93,0
ORD-28698,03-24-25 01:59 PM,02180,02120,ROUTINE,Childrens Hospital,D008,2025-03-24 14:08:00,2025-03-24 14:24:00,2025-03-24 14:56:00,2025-03-24 18:27:00,Y,,37,24.05,0
ORD-28699,2025-01-27 20:40:00,02197,02125,RUSH,South Shore Hospital,D015,2025-01-27 21:02:00,2025-01-27 21:28:00,2025-01-27 22:57:00,2025-01-27 21:44:00,Y,"driver vehicle breakdown, transfer to DD040 in progress",26,35.64,0
ORD-28700,01/15/2025 20:42,02061,02124,STAT,St. Elizabeth's Medical,D005,2025-01-15 21:04:00,,2025-01-15 22:06:00,2025-01-15 21:21:00,Y,,42,25.6,0
ORD-28701,01-03-25 08:39 AM,02143,02001,Routine,Lowell General,D015,2025-01-03 08:47:00,2025-01-03 09:42:00,,2025-01-03 14:28:00,N,,19,33.71,0
ORD-28702,01/23/2025 18:17,02138,02110,SAME-DAY,St. Elizabeth's Medical,D037,2025-01-23 18:33:00,2025-01-23 19:12:00,2025-01-23 20:35:00,2025-01-23 20:51:00,Y,"driver stuck in traffic on 93, running ~20 min late",33,34.58,0
ORD-28703,2025-02-04 20:33:00,02185,02140,stat,Brigham and Womens,UNASSIGNED,2025-02-04 20:36:00,,2025-02-04 22:25:00,2025-02-04 21:20:00,Y,"client changed pickup time, driver redirected",8,18.51,0
ORD-28704,03/19/2025 15:34,02155,02001,STAT,MGH,D008,2025-03-19 16:01:00,2025-03-19 16:43:00,2025-03-19 17:20:00,2025-03-19 16:17:00,Y,specimen temp excursion possible - driver reports cooler malfunction,34,10.25,0
ORD-28705,2025-03-09 06:36:00,02067,02035,ROUTINE,Cape Cod Hospital,UNASSIGNED,2025-03-09 07:10:00,2025-03-09 07:24:00,2025-03-09 07:58:00,2025-03-09 12:14:00,Y,GPS routing error sent driver to wrong building,31,16.23,0
ORD-28706,2025-01-09 13:27:00,02071,02133,RUSH,Northeast Labs,D010,2025-01-09 13:57:00,,,2025-01-09 14:35:00,Y,driver reports ice on roads in reading area,25,24.96,0
ORD-28707,2025/03/15 19:16,02142,02113,ROUTINE,Emerson Hospital,D007,2025-03-15 19:23:00,2025-03-15 19:59:00,2025-03-15 21:23:00,2025-03-15 23:27:00,Y,,16,8.37,0
ORD-28708,2025/02/18 12:36,01840,02104,SAME-DAY,Lowell General,D039,2025-02-18 12:48:00,2025-02-18 13:35:00,2025-02-18 14:10:00,2025-02-18 15:46:00,Y,redelivery needed: building locked,45,32.04,0
ORD-28709,2025-01-17 06:23:00,02153,02107,STAT,Northeast Labs,D011,2025-01-17 06:29:00,2025-01-17 07:09:00,2025-01-17 09:06:00,2025-01-17 07:15:00,Y,"pickup not ready, driver waiting 15+ min",27,31.38,0
ORD-28710,2025-01-16 13:21:00,02127,02106,stat,NE Labs,D035,2025-01-16 13:50:00,,2025-01-16 16:18:00,2025-01-16 14:06:00,Y,,19,9.48,0
ORD-28711,2025-03-05 07:53:00,02149,02104,Rush,Brigham and Womens,D015,2025-03-05 08:03:00,,2025-03-05 09:37:00,2025-03-05 09:35:00,Y,"driver stuck in traffic on 93, running ~20 min late",43,24.72,0
ORD-28712,2025-01-24 13:37:00,02151,02139,ROUTINE,Children's Hospital,D006,2025-01-24 13:46:00,2025-01-24 14:08:00,2025-01-24 14:23:00,2025-01-24 16:43:00,Y,,10,24.26,0
ORD-28713,01/23/2025 04:43,02061,02050,ROUTINE,Tufts Med Center,D024,2025-01-23 05:24:00,2025-01-23 05:48:00,2025-01-23 06:51:00,2025-01-23 08:46:00,Y,driver cannot locate parking at hospital,30,8.3,0
ORD-28714,02/24/2025 10:52,02180,02060,ROUTINE,Northeast Labs,D029,2025-02-24 11:09:00,2025-02-24 11:31:00,2025-02-24 12:36:00,2025-02-24 15:20:00,Y,dispatcher note: double-check temp on this one before logging,7,15.6,0
ORD-28715,,02151,02186,ROUTINE,BioReference Labs,D028,2025-03-31 13:21:00,,2025-03-31 14:35:00,2025-03-31 17:02:00,Y,,27,19.52,0
ORD-28716,01/30/2025 05:56,01864,02171,SAME-DAY,BioReference Labs,D029,2025-01-30 06:18:00,2025-01-30 06:58:00,2025-01-30 07:36:00,2025-01-30 08:30:00,Y,"wrong address on manifest, corrected enroute",16,16.21,0
ORD-28717,03/22/2025 06:25,02170,02026,routine,Providence Health,D029,2025-03-22 06:44:00,2025-03-22 06:58:00,2025-03-22 07:14:00,2025-03-22 10:50:00,Y,GPS routing error sent driver to wrong building,31,33.2,0
ORD-28718,2025/03/16 16:28,02067,02136,RUSH,Brigham & Women's,D013,2025-03-16 16:40:00,2025-03-16 16:51:00,2025-03-16 17:41:00,2025-03-16 17:30:00,Y,pickup completed but paperwork missing from package,42,28.65,0
ORD-28719,2025-01-19 07:47:00,02019,02030,Rush,Cape Cod Hospital,D003,2025-01-19 07:56:00,2025-01-19 08:15:00,2025-01-19 08:36:00,2025-01-19 09:23:00,Y,lab closed early today per client,13,24.24,0
ORD-28720,01/09/2025 17:19,02108,02189,routine,MGH,D007,2025-01-09 17:58:00,2025-01-09 18:40:00,2025-01-09 19:17:00,2025-01-09 21:53:00,Y,recipient not available at delivery location,5,18.8,0
ORD-28721,04/01/2025 16:28,02176,02126,SAME-DAY,St. Elizabeth's Medical,D027,2025-04-01 17:07:00,2025-04-01 17:31:00,2025-04-01 19:03:00,2025-04-01 19:50:00,Y,driver reports ice on roads in reading area,34,24.87,0
ORD-28722,2025-03-03 08:58:00,02132,02130,SAME-DAY,South Shore Hospital,D010,2025-03-03 09:08:00,2025-03-03 10:05:00,2025-03-03 11:58:00,2025-03-03 11:20:00,N,delayed at security checkpoint - id verification required,13,30.81,0
ORD-28723,01-09-25 10:32 AM,02200,02169,RUSH,BioReference Labs,D016,2025-01-09 10:54:00,2025-01-09 11:46:00,2025-01-09 12:47:00,2025-01-09 12:15:00,Y,specimen container damaged on pickup,34,7.42,0
ORD-28724,2025-01-29 09:46:00,02056,02199,Rush,MGH,D019,2025-01-29 10:08:00,2025-01-29 10:25:00,2025-01-29 11:08:00,2025-01-29 10:53:00,Y,called client re specimen integrity - awaiting callback,29,18.57,0
ORD-28725,2025/01/25 08:15,02150,02121,ROUTINE,Northeast Laboratory,D028,2025-01-25 08:18:00,2025-01-25 08:46:00,2025-01-25 10:07:00,2025-01-25 13:08:00,Y,specimen temp excursion possible - driver reports cooler malfunction,35,31.74,0
ORD-28726,03/10/2025 19:52,02149,02115,ROUTINE,St. Elizabeth's Medical,D031,2025-03-10 20:01:00,2025-03-10 20:42:00,2025-03-10 22:37:00,2025-03-11 01:10:00,Y,"driver ran out of dry ice, needs resupply",10,27.91,0
ORD-28727,01/22/2025 11:44,02066,02062,SAME-DAY,Tufts Medical,D001,2025-01-22 12:16:00,2025-01-22 13:12:00,2025-01-22 14:48:00,2025-01-22 14:38:00,N,,20,14.68,0
ORD-28728,02/21/2025 16:49,01880,02128,Rush,Emerson Hospital,D007,2025-02-21 17:33:00,2025-02-21 18:30:00,2025-02-21 20:16:00,2025-02-21 18:18:00,Y,,10,30.94,0
ORD-28729,2025/01/29 03:14,02101,02113,routine,St. Elizabeth's Medical,D030,2025-01-29 03:24:00,2025-01-29 04:02:00,2025-01-29 05:31:00,2025-01-29 08:46:00,Y,"wrong address on manifest, corrected enroute",29,17.22,0
ORD-28730,2025-01-14 15:04:00,02124,02126,Rush,South Shore Hospital,D032,2025-01-14 15:09:00,2025-01-14 15:47:00,2025-01-14 16:08:00,2025-01-14 17:02:00,N,,13,26.87,0
ORD-28731,01-12-25 04:07 PM,02176,02184,SAME-DAY,Northeast Labs,D026,2025-01-12 16:19:00,,2025-01-12 17:56:00,2025-01-12 18:33:00,Y,delayed at security checkpoint - id verification required,44,32.6,0
ORD-28732,2025-01-20 10:33:00,01851,02185,ROUTINE,MGH,UNASSIGNED,2025-01-20 10:55:00,2025-01-20 11:27:00,2025-01-20 12:51:00,2025-01-20 14:05:00,N,recipient not available at delivery location,13,21.66,0
ORD-28733,02/02/2025 11:06,02134,02050,routine,Tufts Med Center,D007,2025-02-02 11:32:00,2025-02-02 12:23:00,2025-02-02 13:45:00,2025-02-02 14:38:00,Y,,36,7.79,0
ORD-28734,2025-01-20 14:38:00,02026,02059,same-day,Lowell General,D038,2025-01-20 15:12:00,2025-01-20 16:04:00,2025-01-20 17:51:00,2025-01-20 17:31:00,Y,driver cannot locate parking at hospital,15,6.77,0
ORD-28735,01/19/2025 14:25,01801,02021,Routine,Cape Cod Hospital,D010,2025-01-19 14:58:00,2025-01-19 15:28:00,2025-01-19 16:45:00,2025-01-19 18:13:00,Y,,40,37.21,0
ORD-28736,2025-02-25 14:40:00,02199,02124,Rush,Quest Diagnostics,D011,2025-02-25 15:10:00,2025-02-25 15:46:00,2025-02-25 17:25:00,2025-02-25 15:41:00,N,,13,15.9,1
ORD-28737,03/29/2025 13:17,01826,02186,STAT,Cape Cod Hospital,D026,2025-03-29 13:29:00,2025-03-29 14:25:00,2025-03-29 16:18:00,2025-03-29 14:02:00,Y,,24,5.44,0
ORD-28738,02/11/2025 10:07,02148,02103,Rush,Labcorp Inc,D003,2025-02-11 10:19:00,2025-02-11 11:13:00,2025-02-11 12:46:00,2025-02-11 11:26:00,Y,traffic accident on route 1 delay,27,4.71,0
ORD-28739,03/18/2025 04:42,02120,02102,Rush,NE Labs,D028,2025-03-18 05:25:00,2025-03-18 06:12:00,2025-03-18 07:10:00,2025-03-18 05:42:00,Y,"wrong zip code on order, corrected",30,27.35,0
ORD-28740,2025-01-20 10:14:00,01810,02149,same-day,Emerson Hospital,D010,2025-01-20 10:28:00,,2025-01-20 12:51:00,2025-01-20 13:25:00,Y,redelivery needed: building locked,16,6.36,0
ORD-28741,2025/03/31 11:28,02131,02066,same-day,South Shore Hospital,D031,2025-03-31 11:34:00,2025-03-31 11:53:00,,2025-03-31 14:49:00,Y,specimen temp excursion possible - driver reports cooler malfunction,26,5.89,0
ORD-28742,01/04/2025 10:19,02121,02163,ROUTINE,Quest Diag,D019,2025-01-04 10:23:00,2025-01-04 11:07:00,2025-01-04 12:43:00,2025-01-04 13:44:00,Y,,28,5.07,0
ORD-28743,02/13/2025 11:26,02128,02156,ROUTINE,Providence Health,D020,2025-02-13 12:04:00,2025-02-13 12:21:00,2025-02-13 14:18:00,2025-02-13 15:36:00,Y,specimen temp excursion possible - driver reports cooler malfunction,23,17.92,0
ORD-28744,2025-02-08 15:05:00,01845,02059,Same-Day,Children's Hospital,D041,2025-02-08 15:19:00,2025-02-08 15:37:00,2025-02-08 17:22:00,2025-02-08 17:47:00,Y,GPS routing error sent driver to wrong building,36,25.22,0
ORD-28745,02/24/2025 09:19,02048,02059,Routine,Boston Medical Center,D035,2025-02-24 10:04:00,2025-02-24 10:33:00,2025-02-24 10:56:00,2025-02-24 14:36:00,Y,redelivery needed: building locked,28,26.27,0
ORD-28746,2025-03-14 10:19:00,01876,02047,Same-Day,Boston Medical Center,D038,2025-03-14 10:36:00,2025-03-14 11:29:00,2025-03-14 13:28:00,2025-03-14 13:05:00,Y,"wrong address on manifest, corrected enroute",15,28.42,0
ORD-28747,03-03-25 10:00 AM,02047,02144,SAME-DAY,NE Labs,D037,2025-03-03 10:21:00,2025-03-03 10:35:00,2025-03-03 12:14:00,2025-03-03 12:32:00,N,specimen temp excursion possible - driver reports cooler malfunction,37,9.21,0
ORD-28748,01/31/2025 09:44,02114,02114,RUSH,Childrens Hospital,UNASSIGNED,2025-01-31 10:00:00,,2025-01-31 11:13:00,2025-01-31 11:29:00,N,"pickup not ready, driver waiting 15+ min",42,12.18,0
ORD-28749,03/23/2025 07:18,02189,02177,Rush,South Shore Hospital,D003,2025-03-23 07:48:00,2025-03-23 08:18:00,2025-03-23 09:44:00,2025-03-23 09:16:00,Y,,197,21.75,0
ORD-28750,02/13/2025 16:04,01845,02059,STAT,Boston Med Ctr,UNASSIGNED,2025-02-13 16:29:00,2025-02-13 16:48:00,2025-02-13 17:07:00,2025-02-13 17:01:00,Y,called client re specimen integrity - awaiting callback,21,20.03,0
ORD-28751,03/31/2025 10:56,02047,02109,SAME-DAY,Quest Diagnostics,D009,2025-03-31 11:32:00,2025-03-31 12:12:00,2025-03-31 13:35:00,2025-03-31 14:00:00,Y,"driver stuck in traffic on 93, running ~20 min late",469,12.95,0
ORD-28752,2025-03-22 14:09:00,02060,02056,SAME-DAY,Cape Cod Hospital,D024,2025-03-22 14:30:00,2025-03-22 15:27:00,2025-03-22 17:15:00,2025-03-22 17:59:00,Y,package refused by receiving staff - no signature authority,40,8.78,0
ORD-28753,2025-01-28 05:16:00,02103,02133,Rush,Tufts Med Center,UNASSIGNED,2025-01-28 05:57:00,2025-01-28 06:30:00,2025-01-28 07:25:00,2025-01-28 07:04:00,Y,delayed at security checkpoint - id verification required,45,19.48,0
ORD-28754,2025/01/25 17:22,02156,02190,STAT,Northeast Laboratory,D009,2025-01-25 17:58:00,2025-01-25 18:26:00,2025-01-25 20:10:00,2025-01-25 18:20:00,Y,package refused by receiving staff - no signature authority,44,28.3,0
ORD-28755,2025-03-12 06:05:00,02149,02025,Same-Day,Brigham & Women's,D016,2025-03-12 06:44:00,2025-03-12 07:14:00,2025-03-12 09:01:00,2025-03-12 09:26:00,Y,traffic accident on route 1 delay,29,31.06,0
ORD-28756,01/03/2025 18:00,02045,02035,ROUTINE,Providence Health,D008,2025-01-03 18:12:00,2025-01-03 19:01:00,2025-01-03 19:17:00,2025-01-03 23:11:00,Y,specimen temp excursion possible - driver reports cooler malfunction,8,21.12,0
ORD-28757,03/30/2025 09:59,02067,02149,Rush,South Shore Hospital,D019,2025-03-30 10:33:00,2025-03-30 11:02:00,2025-03-30 12:10:00,2025-03-30 11:44:00,Y,pickup completed but paperwork missing from package,23,19.8,0
ORD-28758,2025/02/18 13:44,02140,02061,STAT,Quest Diag,D036,2025-02-18 13:48:00,2025-02-18 14:18:00,2025-02-18 15:48:00,2025-02-18 14:15:00,Y,"driver stuck in traffic on 93, running ~20 min late",18,17.56,0
ORD-28759,02-22-25 03:08 PM,02061,02061,STAT,Mass General Hospital,D016,2025-02-22 15:12:00,2025-02-22 15:51:00,2025-02-22 17:11:00,2025-02-22 15:38:00,Y,"driver vehicle breakdown, transfer to DD018 in progress",31,20.59,0
ORD-28760,2025-03-28 13:26:00,02126,02185,Routine,Children's Hospital,D006,2025-03-28 13:32:00,2025-03-28 13:45:00,2025-03-28 15:05:00,2025-03-28 16:42:00,N,"wrong zip code on order, corrected",14,25.07,0
ORD-28761,2025/01/23 07:49,02061,02151,STAT,Emerson Hospital,D013,2025-01-23 08:08:00,2025-01-23 08:36:00,2025-01-23 09:16:00,2025-01-23 08:44:00,Y,"driver called in sick mid-route, reassigning trips",8,26.37,0
ORD-28762,02/14/2025 16:40,02191,02196,stat,Mass General Hospital,D020,2025-02-14 17:20:00,2025-02-14 17:45:00,2025-02-14 18:35:00,2025-02-14 17:21:00,N,traffic accident on route 1 delay,30,36.59,1
ORD-28763,2025/03/22 17:44,02118,02170,Routine,Labcorp Inc,D015,2025-03-22 18:03:00,2025-03-22 18:18:00,2025-03-22 19:59:00,2025-03-22 21:19:00,Y,driver cannot locate parking at hospital,11,16.35,0
ORD-28764,01/08/2025 10:53,02148,02133,routine,Northeast Labs,D004,2025-01-08 11:21:00,2025-01-08 11:58:00,2025-01-08 13:25:00,2025-01-08 14:29:00,Y,,40,9.23,0
ORD-28765,02/23/2025 15:53,02134,02135,STAT,Providence Health,D010,2025-02-23 16:05:00,,2025-02-23 17:54:00,2025-02-23 16:26:00,Y,"elevator down at 15 Elm St, driver using stairs",17,20.94,0
ORD-28766,01/16/2025 14:50,01879,02109,STAT,Boston Med Ctr,D038,2025-01-16 15:33:00,2025-01-16 16:10:00,2025-01-16 16:45:00,2025-01-16 15:33:00,N,delayed at security checkpoint - id verification required,217,33.49,0
ORD-28767,,02035,02035,routine,BioReference Labs,D035,2025-02-17 06:41:00,2025-02-17 07:18:00,2025-02-17 09:11:00,2025-02-17 09:30:00,N,"driver stuck in traffic on 93, running ~20 min late",35,17.19,0
ORD-28768,2025-02-11 08:46:00,02132,02169,Stat,Boston Med Ctr,D027,2025-02-11 09:02:00,2025-02-11 10:01:00,2025-02-11 11:21:00,2025-02-11 09:46:00,N,package refused by receiving staff - no signature authority,9,37.96,0
ORD-28769,2025/01/18 15:34,02054,02149,routine,Northeast Laboratory,D031,2025-01-18 15:54:00,2025-01-18 16:25:00,2025-01-18 16:53:00,2025-01-18 19:13:00,Y,delayed at security checkpoint - id verification required,13,21.23,0
ORD-28770,,02053,02140,STAT,Boston Medical Center,D034,2025-03-22 08:07:00,2025-03-22 08:55:00,2025-03-22 09:30:00,2025-03-22 08:26:00,Y,package refused by receiving staff - no signature authority,45,14.07,0
ORD-28771,01/26/2025 11:48,02128,02062,STAT,Emerson Hospital,D004,2025-01-26 12:08:00,2025-01-26 12:18:00,2025-01-26 14:02:00,2025-01-26 12:43:00,Y,pickup completed but paperwork missing from package,42,34.93,0
ORD-28772,02/25/2025 12:28,02113,02121,STAT,LabCorp,D035,2025-02-25 12:47:00,2025-02-25 13:47:00,2025-02-25 15:24:00,2025-02-25 13:28:00,Y,driver cannot locate parking at hospital,7,15.14,0
ORD-28773,03/30/2025 21:41,02141,02124,STAT,South Shore Hospital,D020,2025-03-30 22:21:00,2025-03-30 22:45:00,2025-03-30 23:23:00,2025-03-30 22:31:00,Y,"driver called in sick mid-route, reassigning trips",45,33.76,0
ORD-28774,01/30/2025 11:57,02114,02177,ROUTINE,St. Elizabeth's Medical,D012,2025-01-30 12:12:00,2025-01-30 12:42:00,2025-01-30 13:16:00,2025-01-30 17:42:00,Y,"driver vehicle breakdown, transfer to DD011 in progress",45,19.31,0
ORD-28775,02/19/2025 08:16,02062,02118,RUSH,Quest Diagnostics,D026,2025-02-19 08:27:00,2025-02-19 08:39:00,2025-02-19 09:43:00,2025-02-19 10:16:00,Y,called client re specimen integrity - awaiting callback,27,15.83,0
ORD-28776,2025/03/16 12:46,02136,02195,ROUTINE,Northeast Laboratory,D018,2025-03-16 13:19:00,2025-03-16 14:12:00,2025-03-16 15:25:00,2025-03-16 18:23:00,Y,,40,28.09,0
ORD-28777,01-15-25 06:55 AM,01843,02132,SAME-DAY,BioReference Labs,D010,2025-01-15 07:03:00,2025-01-15 07:19:00,2025-01-15 07:57:00,2025-01-15 09:07:00,Y,,33,16.44,0
ORD-28778,2025-01-13 15:36:00,02186,02050,STAT,Northeast Labs,D041,2025-01-13 16:21:00,2025-01-13 17:04:00,2025-01-13 18:35:00,2025-01-13 16:09:00,N,"pickup not ready, driver waiting 15+ min",14,7.7,0
ORD-28779,02-27-25 08:54 AM,02133,02197,ROUTINE,Emerson Hospital,D005,2025-02-27 08:57:00,2025-02-27 09:23:00,,2025-02-27 12:56:00,Y,,40,6.42,0
ORD-28780,2025-02-19 10:21:00,02139,02110,RUSH,Brigham and Womens,D025,2025-02-19 10:33:00,2025-02-19 10:58:00,2025-02-19 11:31:00,2025-02-19 11:34:00,Y,dispatcher note: double-check temp on this one before logging,32,13.46,0
ORD-28781,2025-03-30 09:59:00,02198,02200,SAME-DAY,Boston Med Ctr,UNASSIGNED,2025-03-30 10:21:00,2025-03-30 11:06:00,,2025-03-30 13:54:00,Y,called client re specimen integrity - awaiting callback,34,18.19,0
ORD-28782,03/27/2025 13:43,02114,02189,STAT,St. Elizabeth's Medical,D012,2025-03-27 13:59:00,2025-03-27 14:11:00,2025-03-27 14:42:00,2025-03-27 14:26:00,N,,13,5.62,1
ORD-28783,2025/01/19 15:00,02050,02106,ROUTINE,Tufts Med Center,D009,2025-01-19 15:12:00,2025-01-19 15:30:00,2025-01-19 16:46:00,2025-01-19 20:31:00,Y,,9,33.9,0
ORD-28784,03-07-25 11:52 AM,02114,02130,RUSH,LabCorp,D026,2025-03-07 12:25:00,2025-03-07 13:00:00,2025-03-07 14:43:00,2025-03-07 13:35:00,Y,"client changed pickup time, driver redirected",45,19.32,0
ORD-28785,02/22/2025 19:52,02185,02106,stat,Childrens Hospital,D037,2025-02-22 20:31:00,2025-02-22 20:57:00,2025-02-22 22:25:00,2025-02-22 20:48:00,N,"driver vehicle breakdown, transfer to DD013 in progress",26,9.38,1
ORD-28786,2025-03-24 13:57:00,02111,02105,SAME-DAY,Mass General Hospital,D028,2025-03-24 14:09:00,2025-03-24 14:28:00,2025-03-24 15:31:00,2025-03-24 16:47:00,Y,"wrong address on manifest, corrected enroute",22,20.37,0
ORD-28787,03/05/2025 10:40,02127,02061,ROUTINE,Boston Medical Center,D015,2025-03-05 11:07:00,2025-03-05 12:05:00,2025-03-05 13:25:00,2025-03-05 15:54:00,Y,specimen container damaged on pickup,8,10.97,0
ORD-28788,01/04/2025 10:24,02150,02195,Routine,NE Labs,D023,2025-01-04 10:49:00,2025-01-04 11:20:00,2025-01-04 11:51:00,2025-01-04 13:40:00,Y,dispatcher note: double-check temp on this one before logging,27,35.17,0
ORD-28789,2025/01/05 18:48,01840,02197,ROUTINE,Childrens Hospital,D031,2025-01-05 19:17:00,2025-01-05 20:09:00,2025-01-05 20:30:00,2025-01-05 23:49:00,N,traffic accident on route 1 delay,20,31.01,0
ORD-28790,02-14-25 05:32 PM,02135,02170,stat,Brigham and Womens,D040,2025-02-14 17:43:00,2025-02-14 18:15:00,2025-02-14 19:35:00,2025-02-14 18:16:00,Y,specimen labeled incorrectly by client,45,14.28,0
ORD-28791,03/30/2025 13:33,02102,02120,Routine,Lowell General,D029,2025-03-30 13:56:00,2025-03-30 14:33:00,,2025-03-30 19:04:00,Y,driver reports ice on roads in reading area,9,21.62,0
ORD-28792,01-03-25 02:24 PM,02138,02053,RUSH,Mass General Hospital,D008,2025-01-03 14:44:00,2025-01-03 15:30:00,2025-01-03 16:05:00,2025-01-03 16:13:00,N,driver cannot locate parking at hospital,30,22.87,0
ORD-28793,01/28/2025 12:24,02186,02110,STAT,Cape Cod Hospital,D007,2025-01-28 12:37:00,2025-01-28 13:16:00,2025-01-28 14:28:00,2025-01-28 12:57:00,Y,"pickup not ready, driver waiting 15+ min",25,34.38,0
ORD-28794,2025/03/13 11:14,01843,02171,Routine,Tufts Medical,UNASSIGNED,2025-03-13 11:56:00,2025-03-13 12:24:00,2025-03-13 12:51:00,2025-03-13 15:46:00,Y,package refused by receiving staff - no signature authority,20,11.41,0
ORD-28795,2025-03-29 08:25:00,02129,02107,STAT,Childrens Hospital,D020,2025-03-29 09:09:00,2025-03-29 09:22:00,2025-03-29 10:39:00,2025-03-29 09:03:00,N,"client called to confirm - specimen critical, needs STAT upgrade",27,11.05,0
ORD-28796,02/12/2025 09:38,01803,02129,RUSH,Brigham & Women's,D024,2025-02-12 10:11:00,2025-02-12 10:23:00,2025-02-12 12:00:00,2025-02-12 11:21:00,N,"driver called in sick mid-route, reassigning trips",14,31.22,1
ORD-28797,2025/01/28 04:32,02032,02035,ROUTINE,Emerson Hospital,D017,2025-01-28 04:44:00,2025-01-28 05:32:00,2025-01-28 07:20:00,2025-01-28 07:57:00,N,,27,20.86,0
ORD-28798,03-27-25 01:54 PM,02019,02128,Routine,Boston Medical Center,D002,2025-03-27 14:09:00,2025-03-27 14:53:00,2025-03-27 15:14:00,2025-03-27 19:47:00,Y,called client re specimen integrity - awaiting callback,30,27.14,0
ORD-28799,2025/01/13 09:01,02151,02114,RUSH,Northeast Laboratory,D001,2025-01-13 09:22:00,2025-01-13 09:42:00,2025-01-13 10:04:00,2025-01-13 10:30:00,Y,"driver ran out of dry ice, needs resupply",11,27.65,0
ORD-28800,03/08/2025 12:15,02048,02155,Stat,Lowell General,D014,2025-03-08 13:00:00,2025-03-08 13:15:00,2025-03-08 14:54:00,2025-03-08 13:01:00,N,redelivery needed: building locked,16,28.92,0
ORD-28801,2025-03-03 10:41:00,02108,02103,ROUTINE,Boston Med Ctr,D017,2025-03-03 10:51:00,2025-03-03 11:14:00,,2025-03-03 14:16:00,N,"driver vehicle breakdown, transfer to DD006 in progress",6,8.53,0
ORD-28802,2025/01/10 21:47,02050,02148,RUSH,Tufts Med Center,D002,2025-01-10 22:26:00,,2025-01-11 00:11:00,2025-01-10 23:04:00,Y,recipient not available at delivery location,29,24.48,0
ORD-28803,2025-02-23 09:50:00,02134,02122,stat,Tufts Med Center,D039,2025-02-23 10:26:00,2025-02-23 10:51:00,2025-02-23 12:51:00,2025-02-23 10:27:00,N,pickup completed but paperwork missing from package,20,37.16,0
ORD-28804,2025/01/05 13:36,02025,02143,same-day,LabCorp,D005,2025-01-05 14:10:00,2025-01-05 14:27:00,2025-01-05 14:49:00,2025-01-05 16:40:00,Y,"wrong address on manifest, corrected enroute",15,17.03,0
ORD-28805,2025-02-15 23:16:00,02134,02135,SAME-DAY,Tufts Med Center,D014,2025-02-15 23:19:00,2025-02-15 23:35:00,2025-02-16 01:27:00,2025-02-16 02:22:00,Y,lab closed early today per client,9,37.96,0
ORD-28806,01/10/2025 13:24,02130,02048,ROUTINE,Northeast Labs,D008,2025-01-10 13:30:00,2025-01-10 14:30:00,2025-01-10 16:15:00,2025-01-10 18:03:00,Y,GPS routing error sent driver to wrong building,43,21.63,0
ORD-28807,01/26/2025 08:50,02107,02133,Routine,Brigham and Womens,D020,2025-01-26 09:27:00,2025-01-26 10:00:00,2025-01-26 10:45:00,2025-01-26 11:57:00,Y,driver reports ice on roads in reading area,24,20.83,0
ORD-28808,03/05/2025 10:20,02052,02194,ROUTINE,Labcorp Inc,D010,2025-03-05 10:32:00,2025-03-05 10:58:00,2025-03-05 12:44:00,2025-03-05 14:19:00,N,"driver ran out of dry ice, needs resupply",45,35.33,0
ORD-28809,02/24/2025 00:39,02138,02035,STAT,Brigham and Womens,D004,2025-02-24 01:20:00,2025-02-24 01:57:00,2025-02-24 02:31:00,2025-02-24 01:25:00,N,"driver stuck in traffic on 93, running ~20 min late",12,16.14,1
ORD-28810,01/28/2025 12:03,02120,02030,same-day,Mass General Hospital,D041,2025-01-28 12:17:00,2025-01-28 13:17:00,2025-01-28 14:08:00,2025-01-28 14:23:00,Y,,42,35.19,0
ORD-28811,2025-04-01 14:49:00,02184,02133,ROUTINE,Brigham and Womens,D025,2025-04-01 15:28:00,2025-04-01 16:27:00,2025-04-01 17:39:00,2025-04-01 20:07:00,Y,specimen container damaged on pickup,28,22.39,0
ORD-28812,2025/01/06 11:50,02032,02111,ROUTINE,Lowell General,D041,2025-01-06 12:21:00,2025-01-06 12:44:00,2025-01-06 14:28:00,2025-01-06 17:02:00,Y,GPS routing error sent driver to wrong building,34,22.92,0
ORD-28813,2025/03/19 11:05,02149,02053,Routine,Boston Med Ctr,D009,2025-03-19 11:50:00,,2025-03-19 14:06:00,2025-03-19 15:39:00,Y,driver reports ice on roads in reading area,144,28.63,0
ORD-28814,2025-03-31 08:49:00,02121,02060,Routine,Northeast Laboratory,D028,2025-03-31 09:09:00,2025-03-31 09:39:00,2025-03-31 10:22:00,2025-03-31 12:51:00,Y,"driver vehicle breakdown, transfer to DD003 in progress",11,20.88,0
ORD-28815,2025/02/28 14:10,02128,02139,SAME-DAY,MGH,D005,2025-02-28 14:36:00,,2025-02-28 16:09:00,2025-02-28 16:29:00,Y,pickup completed but paperwork missing from package,8,10.98,0
ORD-28816,2025/02/20 10:03,02104,02043,routine,Boston Med Ctr,D017,2025-02-20 10:23:00,2025-02-20 10:33:00,2025-02-20 11:46:00,2025-02-20 14:52:00,Y,called client re specimen integrity - awaiting callback,5,18.96,0
ORD-28817,2025/01/31 12:57,01864,02180,ROUTINE,Lowell General,D022,2025-01-31 13:40:00,2025-01-31 14:11:00,2025-01-31 15:22:00,2025-01-31 18:47:00,Y,recipient not available at delivery location,15,32.53,0
ORD-28818,2025/01/06 17:26,02143,02145,RUSH,Mass General Hospital,D017,2025-01-06 17:30:00,2025-01-06 18:26:00,2025-01-06 19:42:00,2025-01-06 19:04:00,Y,driver reports ice on roads in reading area,15,19.55,0
ORD-28819,2025-01-03 11:57:00,02149,02131,stat,St. Elizabeth's Medical,D012,2025-01-03 12:18:00,2025-01-03 12:40:00,2025-01-03 13:16:00,2025-01-03 12:55:00,Y,specimen labeled incorrectly by client,14,4.92,0
ORD-28820,03/03/2025 05:25,02121,02110,ROUTINE,Boston Medical Center,D034,2025-03-03 06:05:00,2025-03-03 06:30:00,2025-03-03 08:28:00,2025-03-03 11:25:00,Y,pickup completed but paperwork missing from package,26,10.9,0
ORD-28821,2025-03-23 09:49:00,02144,02110,STAT,BioReference Labs,D014,2025-03-23 10:24:00,,2025-03-23 12:10:00,2025-03-23 10:47:00,Y,,5,25.05,0
ORD-28822,01/13/2025 12:51,02139,02187,stat,Mass General Hospital,D021,2025-01-13 13:00:00,,2025-01-13 14:58:00,2025-01-13 13:25:00,N,specimen labeled incorrectly by client,24,27.11,0
ORD-28823,03-15-25 03:47 PM,02038,02198,Routine,BioReference Labs,D013,2025-03-15 16:03:00,2025-03-15 16:56:00,2025-03-15 18:08:00,2025-03-15 21:35:00,Y,pickup completed but paperwork missing from package,38,32.39,0
ORD-28824,2025/03/13 07:40,02129,02195,ROUTINE,Quest Diag,D033,2025-03-13 07:47:00,2025-03-13 08:30:00,2025-03-13 09:21:00,2025-03-13 13:17:00,Y,called client re specimen integrity - awaiting callback,26,13.69,0
ORD-28825,02/09/2025 07:56,02021,02107,STAT,Mass General Hospital,D030,2025-02-09 08:01:00,2025-02-09 08:44:00,2025-02-09 09:34:00,2025-02-09 08:30:00,Y,"wrong zip code on order, corrected",7,35.55,0
ORD-28826,03/12/2025 18:39,01867,02032,RUSH,Emerson Hospital,D028,2025-03-12 18:55:00,2025-03-12 19:45:00,2025-03-12 20:25:00,2025-03-12 20:17:00,Y,specimen labeled incorrectly by client,250,30.62,0
ORD-28827,,02110,02180,SAME-DAY,MGH,D038,2025-01-07 07:02:00,2025-01-07 07:43:00,2025-01-07 09:32:00,2025-01-07 10:33:00,Y,delayed at security checkpoint - id verification required,33,5.19,0
ORD-28828,01-08-25 03:31 PM,02032,02177,STAT,Brigham & Women's,D024,2025-01-08 16:05:00,,2025-01-08 17:54:00,2025-01-08 16:08:00,N,package refused by receiving staff - no signature authority,9,32.13,0
ORD-28829,02-25-25 01:58 PM,02126,02170,Rush,Northeast Labs,D001,2025-02-25 14:40:00,,2025-02-25 17:05:00,2025-02-25 15:18:00,Y,"client changed pickup time, driver redirected",15,7.47,0
ORD-28830,2025-02-23 12:47:00,02140,02038,Stat,South Shore Hospital,D025,2025-02-23 13:26:00,,,2025-02-23 13:47:00,Y,pickup completed but paperwork missing from package,233,14.35,0
ORD-28831,2025/02/07 12:57,02184,02131,STAT,BioReference Labs,D004,2025-02-07 13:30:00,2025-02-07 14:19:00,2025-02-07 16:06:00,2025-02-07 13:34:00,Y,redelivery needed: building locked,27,12.02,0
ORD-28832,2025/03/28 03:30,01880,02163,rush,Quest Diagnostics,D021,2025-03-28 03:48:00,2025-03-28 04:12:00,2025-03-28 06:00:00,2025-03-28 05:16:00,Y,delayed at security checkpoint - id verification required,10,22.93,0
ORD-28833,01/05/2025 13:57,01852,02145,stat,Boston Med Ctr,D031,2025-01-05 14:10:00,2025-01-05 14:28:00,2025-01-05 16:16:00,2025-01-05 14:51:00,Y,GPS routing error sent driver to wrong building,12,20.17,0
ORD-28834,02-19-25 12:12 PM,02125,02128,RUSH,Boston Medical Center,D033,2025-02-19 12:21:00,2025-02-19 13:20:00,2025-02-19 13:38:00,2025-02-19 13:32:00,N,"pickup not ready, driver waiting 15+ min",34,22.43,0
ORD-28835,2025/01/24 05:07,02190,02129,SAME-DAY,Emerson Hospital,D022,2025-01-24 05:40:00,2025-01-24 06:40:00,2025-01-24 08:14:00,2025-01-24 07:40:00,Y,specimen temp excursion possible - driver reports cooler malfunction,26,23.56,0
ORD-28836,03/20/2025 12:14,02061,02125,STAT,South Shore Hospital,D006,2025-03-20 12:24:00,2025-03-20 13:17:00,2025-03-20 13:33:00,2025-03-20 12:54:00,Y,redelivery needed: building locked,28,12.43,0
ORD-28837,,02106,02196,Routine,LabCorp,D013,2025-01-24 14:08:00,2025-01-24 14:37:00,,2025-01-24 18:08:00,N,,22,32.14,0
ORD-28838,2025-03-09 19:18:00,02056,02107,same-day,Brigham and Womens,D009,2025-03-09 19:39:00,2025-03-09 19:50:00,2025-03-09 20:48:00,2025-03-09 22:50:00,N,"driver stuck in traffic on 93, running ~20 min late",38,29.34,0
ORD-28839,2025/02/27 09:04,02030,02124,Rush,Quest Diagnostics,D025,2025-02-27 09:26:00,,2025-02-27 10:25:00,2025-02-27 10:51:00,Y,package refused by receiving staff - no signature authority,6,19.1,0
ORD-28840,2025-02-14 18:13:00,02116,02116,ROUTINE,Tufts Medical,D028,2025-02-14 18:24:00,2025-02-14 19:07:00,2025-02-14 19:23:00,2025-02-14 23:41:00,Y,"client called to confirm - specimen critical, needs STAT upgrade",17,11.64,0
ORD-28841,2025-03-15 08:01:00,01867,02170,ROUTINE,Northeast Labs,D023,2025-03-15 08:07:00,2025-03-15 08:46:00,2025-03-15 09:13:00,2025-03-15 12:30:00,N,"wrong zip code on order, corrected",9,34.13,0
ORD-28842,03/08/2025 06:29,02106,02144,Routine,Lowell General,D027,2025-03-08 07:07:00,2025-03-08 07:24:00,,2025-03-08 11:53:00,N,,38,8.59,0
ORD-28843,2025-01-09 14:28:00,02134,02149,RUSH,Quest Diagnostics,D036,2025-01-09 15:05:00,2025-01-09 15:47:00,,2025-01-09 16:19:00,Y,"wrong address on manifest, corrected enroute",41,14.79,0
ORD-28844,2025-01-13 12:01:00,02053,02199,STAT,Children's Hospital,UNASSIGNED,2025-01-13 12:22:00,,2025-01-13 13:50:00,2025-01-13 12:46:00,Y,"driver ran out of dry ice, needs resupply",24,10.13,0
ORD-28845,02-17-25 03:14 PM,02052,02129,same-day,South Shore Hospital,D033,2025-02-17 15:26:00,2025-02-17 15:58:00,2025-02-17 17:33:00,2025-02-17 17:26:00,Y,lab closed early today per client,35,11.52,0
ORD-28846,2025-01-23 15:38:00,02059,02185,RUSH,Mass General Hospital,D034,2025-01-23 15:55:00,2025-01-23 16:06:00,2025-01-23 17:07:00,2025-01-23 17:37:00,Y,traffic accident on route 1 delay,41,37.9,0
ORD-28847,2025/03/03 13:17,02038,02119,ROUTINE,Providence Health,D001,2025-03-03 13:31:00,2025-03-03 13:49:00,2025-03-03 15:40:00,2025-03-03 16:53:00,Y,pickup completed but paperwork missing from package,33,4.78,0
ORD-28848,01-31-25 07:52 AM,01864,02195,ROUTINE,BioReference Labs,D031,2025-01-31 07:58:00,2025-01-31 08:19:00,2025-01-31 10:00:00,2025-01-31 10:59:00,N,called client re specimen integrity - awaiting callback,13,32.86,1
ORD-28849,,02176,02163,Routine,Lowell General,D031,2025-03-10 09:40:00,2025-03-10 10:11:00,2025-03-10 11:25:00,2025-03-10 14:16:00,Y,"driver called in sick mid-route, reassigning trips",45,11.39,0
ORD-28850,02/22/2025 15:09,02124,02149,Routine,Lowell General,D011,2025-02-22 15:44:00,2025-02-22 16:36:00,2025-02-22 18:23:00,2025-02-22 19:17:00,Y,specimen labeled incorrectly by client,30,19.21,0
ORD-28851,02-08-25 08:11 PM,02125,02107,Routine,Emerson Hospital,D039,2025-02-08 20:19:00,2025-02-08 20:34:00,2025-02-08 22:03:00,2025-02-09 01:28:00,N,"client changed pickup time, driver redirected",24,28.01,0
ORD-28852,2025/02/11 13:31,02192,02104,Stat,Boston Medical Center,D012,2025-02-11 13:46:00,2025-02-11 14:20:00,2025-02-11 15:03:00,2025-02-11 14:10:00,Y,"wrong address on manifest, corrected enroute",30,8.72,0
ORD-28853,2025/03/03 13:15,02131,02133,ROUTINE,NE Labs,D028,2025-03-03 13:59:00,,2025-03-03 15:34:00,2025-03-03 17:38:00,Y,GPS routing error sent driver to wrong building,38,20.89,0
ORD-28854,2025-03-18 13:04:00,01845,02105,SAME-DAY,BioReference Labs,D023,2025-03-18 13:24:00,2025-03-18 13:57:00,2025-03-18 14:13:00,2025-03-18 15:40:00,Y,,6,34.51,0
ORD-28855,01/12/2025 14:31,02180,02139,ROUTINE,St. Elizabeth's Medical,D002,2025-01-12 15:04:00,2025-01-12 15:25:00,2025-01-12 16:58:00,2025-01-12 18:22:00,Y,"client changed pickup time, driver redirected",20,11.16,0
ORD-28856,2025-03-31 09:28:00,02197,02053,STAT,Childrens Hospital,D027,2025-03-31 10:09:00,2025-03-31 10:26:00,2025-03-31 11:12:00,2025-03-31 10:23:00,Y,"pickup not ready, driver waiting 15+ min",16,26.3,0
ORD-28857,03/09/2025 10:23,02066,02163,stat,MGH,D035,2025-03-09 10:57:00,2025-03-09 11:18:00,2025-03-09 12:09:00,2025-03-09 11:02:00,Y,delayed at security checkpoint - id verification required,17,9.28,0
ORD-28858,03/17/2025 15:26,02196,02144,Stat,BioReference Labs,D017,2025-03-17 15:36:00,2025-03-17 16:09:00,2025-03-17 16:26:00,2025-03-17 16:23:00,Y,specimen container damaged on pickup,44,6.85,0
ORD-28859,01-30-25 01:31 PM,01880,02198,Rush,Tufts Medical,D028,2025-01-30 13:59:00,2025-01-30 14:43:00,2025-01-30 16:32:00,2025-01-30 14:43:00,Y,"elevator down at 15 Elm St, driver using stairs",34,5.28,0
ORD-28860,2025-01-15 11:01:00,02066,02148,routine,Brigham & Women's,D031,2025-01-15 11:12:00,,2025-01-15 12:06:00,2025-01-15 16:55:00,Y,package refused by receiving staff - no signature authority,7,35.18,0
ORD-28861,2025-02-21 09:31:00,02102,02067,rush,Tufts Med Center,D014,2025-02-21 09:53:00,2025-02-21 10:52:00,2025-02-21 11:36:00,2025-02-21 11:31:00,Y,,29,12.27,0
ORD-28862,04-01-25 12:26 PM,02109,02198,SAME-DAY,Children's Hospital,D001,2025-04-01 12:45:00,2025-04-01 13:34:00,2025-04-01 14:34:00,2025-04-01 15:27:00,Y,"wrong zip code on order, corrected",21,25.25,0
ORD-28863,2025-01-05 10:59:00,01880,02151,routine,Cape Cod Hospital,D008,2025-01-05 11:07:00,2025-01-05 11:59:00,2025-01-05 12:58:00,2025-01-05 14:44:00,Y,package refused by receiving staff - no signature authority,34,8.67,0
ORD-28864,01-26-25 10:16 AM,01803,02072,Routine,Children's Hospital,D039,2025-01-26 10:33:00,2025-01-26 11:18:00,2025-01-26 11:58:00,2025-01-26 13:29:00,N,driver reports ice on roads in reading area,40,26.66,1
ORD-28865,2025/02/20 07:43,02045,02113,stat,Cape Cod Hospital,D013,2025-02-20 08:24:00,2025-02-20 09:07:00,2025-02-20 10:19:00,2025-02-20 08:22:00,Y,"driver vehicle breakdown, transfer to DD002 in progress",9,23.99,0
ORD-28866,02/20/2025 11:31,02105,02197,RUSH,Lowell General,D020,2025-02-20 12:03:00,,2025-02-20 13:28:00,2025-02-20 13:17:00,Y,"driver called in sick mid-route, reassigning trips",35,21.49,0
ORD-28867,02/09/2025 01:33,02185,02108,RUSH,Boston Med Ctr,D017,2025-02-09 01:37:00,2025-02-09 02:17:00,2025-02-09 03:57:00,2025-02-09 03:06:00,Y,,11,17.53,0
ORD-28868,02/19/2025 09:12,02021,02186,stat,Boston Medical Center,D029,2025-02-19 09:55:00,2025-02-19 10:24:00,,2025-02-19 09:48:00,N,"client changed pickup time, driver redirected",33,26.11,0
ORD-28869,03/16/2025 10:05,02054,02113,STAT,LabCorp,D037,2025-03-16 10:42:00,2025-03-16 10:52:00,2025-03-16 12:17:00,2025-03-16 10:36:00,Y,,17,34.72,0
ORD-28870,2025-01-11 07:39:00,02185,02152,RUSH,Cape Cod Hospital,D004,2025-01-11 07:42:00,2025-01-11 08:22:00,2025-01-11 09:13:00,2025-01-11 08:41:00,Y,recipient not available at delivery location,13,21.88,0
ORD-28871,03/14/2025 11:12,02197,02118,Rush,BioReference Labs,D003,2025-03-14 11:20:00,2025-03-14 12:03:00,2025-03-14 12:19:00,2025-03-14 12:24:00,Y,,45,30.86,0
ORD-28872,03-14-25 02:51 AM,02104,02105,ROUTINE,Children's Hospital,D036,2025-03-14 03:36:00,,2025-03-14 06:01:00,2025-03-14 06:26:00,Y,lab closed early today per client,11,13.26,0
ORD-28873,,02067,02191,ROUTINE,Mass General Hospital,D005,2025-02-27 09:16:00,2025-02-27 10:02:00,2025-02-27 10:42:00,2025-02-27 13:57:00,Y,called client re specimen integrity - awaiting callback,17,12.27,0
ORD-28874,02/12/2025 09:44,02132,02151,STAT,BioReference Labs,D007,2025-02-12 10:21:00,2025-02-12 11:08:00,2025-02-12 12:46:00,2025-02-12 10:26:00,Y,"driver ran out of dry ice, needs resupply",28,20.21,0
ORD-28875,2025-03-15 10:44:00,02021,02187,ROUTINE,Cape Cod Hospital,D024,2025-03-15 11:11:00,2025-03-15 11:54:00,2025-03-15 13:17:00,2025-03-15 15:56:00,Y,"elevator down at 15 Elm St, driver using stairs",43,18.17,0
ORD-28876,2025-02-15 07:59:00,02193,02131,same-day,Emerson Hospital,D034,2025-02-15 08:32:00,2025-02-15 09:06:00,2025-02-15 10:31:00,2025-02-15 11:56:00,Y,"driver stuck in traffic on 93, running ~20 min late",12,35.58,0
ORD-28877,2025/03/26 06:18,01864,02047,Routine,Labcorp Inc,D008,2025-03-26 06:21:00,2025-03-26 06:40:00,,2025-03-26 11:34:00,Y,delayed at security checkpoint - id verification required,25,30.36,0
ORD-28878,03/09/2025 02:34,01864,02156,SAME-DAY,Cape Cod Hospital,D016,2025-03-09 03:19:00,2025-03-09 03:40:00,2025-03-09 05:03:00,2025-03-09 04:36:00,Y,"elevator down at 15 Elm St, driver using stairs",194,16.77,0
ORD-28879,2025/01/02 19:05,02113,02061,ROUTINE,Brigham & Women's,D007,2025-01-02 19:14:00,2025-01-02 20:09:00,2025-01-02 21:43:00,2025-01-03 00:40:00,Y,,32,30.87,0
ORD-28880,03-25-25 12:15 PM,02038,02120,Routine,Children's Hospital,D016,2025-03-25 12:43:00,2025-03-25 13:14:00,2025-03-25 14:58:00,2025-03-25 15:27:00,N,delayed at security checkpoint - id verification required,35,6.84,0
ORD-28881,2025/01/04 17:09,01880,02126,STAT,Mass General Hospital,D032,2025-01-04 17:30:00,2025-01-04 18:23:00,2025-01-04 20:03:00,2025-01-04 18:06:00,N,"driver ran out of dry ice, needs resupply",41,19.58,0
ORD-28882,2025-02-06 18:01:00,02060,02196,Rush,Quest Diag,D038,2025-02-06 18:15:00,2025-02-06 19:15:00,2025-02-06 20:01:00,2025-02-06 19:56:00,Y,driver cannot locate parking at hospital,14,24.36,0
ORD-28883,2025/02/25 21:24,02130,02103,SAME-DAY,Childrens Hospital,D025,2025-02-25 21:54:00,2025-02-25 22:17:00,2025-02-25 22:58:00,2025-02-25 23:34:00,N,specimen container damaged on pickup,233,26.02,1
ORD-28884,,02177,02052,stat,Quest Diagnostics,D016,2025-03-29 15:44:00,2025-03-29 16:01:00,2025-03-29 17:05:00,2025-03-29 16:02:00,Y,"driver ran out of dry ice, needs resupply",42,37.92,0
ORD-28885,2025-02-06 14:57:00,02108,02151,routine,South Shore Hospital,D022,2025-02-06 15:10:00,2025-02-06 16:09:00,2025-02-06 16:54:00,2025-02-06 20:24:00,Y,called client re specimen integrity - awaiting callback,6,30.4,0
ORD-28886,02/19/2025 11:04,01864,02052,Routine,Childrens Hospital,D002,2025-02-19 11:44:00,,2025-02-19 12:26:00,2025-02-19 15:44:00,Y,,19,28.03,0
ORD-28887,02/13/2025 14:14,02193,02149,ROUTINE,Brigham and Womens,D028,2025-02-13 14:40:00,,2025-02-13 15:49:00,2025-02-13 19:29:00,N,lab closed early today per client,39,25.82,0
ORD-28888,03/19/2025 17:03,02188,02050,STAT,Northeast Laboratory,D037,2025-03-19 17:43:00,2025-03-19 18:34:00,2025-03-19 18:57:00,2025-03-19 17:46:00,Y,specimen temp excursion possible - driver reports cooler malfunction,29,5.42,0
ORD-28889,02/15/2025 10:09,02195,02191,routine,Tufts Medical,D027,2025-02-15 10:43:00,2025-02-15 11:06:00,,2025-02-15 15:00:00,Y,,33,20.63,0
ORD-28890,02/14/2025 19:40,02105,02163,ROUTINE,South Shore Hospital,D004,2025-02-14 20:11:00,2025-02-14 21:07:00,2025-02-14 21:48:00,2025-02-14 23:06:00,Y,"driver stuck in traffic on 93, running ~20 min late",37,34.07,0
ORD-28891,2025-01-15 10:58:00,01864,02129,Routine,Providence Health,D038,2025-01-15 11:24:00,2025-01-15 12:19:00,2025-01-15 13:05:00,2025-01-15 14:05:00,Y,redelivery needed: building locked,353,12.01,0
ORD-28892,2025-02-16 16:10:00,02056,02163,RUSH,Brigham & Women's,D035,2025-02-16 16:13:00,2025-02-16 16:38:00,2025-02-16 17:40:00,2025-02-16 18:01:00,Y,recipient not available at delivery location,5,34.39,0
ORD-28893,2025/03/23 10:40,02184,02061,RUSH,Northeast Labs,D007,2025-03-23 11:19:00,2025-03-23 12:08:00,,2025-03-23 12:31:00,Y,pickup completed but paperwork missing from package,35,13.59,0
ORD-28894,2025-02-24 07:06:00,02110,02151,routine,Northeast Labs,D016,2025-02-24 07:30:00,2025-02-24 07:45:00,2025-02-24 08:33:00,2025-02-24 10:46:00,Y,"client changed pickup time, driver redirected",21,31.13,0
ORD-28895,2025-02-07 07:20:00,01852,02032,SAME-DAY,South Shore Hospital,D032,2025-02-07 07:42:00,,2025-02-07 09:21:00,2025-02-07 10:14:00,Y,called client re specimen integrity - awaiting callback,29,29.43,0
ORD-28896,02/21/2025 03:13,02126,02047,ROUTINE,Providence Health,D035,2025-02-21 03:52:00,2025-02-21 04:37:00,2025-02-21 05:53:00,2025-02-21 06:39:00,Y,,36,30.13,0
ORD-28897,2025-03-31 14:08:00,01864,02192,STAT,Lowell General,D014,2025-03-31 14:17:00,2025-03-31 14:39:00,2025-03-31 15:33:00,2025-03-31 14:39:00,Y,package refused by receiving staff - no signature authority,27,4.89,0
ORD-28898,01-18-25 03:36 PM,02187,02194,ROUTINE,Quest Diagnostics,D027,2025-01-18 16:15:00,,2025-01-18 18:43:00,2025-01-18 19:20:00,Y,specimen labeled incorrectly by client,21,26.51,0
ORD-28899,2025/03/18 12:28,02118,02066,RUSH,Northeast Laboratory,D005,2025-03-18 12:55:00,,2025-03-18 13:43:00,2025-03-18 13:35:00,Y,specimen container damaged on pickup,39,32.03,0
ORD-28900,03/09/2025 14:40,02138,02127,Rush,Labcorp Inc,D031,2025-03-09 15:00:00,2025-03-09 15:18:00,2025-03-09 17:09:00,2025-03-09 16:38:00,Y,,38,37.11,0
ORD-28901,02/09/2025 21:25,02110,02200,Routine,Quest Diag,D024,2025-02-09 21:57:00,2025-02-09 22:11:00,2025-02-10 00:10:00,2025-02-10 02:17:00,Y,lab closed early today per client,44,26.06,0
ORD-28902,2025-02-10 13:04:00,02019,02163,same-day,MGH,D005,2025-02-10 13:49:00,2025-02-10 14:33:00,2025-02-10 16:10:00,2025-02-10 17:01:00,Y,package refused by receiving staff - no signature authority,11,22.14,0
ORD-28903,2025/04/01 09:30,02053,02019,STAT,LabCorp,D007,2025-04-01 09:33:00,2025-04-01 10:14:00,,2025-04-01 10:30:00,Y,"driver called in sick mid-route, reassigning trips",27,33.89,0
ORD-28904,2025/02/08 23:56,02138,02177,RUSH,Northeast Laboratory,D019,2025-02-09 00:17:00,2025-02-09 00:33:00,2025-02-09 01:32:00,2025-02-09 01:52:00,N,"client changed pickup time, driver redirected",13,31.07,0
ORD-28905,2025/03/22 12:07,02199,02180,routine,Quest Diagnostics,D039,2025-03-22 12:40:00,2025-03-22 13:32:00,2025-03-22 14:07:00,2025-03-22 15:46:00,Y,"client called to confirm - specimen critical, needs STAT upgrade",25,27.92,0
ORD-28906,2025/02/17 13:48,02030,02130,SAME-DAY,LabCorp,D013,2025-02-17 14:05:00,2025-02-17 14:38:00,2025-02-17 15:25:00,2025-02-17 16:14:00,Y,"wrong address on manifest, corrected enroute",37,17.81,0
ORD-28907,02-03-25 10:28 AM,02107,02199,SAME-DAY,St. Elizabeth's Medical,D009,2025-02-03 11:09:00,2025-02-03 11:30:00,2025-02-03 13:05:00,2025-02-03 13:20:00,Y,"client changed pickup time, driver redirected",13,26.69,0
ORD-28908,02/27/2025 09:40,01851,02148,Routine,Children's Hospital,D032,2025-02-27 10:24:00,,2025-02-27 11:52:00,2025-02-27 12:43:00,Y,"client called to confirm - specimen critical, needs STAT upgrade",23,24.27,0
ORD-28909,02-05-25 11:11 AM,01864,02144,RUSH,Lowell General,D039,2025-02-05 11:51:00,2025-02-05 12:35:00,2025-02-05 14:04:00,2025-02-05 12:15:00,N,lab closed early today per client,38,12.86,1
ORD-28910,2025/01/30 10:56,02133,02200,routine,Children's Hospital,D005,2025-01-30 11:18:00,,2025-01-30 12:48:00,2025-01-30 16:23:00,Y,driver reports ice on roads in reading area,36,7.02,0
ORD-28911,02/04/2025 19:17,02067,02054,ROUTINE,NE Labs,D040,2025-02-04 19:49:00,,2025-02-04 21:31:00,2025-02-04 22:43:00,Y,package refused by receiving staff - no signature authority,29,5.47,0
ORD-28912,2025/02/02 20:08,02030,02126,STAT,Childrens Hospital,D032,2025-02-02 20:23:00,,2025-02-02 22:59:00,2025-02-02 20:43:00,N,GPS routing error sent driver to wrong building,22,36.42,0
ORD-28913,2025/01/18 13:05,02134,02110,rush,MGH,D015,2025-01-18 13:48:00,2025-01-18 14:37:00,2025-01-18 16:22:00,2025-01-18 14:15:00,Y,delayed at security checkpoint - id verification required,11,4.86,0
ORD-28914,2025-02-11 15:54:00,01841,02056,SAME-DAY,BioReference Labs,D016,2025-02-11 15:57:00,2025-02-11 16:15:00,2025-02-11 17:50:00,2025-02-11 18:10:00,N,called client re specimen integrity - awaiting callback,31,12.29,0
ORD-28915,2025-02-04 04:37:00,01867,02067,ROUTINE,Brigham & Women's,D011,2025-02-04 05:15:00,2025-02-04 05:36:00,2025-02-04 07:01:00,2025-02-04 09:22:00,Y,"driver stuck in traffic on 93, running ~20 min late",41,22.79,0
ORD-28916,01/24/2025 09:19,02116,02072,Routine,BioReference Labs,D034,2025-01-24 09:26:00,2025-01-24 10:08:00,,2025-01-24 13:14:00,N,specimen container damaged on pickup,10,19.97,1
ORD-28917,03-01-25 03:18 PM,02180,02125,ROUTINE,BioReference Labs,D017,2025-03-01 15:33:00,2025-03-01 16:17:00,2025-03-01 17:33:00,2025-03-01 19:27:00,N,called client re specimen integrity - awaiting callback,37,13.64,0
ORD-28918,02/12/2025 16:46,01803,02060,SAME-DAY,Emerson Hospital,D007,2025-02-12 17:16:00,,2025-02-12 18:47:00,2025-02-12 20:07:00,Y,,40,20.12,0
ORD-28919,2025-01-26 14:02:00,02135,02035,SAME-DAY,Brigham & Women's,D019,2025-01-26 14:27:00,2025-01-26 15:11:00,2025-01-26 16:14:00,2025-01-26 16:20:00,N,specimen container damaged on pickup,9,20.57,0
ORD-28920,2025/01/06 12:09,02185,02197,STAT,MGH,D013,2025-01-06 12:28:00,2025-01-06 13:22:00,2025-01-06 14:49:00,2025-01-06 12:59:00,Y,,20,19.33,0
ORD-28921,2025-03-12 08:32:00,02050,02150,RUSH,Northeast Laboratory,D027,2025-03-12 09:06:00,,2025-03-12 11:25:00,2025-03-12 10:23:00,Y,dispatcher note: double-check temp on this one before logging,19,8.0,0
ORD-28922,01-14-25 01:51 PM,02169,02059,Rush,MGH,D034,2025-01-14 14:09:00,2025-01-14 14:41:00,2025-01-14 15:27:00,2025-01-14 15:24:00,Y,,15,10.04,0
ORD-28923,2025/02/28 01:25,02192,02035,ROUTINE,Tufts Medical,D032,2025-02-28 01:43:00,2025-02-28 02:27:00,2025-02-28 02:46:00,2025-02-28 06:53:00,Y,"pickup not ready, driver waiting 15+ min",8,19.17,0
ORD-28924,2025-03-24 07:27:00,02142,02107,Routine,MGH,D015,2025-03-24 07:54:00,2025-03-24 08:19:00,,2025-03-24 11:55:00,Y,redelivery needed: building locked,9,13.07,0
ORD-28925,03/18/2025 17:55,01886,02038,stat,Emerson Hospital,D029,2025-03-18 18:10:00,2025-03-18 19:02:00,2025-03-18 19:30:00,2025-03-18 18:51:00,Y,delayed at security checkpoint - id verification required,21,36.6,0
ORD-28926,03-25-25 10:46 AM,02142,02115,STAT,Quest Diag,D033,2025-03-25 10:52:00,2025-03-25 11:02:00,2025-03-25 11:39:00,2025-03-25 11:26:00,Y,"wrong zip code on order, corrected",15,28.02,0
ORD-28927,2025/03/25 12:36,01843,02122,RUSH,St. Elizabeth's Medical,D008,2025-03-25 13:14:00,2025-03-25 13:43:00,2025-03-25 15:30:00,2025-03-25 14:22:00,Y,,437,21.94,0
ORD-28928,2025-02-23 09:09:00,02019,02194,STAT,Children's Hospital,D036,2025-02-23 09:31:00,2025-02-23 10:07:00,2025-02-23 11:08:00,2025-02-23 10:05:00,Y,pickup completed but paperwork missing from package,5,12.08,0
ORD-28929,2025-01-02 10:27:00,02155,02148,Stat,Northeast Labs,D034,2025-01-02 10:53:00,,2025-01-02 12:55:00,2025-01-02 11:02:00,Y,delayed at security checkpoint - id verification required,32,9.49,0
ORD-28930,01/25/2025 08:43,02170,02171,ROUTINE,BioReference Labs,D027,2025-01-25 08:50:00,2025-01-25 09:28:00,2025-01-25 11:07:00,2025-01-25 12:45:00,N,driver reports ice on roads in reading area,30,25.61,0
ORD-28931,2025-02-28 17:16:00,02199,02102,STAT,Tufts Med Center,D020,2025-02-28 17:48:00,2025-02-28 18:40:00,2025-02-28 20:37:00,2025-02-28 17:58:00,Y,,28,23.66,0
ORD-28932,01/05/2025 10:05,02194,02107,ROUTINE,MGH,D025,2025-01-05 10:30:00,2025-01-05 10:49:00,2025-01-05 12:33:00,2025-01-05 14:33:00,Y,"driver vehicle breakdown, transfer to DD020 in progress",34,6.48,0
ORD-28933,2025-03-24 22:33:00,01845,02035,routine,Emerson Hospital,D030,2025-03-24 22:42:00,2025-03-24 23:10:00,2025-03-24 23:32:00,2025-03-25 03:46:00,Y,specimen temp excursion possible - driver reports cooler malfunction,42,5.7,0
ORD-28934,01/05/2025 14:20,02144,02001,rush,Boston Med Ctr,D005,2025-01-05 14:52:00,2025-01-05 15:02:00,2025-01-05 16:21:00,2025-01-05 16:12:00,Y,specimen container damaged on pickup,9,37.32,0
ORD-28935,2025-01-03 14:04:00,02144,02048,same-day,Children's Hospital,D018,2025-01-03 14:15:00,2025-01-03 14:40:00,2025-01-03 15:49:00,2025-01-03 17:14:00,Y,recipient not available at delivery location,20,34.53,0
ORD-28936,2025-02-26 09:10:00,02125,02191,routine,Boston Medical Center,D033,2025-02-26 09:29:00,2025-02-26 09:46:00,2025-02-26 11:27:00,2025-02-26 13:47:00,Y,,20,9.79,0
ORD-28937,2025-03-05 04:54:00,02104,02109,ROUTINE,Childrens Hospital,D006,2025-03-05 05:23:00,,2025-03-05 07:42:00,2025-03-05 09:41:00,N,,41,9.57,0
ORD-28938,01-30-25 10:12 AM,01867,02194,STAT,Cape Cod Hospital,D039,2025-01-30 10:43:00,,2025-01-30 12:56:00,2025-01-30 10:44:00,N,lab closed early today per client,36,32.2,0
ORD-28939,2025-02-26 11:15:00,02197,02177,Rush,LabCorp,D028,2025-02-26 11:41:00,2025-02-26 12:19:00,2025-02-26 13:00:00,2025-02-26 12:16:00,Y,"client called to confirm - specimen critical, needs STAT upgrade",16,25.3,0
ORD-28940,2025/03/19 05:14,02035,02030,Same-Day,Lowell General,D001,2025-03-19 05:38:00,2025-03-19 05:48:00,2025-03-19 06:31:00,2025-03-19 07:41:00,Y,dispatcher note: double-check temp on this one before logging,7,14.32,0
ORD-28941,03/05/2025 18:22,02136,02197,ROUTINE,Tufts Med Center,D012,2025-03-05 18:56:00,2025-03-05 19:21:00,2025-03-05 19:42:00,2025-03-05 22:37:00,Y,"client called to confirm - specimen critical, needs STAT upgrade",9,5.81,0
ORD-28942,2025-01-26 10:22:00,02138,02169,Rush,Cape Cod Hospital,D020,2025-01-26 10:26:00,2025-01-26 10:41:00,2025-01-26 12:04:00,2025-01-26 11:43:00,Y,,22,35.18,0
ORD-28943,03/05/2025 10:37,02185,02185,ROUTINE,Brigham & Women's,D004,2025-03-05 10:45:00,2025-03-05 11:04:00,2025-03-05 12:34:00,2025-03-05 15:07:00,Y,"client changed pickup time, driver redirected",44,11.39,0
ORD-28944,2025/03/03 06:59,01845,02025,stat,Boston Medical Center,D002,2025-03-03 07:37:00,2025-03-03 07:54:00,,2025-03-03 07:54:00,Y,driver reports ice on roads in reading area,8,27.3,0
ORD-28945,02/27/2025 10:13,02050,02122,ROUTINE,Boston Medical Center,D018,2025-02-27 10:37:00,2025-02-27 11:31:00,2025-02-27 12:16:00,2025-02-27 14:40:00,Y,"wrong zip code on order, corrected",45,20.06,0
ORD-28946,2025-02-06 08:55:00,02156,02129,Routine,Emerson Hospital,D041,2025-02-06 09:39:00,2025-02-06 10:33:00,2025-02-06 12:02:00,2025-02-06 12:17:00,Y,specimen container damaged on pickup,14,25.0,0
ORD-28947,2025/01/27 21:39,02171,02127,RUSH,Providence Health,D039,2025-01-27 22:06:00,2025-01-27 22:42:00,2025-01-28 00:05:00,2025-01-27 23:03:00,Y,recipient not available at delivery location,10,15.78,0
ORD-28948,02/22/2025 09:05,02195,02104,Stat,LabCorp,D007,2025-02-22 09:42:00,2025-02-22 09:55:00,2025-02-22 11:36:00,2025-02-22 09:59:00,N,redelivery needed: building locked,6,32.93,0
ORD-28949,03/04/2025 11:51,01854,02128,Same-Day,Northeast Labs,D018,2025-03-04 12:07:00,2025-03-04 12:19:00,2025-03-04 13:43:00,2025-03-04 14:45:00,Y,pickup completed but paperwork missing from package,43,12.34,0
ORD-28950,03/10/2025 07:54,02129,02054,Same-Day,Northeast Labs,D040,2025-03-10 08:28:00,2025-03-10 09:11:00,2025-03-10 10:50:00,2025-03-10 10:02:00,Y,,29,4.72,0
ORD-28951,03/27/2025 15:56,02060,02113,Rush,Northeast Laboratory,UNASSIGNED,2025-03-27 16:29:00,2025-03-27 16:45:00,2025-03-27 17:23:00,2025-03-27 17:52:00,Y,"driver stuck in traffic on 93, running ~20 min late",44,21.54,0
ORD-28952,2025/01/12 11:03,01803,02107,ROUTINE,LabCorp,D024,2025-01-12 11:06:00,2025-01-12 11:22:00,2025-01-12 13:00:00,2025-01-12 16:18:00,Y,,8,35.67,0
ORD-28953,03/18/2025 13:16,01863,02152,RUSH,MGH,D013,2025-03-18 14:00:00,2025-03-18 14:26:00,2025-03-18 15:06:00,2025-03-18 14:29:00,N,,10,27.18,1
ORD-28954,01-02-25 07:32 AM,02195,02129,Stat,Northeast Labs,D041,2025-01-02 07:39:00,2025-01-02 07:57:00,2025-01-02 08:42:00,2025-01-02 08:15:00,Y,"driver stuck in traffic on 93, running ~20 min late",21,27.07,0
ORD-28955,03/04/2025 20:16,02194,02045,SAME-DAY,Northeast Labs,D033,2025-03-04 20:25:00,2025-03-04 20:36:00,2025-03-04 21:06:00,2025-03-04 23:37:00,Y,"driver stuck in traffic on 93, running ~20 min late",40,32.13,0
ORD-28956,03/04/2025 12:21,02197,02129,RUSH,Emerson Hospital,D016,2025-03-04 12:46:00,2025-03-04 13:45:00,2025-03-04 15:26:00,2025-03-04 13:50:00,N,"wrong address on manifest, corrected enroute",9,36.29,1
ORD-28957,2025/01/27 15:25,02025,02169,stat,South Shore Hospital,D002,2025-01-27 15:54:00,,2025-01-27 16:41:00,2025-01-27 16:18:00,Y,recipient not available at delivery location,12,31.29,0
ORD-28958,03-27-25 03:35 PM,02186,02141,same-day,LabCorp,D029,2025-03-27 16:18:00,2025-03-27 16:54:00,2025-03-27 17:39:00,2025-03-27 19:28:00,Y,"driver stuck in traffic on 93, running ~20 min late",20,26.28,0
ORD-28959,02/26/2025 15:00,02185,02134,stat,Boston Med Ctr,D040,2025-02-26 15:41:00,2025-02-26 16:19:00,2025-02-26 16:50:00,2025-02-26 15:30:00,N,"client called to confirm - specimen critical, needs STAT upgrade",24,5.04,0
ORD-28960,02/13/2025 05:57,02169,02127,ROUTINE,St. Elizabeth's Medical,D017,2025-02-13 06:00:00,2025-02-13 06:59:00,2025-02-13 08:27:00,2025-02-13 10:44:00,Y,,40,16.5,0
ORD-28961,2025-02-19 08:47:00,02142,02195,ROUTINE,Childrens Hospital,D003,2025-02-19 09:04:00,2025-02-19 09:51:00,2025-02-19 10:26:00,2025-02-19 13:03:00,N,"driver vehicle breakdown, transfer to DD007 in progress",18,29.17,1
ORD-28962,2025/01/13 15:56,02156,02105,SAME-DAY,Emerson Hospital,D011,2025-01-13 16:38:00,,,2025-01-13 18:12:00,Y,"driver called in sick mid-route, reassigning trips",5,33.67,0
ORD-28963,03/05/2025 13:01,02163,02185,RUSH,Northeast Laboratory,UNASSIGNED,2025-03-05 13:15:00,2025-03-05 13:47:00,2025-03-05 14:43:00,2025-03-05 14:33:00,Y,"driver stuck in traffic on 93, running ~20 min late",32,11.96,0
ORD-28964,03/24/2025 15:17,02114,02141,RUSH,Tufts Medical,D001,2025-03-24 15:42:00,2025-03-24 16:14:00,2025-03-24 16:58:00,2025-03-24 16:48:00,Y,"driver stuck in traffic on 93, running ~20 min late",7,37.61,0
ORD-28965,2025/03/05 10:14,02136,02127,RUSH,Childrens Hospital,D039,2025-03-05 10:45:00,2025-03-05 11:26:00,2025-03-05 12:30:00,2025-03-05 11:49:00,N,delayed at security checkpoint - id verification required,11,33.75,0
ORD-28966,2025-03-06 09:25:00,02054,02109,routine,Mass General Hospital,D020,2025-03-06 09:29:00,2025-03-06 09:54:00,2025-03-06 10:22:00,2025-03-06 15:23:00,Y,"driver vehicle breakdown, transfer to DD040 in progress",28,30.66,0
ORD-28967,2025-03-02 06:59:00,02192,02067,stat,Quest Diagnostics,UNASSIGNED,2025-03-02 07:36:00,2025-03-02 08:26:00,2025-03-02 10:10:00,2025-03-02 07:57:00,Y,GPS routing error sent driver to wrong building,19,10.63,0
ORD-28968,03/12/2025 15:09,02156,02107,STAT,Quest Diagnostics,D026,2025-03-12 15:29:00,2025-03-12 16:23:00,2025-03-12 17:48:00,2025-03-12 16:07:00,Y,delayed at security checkpoint - id verification required,30,35.26,0
ORD-28969,01/06/2025 07:53,01862,02194,rush,Mass General Hospital,D003,2025-01-06 08:38:00,2025-01-06 09:38:00,2025-01-06 11:03:00,2025-01-06 09:10:00,N,specimen labeled incorrectly by client,28,4.79,0
ORD-28970,01-10-25 10:34 AM,02194,02177,ROUTINE,Mass General Hospital,D025,2025-01-10 10:50:00,2025-01-10 11:45:00,2025-01-10 13:27:00,2025-01-10 14:10:00,Y,lab closed early today per client,32,36.54,0
ORD-28971,2025-02-13 09:07:00,02115,02047,rush,Mass General Hospital,D023,2025-02-13 09:15:00,2025-02-13 09:33:00,2025-02-13 10:49:00,2025-02-13 10:42:00,Y,,43,20.15,0
ORD-28972,2025/02/16 12:16,02196,02140,RUSH,Childrens Hospital,D015,2025-02-16 12:44:00,2025-02-16 13:20:00,2025-02-16 13:42:00,2025-02-16 13:34:00,Y,"driver called in sick mid-route, reassigning trips",5,27.82,0
ORD-28973,02/10/2025 00:47,01879,02163,STAT,Emerson Hospital,D041,2025-02-10 00:53:00,2025-02-10 01:49:00,2025-02-10 02:06:00,2025-02-10 01:19:00,N,GPS routing error sent driver to wrong building,23,34.34,1
ORD-28974,01-26-25 07:22 AM,02119,02169,ROUTINE,Emerson Hospital,D002,2025-01-26 07:28:00,2025-01-26 08:12:00,2025-01-26 10:06:00,2025-01-26 10:47:00,Y,lab closed early today per client,39,14.91,0
ORD-28975,03/30/2025 19:21,02145,02109,stat,South Shore Hospital,D010,2025-03-30 20:02:00,2025-03-30 20:15:00,2025-03-30 21:22:00,2025-03-30 19:58:00,Y,"driver vehicle breakdown, transfer to DD008 in progress",35,29.35,0
ORD-28976,03-22-25 09:09 AM,02126,02171,Rush,Tufts Med Center,D014,2025-03-22 09:54:00,2025-03-22 10:30:00,2025-03-22 11:59:00,2025-03-22 10:38:00,Y,called client re specimen integrity - awaiting callback,42,34.29,0
ORD-28977,2025-02-21 08:35:00,02138,02047,ROUTINE,Quest Diag,D029,2025-02-21 08:45:00,2025-02-21 09:00:00,2025-02-21 10:59:00,2025-02-21 13:38:00,Y,lab closed early today per client,38,22.26,0
ORD-28978,02/27/2025 02:27,02114,02035,ROUTINE,Childrens Hospital,D029,2025-02-27 02:39:00,2025-02-27 03:15:00,2025-02-27 05:00:00,2025-02-27 06:21:00,N,redelivery needed: building locked,38,18.47,0
ORD-28979,2025-03-27 15:14:00,01840,02189,ROUTINE,Boston Med Ctr,D041,2025-03-27 15:28:00,2025-03-27 16:12:00,2025-03-27 17:53:00,2025-03-27 18:21:00,Y,"wrong zip code on order, corrected",42,15.28,0
ORD-28980,2025/03/21 10:47,01851,02043,Stat,Boston Med Ctr,D039,2025-03-21 10:56:00,2025-03-21 11:14:00,2025-03-21 13:01:00,2025-03-21 11:26:00,Y,"wrong address on manifest, corrected enroute",22,31.69,0
ORD-28981,2025/03/09 07:54,02169,02150,Routine,Lowell General,D017,2025-03-09 08:11:00,2025-03-09 08:34:00,2025-03-09 09:28:00,2025-03-09 11:09:00,N,,29,24.74,0
ORD-28982,01/18/2025 21:22,02019,02136,ROUTINE,NE Labs,D020,2025-01-18 22:04:00,2025-01-18 23:04:00,2025-01-19 00:58:00,2025-01-19 02:41:00,Y,delayed at security checkpoint - id verification required,23,12.77,0
ORD-28983,,02114,02043,Routine,NE Labs,D031,2025-01-19 10:54:00,2025-01-19 11:13:00,2025-01-19 12:05:00,2025-01-19 13:53:00,Y,,7,33.67,0
ORD-28984,02/10/2025 07:14,02110,02045,rush,South Shore Hospital,D010,2025-02-10 07:22:00,2025-02-10 07:38:00,,2025-02-10 08:24:00,Y,,44,25.31,0
ORD-28985,2025/01/14 07:30,02114,02125,routine,Providence Health,D019,2025-01-14 07:34:00,2025-01-14 08:12:00,2025-01-14 08:47:00,2025-01-14 12:57:00,Y,"wrong address on manifest, corrected enroute",27,7.6,0
ORD-28986,2025/03/20 16:39,01862,02188,same-day,Children's Hospital,D023,2025-03-20 17:23:00,2025-03-20 18:17:00,2025-03-20 19:23:00,2025-03-20 19:09:00,Y,"driver ran out of dry ice, needs resupply",30,26.92,0
ORD-28987,,02156,02148,RUSH,Labcorp Inc,UNASSIGNED,2025-03-24 14:10:00,2025-03-24 14:53:00,2025-03-24 15:28:00,2025-03-24 15:33:00,Y,"driver called in sick mid-route, reassigning trips",36,24.76,0
ORD-28988,2025-03-14 13:04:00,02113,02110,routine,NE Labs,D013,2025-03-14 13:33:00,2025-03-14 14:05:00,2025-03-14 14:49:00,2025-03-14 16:34:00,Y,recipient not available at delivery location,10,27.51,0
ORD-28989,03-05-25 03:27 PM,02050,02145,RUSH,Tufts Med Center,D014,2025-03-05 16:06:00,2025-03-05 16:57:00,,2025-03-05 17:21:00,Y,"client called to confirm - specimen critical, needs STAT upgrade",140,29.0,0
ORD-28990,2025-01-30 16:37:00,02103,02110,same-day,Quest Diag,D011,2025-01-30 17:19:00,2025-01-30 17:54:00,2025-01-30 19:08:00,2025-01-30 19:09:00,Y,"driver stuck in traffic on 93, running ~20 min late",43,5.5,0
ORD-28991,2025/02/11 11:27,02139,02113,RUSH,Northeast Labs,D010,2025-02-11 11:55:00,2025-02-11 12:07:00,2025-02-11 12:24:00,2025-02-11 12:53:00,Y,"client changed pickup time, driver redirected",405,21.37,0
ORD-28992,03/27/2025 09:28,02053,02142,Same-Day,Mass General Hospital,D034,2025-03-27 10:05:00,2025-03-27 10:35:00,2025-03-27 11:06:00,2025-03-27 11:59:00,Y,called client re specimen integrity - awaiting callback,26,12.14,0
ORD-28993,01/28/2025 08:49,02187,02163,Routine,Tufts Medical,D039,2025-01-28 09:24:00,2025-01-28 09:36:00,2025-01-28 11:03:00,2025-01-28 14:05:00,Y,,230,8.11,0
ORD-28994,02-11-25 07:40 PM,02163,02152,STAT,Labcorp Inc,D001,2025-02-11 20:25:00,2025-02-11 21:07:00,2025-02-11 21:55:00,2025-02-11 20:37:00,Y,"client called to confirm - specimen critical, needs STAT upgrade",8,30.78,0
ORD-28995,01/30/2025 12:51,02131,02127,STAT,St. Elizabeth's Medical,D018,2025-01-30 13:32:00,2025-01-30 14:15:00,2025-01-30 16:02:00,2025-01-30 13:33:00,Y,,6,34.77,0
ORD-28996,2025-03-08 16:17:00,02019,02030,ROUTINE,Emerson Hospital,D025,2025-03-08 16:36:00,,2025-03-08 18:29:00,2025-03-08 21:59:00,N,"client called to confirm - specimen critical, needs STAT upgrade",239,21.91,1
ORD-28997,2025-01-20 14:13:00,02148,02125,stat,LabCorp,D021,2025-01-20 14:36:00,2025-01-20 15:17:00,2025-01-20 16:58:00,2025-01-20 14:44:00,Y,package refused by receiving staff - no signature authority,45,26.3,0
ORD-28998,2025/03/12 17:40,02108,02122,STAT,St. Elizabeth's Medical,D029,2025-03-12 18:14:00,2025-03-12 18:55:00,2025-03-12 20:01:00,2025-03-12 18:24:00,Y,,37,10.85,0
ORD-28999,2025/01/03 11:16,02118,02130,ROUTINE,Boston Med Ctr,UNASSIGNED,2025-01-03 11:21:00,2025-01-03 12:16:00,2025-01-03 13:21:00,2025-01-03 15:41:00,Y,delayed at security checkpoint - id verification required,39,16.35,0
ORD-29000,2025-02-10 11:49:00,02169,02135,Rush,Emerson Hospital,UNASSIGNED,2025-02-10 11:56:00,2025-02-10 12:50:00,2025-02-10 14:17:00,2025-02-10 13:11:00,N,traffic accident on route 1 delay,38,28.62,0
ORD-29001,2025-01-09 08:56:00,01801,02113,RUSH,Brigham and Womens,D001,2025-01-09 08:59:00,2025-01-09 09:32:00,2025-01-09 11:23:00,2025-01-09 10:38:00,Y,"elevator down at 15 Elm St, driver using stairs",39,34.38,0
ORD-29002,02/08/2025 15:21,01843,02140,SAME-DAY,NE Labs,D029,2025-02-08 15:57:00,2025-02-08 16:20:00,2025-02-08 17:13:00,2025-02-08 18:18:00,Y,recipient not available at delivery location,38,11.14,0
ORD-29003,2025-02-16 11:36:00,01862,02054,Rush,LabCorp,D015,2025-02-16 12:20:00,2025-02-16 12:53:00,2025-02-16 14:52:00,2025-02-16 13:02:00,Y,delayed at security checkpoint - id verification required,17,18.82,0
ORD-29004,02/04/2025 15:11,02198,02019,STAT,Cape Cod Hospital,D001,2025-02-04 15:18:00,2025-02-04 15:43:00,2025-02-04 17:16:00,2025-02-04 16:04:00,Y,delayed at security checkpoint - id verification required,37,29.49,0
ORD-29005,02/08/2025 08:11,02054,02153,ROUTINE,Quest Diagnostics,D020,2025-02-08 08:55:00,2025-02-08 09:25:00,2025-02-08 10:03:00,2025-02-08 11:51:00,Y,"driver ran out of dry ice, needs resupply",30,15.68,0
ORD-29006,2025/03/17 15:14,02150,02035,ROUTINE,Boston Medical Center,D028,2025-03-17 15:26:00,2025-03-17 16:00:00,2025-03-17 17:23:00,2025-03-17 18:39:00,Y,specimen temp excursion possible - driver reports cooler malfunction,34,24.48,0
ORD-29007,2025/01/11 08:46,02066,02187,STAT,Quest Diagnostics,D006,2025-01-11 09:05:00,2025-01-11 09:24:00,2025-01-11 10:44:00,2025-01-11 09:41:00,Y,"driver vehicle breakdown, transfer to DD022 in progress",44,21.99,0
ORD-29008,02/17/2025 17:52,02108,02130,ROUTINE,Mass General Hospital,D018,2025-02-17 18:05:00,,2025-02-17 20:16:00,2025-02-17 21:03:00,N,"driver called in sick mid-route, reassigning trips",30,32.38,0
ORD-29009,03-18-25 01:17 PM,02156,02134,routine,Quest Diag,D037,2025-03-18 13:43:00,2025-03-18 14:13:00,2025-03-18 15:44:00,2025-03-18 18:16:00,Y,"driver stuck in traffic on 93, running ~20 min late",35,19.09,0
ORD-29010,03-05-25 01:52 PM,02131,02130,ROUTINE,Labcorp Inc,D004,2025-03-05 14:01:00,2025-03-05 14:52:00,2025-03-05 15:51:00,2025-03-05 17:43:00,Y,"elevator down at 15 Elm St, driver using stairs",39,7.62,0
ORD-29011,2025-03-11 09:34:00,02129,02103,RUSH,Providence Health,D019,2025-03-11 09:55:00,,2025-03-11 11:02:00,2025-03-11 10:44:00,Y,"pickup not ready, driver waiting 15+ min",38,9.61,0
ORD-29012,2025/03/02 07:07,01810,02126,STAT,Northeast Labs,D029,2025-03-02 07:25:00,2025-03-02 07:57:00,2025-03-02 09:32:00,2025-03-02 07:48:00,Y,traffic accident on route 1 delay,21,4.51,0
ORD-29013,2025/01/14 10:50,02143,02186,ROUTINE,LabCorp,D027,2025-01-14 10:55:00,2025-01-14 11:51:00,2025-01-14 13:25:00,2025-01-14 16:28:00,Y,called client re specimen integrity - awaiting callback,37,6.88,0
ORD-29014,2025/01/18 14:44,02153,02109,routine,Quest Diagnostics,D017,2025-01-18 15:21:00,2025-01-18 16:07:00,2025-01-18 16:35:00,2025-01-18 18:28:00,Y,"driver vehicle breakdown, transfer to DD002 in progress",30,6.75,0
ORD-29015,,02131,02111,Rush,St. Elizabeth's Medical,D029,2025-01-23 15:34:00,2025-01-23 15:45:00,2025-01-23 16:40:00,2025-01-23 16:35:00,Y,"driver stuck in traffic on 93, running ~20 min late",30,15.3,0
ORD-29016,2025/01/07 05:28,02060,02030,STAT,Lowell General,D035,2025-01-07 06:12:00,2025-01-07 06:24:00,2025-01-07 07:54:00,2025-01-07 06:04:00,Y,,19,5.07,0
ORD-29017,,02150,02067,ROUTINE,Children's Hospital,D023,2025-02-10 14:05:00,2025-02-10 14:39:00,2025-02-10 16:12:00,2025-02-10 17:23:00,Y,,40,6.87,0
ORD-29018,01/14/2025 07:54,02118,02124,STAT,NE Labs,D039,2025-01-14 08:31:00,,2025-01-14 10:43:00,2025-01-14 08:28:00,Y,"driver called in sick mid-route, reassigning trips",21,6.86,0
ORD-29019,03/20/2025 19:05,01803,02135,Stat,BioReference Labs,D039,2025-03-20 19:38:00,2025-03-20 20:08:00,2025-03-20 21:29:00,2025-03-20 19:36:00,Y,package refused by receiving staff - no signature authority,45,14.26,0
ORD-29020,03-15-25 08:38 AM,01860,02200,STAT,Cape Cod Hospital,D018,2025-03-15 09:01:00,2025-03-15 09:28:00,,2025-03-15 09:12:00,N,"driver called in sick mid-route, reassigning trips",25,29.2,0
ORD-29021,2025/02/13 11:40,01841,02185,STAT,Northeast Laboratory,D039,2025-02-13 11:55:00,2025-02-13 12:45:00,2025-02-13 13:24:00,2025-02-13 12:35:00,Y,package refused by receiving staff - no signature authority,8,30.31,0
ORD-29022,01/25/2025 16:00,02170,02193,RUSH,Brigham & Women's,D014,2025-01-25 16:19:00,2025-01-25 16:58:00,2025-01-25 18:26:00,2025-01-25 17:28:00,Y,,14,34.89,0
ORD-29023,2025/01/20 10:05,02025,02198,STAT,Boston Medical Center,D012,2025-01-20 10:08:00,2025-01-20 10:38:00,,2025-01-20 10:39:00,Y,,25,6.07,0
ORD-29024,2025-03-15 15:37:00,02184,02126,ROUTINE,Brigham & Women's,D027,2025-03-15 15:58:00,2025-03-15 16:47:00,2025-03-15 18:24:00,2025-03-15 20:38:00,N,lab closed early today per client,26,6.92,0
ORD-29025,01/19/2025 11:16,02188,02116,Rush,Boston Medical Center,D023,2025-01-19 11:50:00,2025-01-19 12:36:00,2025-01-19 13:36:00,2025-01-19 12:58:00,Y,"driver stuck in traffic on 93, running ~20 min late",21,32.79,0
ORD-29026,01-08-25 10:19 AM,02116,02195,Routine,Boston Med Ctr,D020,2025-01-08 10:25:00,2025-01-08 11:14:00,2025-01-08 12:52:00,2025-01-08 15:08:00,Y,,11,33.59,0
ORD-29027,,02047,02030,Routine,BioReference Labs,D001,2025-02-27 17:57:00,2025-02-27 18:12:00,2025-02-27 19:20:00,2025-02-27 21:02:00,Y,recipient not available at delivery location,28,34.66,0
ORD-29028,03/02/2025 17:20,02191,02171,stat,St. Elizabeth's Medical,D011,2025-03-02 18:03:00,2025-03-02 18:59:00,2025-03-02 19:46:00,2025-03-02 18:01:00,Y,"driver stuck in traffic on 93, running ~20 min late",33,15.33,0
ORD-29029,2025-03-01 12:57:00,01852,02145,Routine,St. Elizabeth's Medical,D035,2025-03-01 13:37:00,2025-03-01 14:18:00,2025-03-01 15:32:00,2025-03-01 18:51:00,Y,recipient not available at delivery location,24,35.58,0
ORD-29030,03/07/2025 02:47,01879,02116,STAT,Brigham and Womens,D031,2025-03-07 03:03:00,,2025-03-07 05:36:00,2025-03-07 03:27:00,N,specimen labeled incorrectly by client,16,30.02,1
ORD-29031,02/07/2025 07:57,02155,02114,ROUTINE,Brigham and Womens,D021,2025-02-07 08:14:00,2025-02-07 08:42:00,2025-02-07 10:02:00,2025-02-07 11:15:00,Y,lab closed early today per client,31,24.82,0
ORD-29032,2025-02-02 14:07:00,02131,02107,ROUTINE,Brigham and Womens,D007,2025-02-02 14:25:00,2025-02-02 14:47:00,2025-02-02 16:14:00,2025-02-02 18:38:00,Y,package refused by receiving staff - no signature authority,8,11.25,0
ORD-29033,01-11-25 09:43 AM,02104,02190,SAME-DAY,Children's Hospital,D016,2025-01-11 10:18:00,2025-01-11 10:50:00,2025-01-11 11:59:00,2025-01-11 11:46:00,Y,"elevator down at 15 Elm St, driver using stairs",29,21.38,0
ORD-29034,01-26-25 03:50 AM,02121,02184,routine,MGH,D014,2025-01-26 04:11:00,2025-01-26 05:07:00,2025-01-26 05:22:00,2025-01-26 08:21:00,Y,"pickup not ready, driver waiting 15+ min",30,12.04,0
ORD-29035,2025-01-22 07:52:00,02145,02198,SAME-DAY,Brigham & Women's,D041,2025-01-22 07:55:00,2025-01-22 08:09:00,2025-01-22 09:41:00,2025-01-22 10:02:00,Y,"elevator down at 15 Elm St, driver using stairs",6,32.75,0
ORD-29036,2025-03-10 07:31:00,02170,02116,rush,Quest Diag,D034,2025-03-10 07:55:00,2025-03-10 08:40:00,2025-03-10 10:16:00,2025-03-10 08:38:00,N,"elevator down at 15 Elm St, driver using stairs",33,29.16,0
ORD-29037,2025/02/04 09:22,02067,02185,RUSH,Tufts Medical,D022,2025-02-04 10:03:00,2025-02-04 10:24:00,2025-02-04 11:46:00,2025-02-04 10:35:00,N,"driver ran out of dry ice, needs resupply",12,4.97,1
ORD-29038,2025-01-25 13:23:00,02047,02048,RUSH,Childrens Hospital,D021,2025-01-25 13:36:00,,2025-01-25 15:06:00,2025-01-25 15:07:00,Y,lab closed early today per client,45,7.31,0
ORD-29039,2025/01/15 03:27,02071,02121,ROUTINE,Northeast Laboratory,D017,2025-01-15 03:52:00,2025-01-15 04:18:00,2025-01-15 05:28:00,2025-01-15 06:44:00,Y,delayed at security checkpoint - id verification required,8,31.76,0
ORD-29040,02-25-25 09:09 AM,02043,02185,stat,Providence Health,D015,2025-02-25 09:24:00,2025-02-25 09:36:00,2025-02-25 10:48:00,2025-02-25 09:40:00,Y,recipient not available at delivery location,9,27.37,0
ORD-29041,2025/01/12 14:11,01876,02184,Routine,Children's Hospital,D036,2025-01-12 14:30:00,2025-01-12 14:49:00,2025-01-12 16:43:00,2025-01-12 19:29:00,Y,"client changed pickup time, driver redirected",23,9.77,0
ORD-29042,01/17/2025 12:32,01851,02054,Routine,Brigham & Women's,D023,2025-01-17 13:06:00,2025-01-17 13:28:00,2025-01-17 13:46:00,2025-01-17 18:11:00,Y,recipient not available at delivery location,39,32.19,0
ORD-29043,02/18/2025 09:25,02169,02184,Same-Day,MGH,D007,2025-02-18 10:03:00,,2025-02-18 11:39:00,2025-02-18 13:16:00,Y,package refused by receiving staff - no signature authority,42,14.24,0
ORD-29044,03-08-25 08:55 AM,02125,02145,STAT,Boston Med Ctr,D032,2025-03-08 09:40:00,2025-03-08 10:12:00,2025-03-08 12:05:00,2025-03-08 09:37:00,Y,package refused by receiving staff - no signature authority,33,13.99,0
ORD-29045,2025-03-27 13:53:00,02030,02032,routine,Labcorp Inc,D009,2025-03-27 14:28:00,2025-03-27 14:44:00,2025-03-27 15:09:00,2025-03-27 18:58:00,N,"driver stuck in traffic on 93, running ~20 min late",23,21.13,0
ORD-29046,2025-03-03 08:19:00,02071,02120,STAT,Lowell General,D001,2025-03-03 08:30:00,2025-03-03 09:11:00,2025-03-03 09:31:00,2025-03-03 09:04:00,Y,specimen temp excursion possible - driver reports cooler malfunction,45,27.24,0
ORD-29047,01/17/2025 10:37,02199,02109,SAME-DAY,Childrens Hospital,D038,2025-01-17 11:05:00,2025-01-17 11:46:00,2025-01-17 13:25:00,2025-01-17 13:09:00,N,redelivery needed: building locked,29,6.2,0
ORD-29048,2025/02/14 17:43,02156,02195,ROUTINE,Quest Diagnostics,D020,2025-02-14 18:03:00,2025-02-14 18:21:00,,2025-02-14 21:52:00,Y,pickup completed but paperwork missing from package,37,14.26,0
ORD-29049,2025-02-16 08:27:00,02153,02142,RUSH,Brigham & Women's,D012,2025-02-16 09:01:00,2025-02-16 09:37:00,2025-02-16 10:45:00,2025-02-16 09:42:00,Y,"pickup not ready, driver waiting 15+ min",28,32.57,0
ORD-29050,2025-01-13 14:53:00,02026,02127,STAT,Boston Med Ctr,D035,2025-01-13 15:02:00,2025-01-13 15:38:00,,2025-01-13 15:35:00,N,"pickup not ready, driver waiting 15+ min",38,18.46,0
ORD-29051,,02071,02045,same-day,Tufts Med Center,D036,2025-03-05 18:18:00,2025-03-05 19:12:00,2025-03-05 20:22:00,2025-03-05 20:42:00,Y,called client re specimen integrity - awaiting callback,44,33.81,0
ORD-29052,,01864,02151,STAT,Brigham and Womens,D031,2025-03-24 12:12:00,2025-03-24 12:56:00,2025-03-24 13:52:00,2025-03-24 12:44:00,N,"wrong address on manifest, corrected enroute",45,28.26,0
ORD-29053,2025-03-07 11:09:00,02062,02035,Routine,Childrens Hospital,D011,2025-03-07 11:16:00,2025-03-07 12:12:00,2025-03-07 14:05:00,2025-03-07 15:44:00,Y,traffic accident on route 1 delay,20,10.67,0
ORD-29054,01/06/2025 02:06,02138,02050,ROUTINE,Mass General Hospital,D040,2025-01-06 02:31:00,2025-01-06 03:20:00,2025-01-06 03:54:00,2025-01-06 06:18:00,Y,dispatcher note: double-check temp on this one before logging,219,12.24,0
ORD-29055,2025/02/16 07:20,02135,02136,ROUTINE,St. Elizabeth's Medical,D036,2025-02-16 07:36:00,2025-02-16 08:27:00,2025-02-16 10:07:00,2025-02-16 12:15:00,Y,"wrong address on manifest, corrected enroute",30,24.96,0
ORD-29056,2025-01-17 09:20:00,02019,02026,Rush,South Shore Hospital,D020,2025-01-17 09:53:00,2025-01-17 10:23:00,2025-01-17 12:00:00,2025-01-17 11:00:00,N,"driver vehicle breakdown, transfer to DD018 in progress",13,23.14,0
ORD-29057,03/09/2025 19:37,02038,02150,ROUTINE,Childrens Hospital,D036,2025-03-09 20:03:00,2025-03-09 20:45:00,2025-03-09 21:24:00,2025-03-10 01:08:00,Y,driver cannot locate parking at hospital,6,33.38,0
ORD-29058,2025-02-28 11:09:00,02199,02185,STAT,Northeast Labs,D009,2025-02-28 11:43:00,2025-02-28 12:40:00,2025-02-28 13:53:00,2025-02-28 11:39:00,Y,"driver called in sick mid-route, reassigning trips",23,35.42,0
ORD-29059,2025-01-08 12:38:00,02113,02134,Rush,Tufts Med Center,D034,2025-01-08 13:02:00,2025-01-08 13:59:00,2025-01-08 15:11:00,2025-01-08 14:01:00,N,recipient not available at delivery location,29,10.02,1
ORD-29060,01/13/2025 06:33,01880,02052,routine,St. Elizabeth's Medical,D041,2025-01-13 07:11:00,2025-01-13 07:41:00,2025-01-13 09:19:00,2025-01-13 09:53:00,Y,recipient not available at delivery location,28,14.92,0
ORD-29061,2025-02-25 08:15:00,02155,02066,ROUTINE,Providence Health,D017,2025-02-25 08:27:00,2025-02-25 09:03:00,2025-02-25 10:14:00,2025-02-25 11:40:00,Y,"driver stuck in traffic on 93, running ~20 min late",29,6.24,0
ORD-29062,02/13/2025 19:58,01841,02052,STAT,Emerson Hospital,D015,2025-02-13 20:39:00,2025-02-13 21:36:00,2025-02-13 23:29:00,2025-02-13 20:50:00,Y,"pickup not ready, driver waiting 15+ min",9,25.96,0
ORD-29063,01/29/2025 10:27,02072,02059,ROUTINE,Northeast Laboratory,D022,2025-01-29 10:41:00,,2025-01-29 11:52:00,2025-01-29 15:08:00,Y,"driver vehicle breakdown, transfer to DD021 in progress",39,34.4,0
ORD-29064,2025-01-03 09:31:00,01841,02192,same-day,Mass General Hospital,D002,2025-01-03 10:02:00,2025-01-03 10:33:00,2025-01-03 11:19:00,2025-01-03 11:32:00,Y,delayed at security checkpoint - id verification required,34,6.49,0
ORD-29065,2025-03-03 15:27:00,02156,02156,RUSH,St. Elizabeth's Medical,D021,2025-03-03 15:51:00,2025-03-03 16:15:00,2025-03-03 17:43:00,2025-03-03 16:59:00,Y,"pickup not ready, driver waiting 15+ min",24,6.52,0
ORD-29066,01-18-25 07:00 AM,02108,02177,RUSH,LabCorp,D032,2025-01-18 07:45:00,2025-01-18 08:39:00,2025-01-18 09:41:00,2025-01-18 08:26:00,N,"driver called in sick mid-route, reassigning trips",45,8.78,1
ORD-29067,2025/02/09 19:07,01876,02197,ROUTINE,Quest Diagnostics,D016,2025-02-09 19:50:00,2025-02-09 20:01:00,2025-02-09 21:16:00,2025-02-09 23:47:00,Y,,31,20.5,0
ORD-29068,2025-01-31 19:04:00,02132,02115,stat,MGH,D039,2025-01-31 19:21:00,2025-01-31 19:39:00,2025-01-31 20:24:00,2025-01-31 20:00:00,N,traffic accident on route 1 delay,44,22.04,0
ORD-29069,03/01/2025 07:49,01862,02126,routine,Tufts Medical,D008,2025-03-01 08:14:00,2025-03-01 08:37:00,2025-03-01 10:32:00,2025-03-01 11:02:00,Y,,19,8.11,0
ORD-29070,2025-03-10 00:21:00,01886,02105,Routine,Northeast Labs,D039,2025-03-10 00:39:00,2025-03-10 01:29:00,,2025-03-10 06:21:00,Y,delayed at security checkpoint - id verification required,21,29.97,0
ORD-29071,2025-02-14 15:00:00,02192,02190,rush,Brigham and Womens,D009,2025-02-14 15:05:00,,2025-02-14 16:50:00,2025-02-14 16:35:00,Y,"pickup not ready, driver waiting 15+ min",33,28.17,0
ORD-29072,03/14/2025 06:15,01864,02124,Stat,Boston Medical Center,D011,2025-03-14 06:53:00,2025-03-14 07:23:00,2025-03-14 07:48:00,2025-03-14 07:14:00,Y,"elevator down at 15 Elm St, driver using stairs",24,6.66,0
ORD-29073,02/04/2025 13:31,02145,02101,SAME-DAY,Quest Diagnostics,UNASSIGNED,2025-02-04 13:53:00,2025-02-04 14:31:00,2025-02-04 15:17:00,2025-02-04 15:39:00,N,called client re specimen integrity - awaiting callback,38,35.55,0
ORD-29074,01-08-25 05:26 PM,02032,02138,STAT,NE Labs,D003,2025-01-08 17:31:00,2025-01-08 18:10:00,2025-01-08 19:09:00,2025-01-08 18:02:00,N,delayed at security checkpoint - id verification required,12,12.1,0
ORD-29075,2025/02/23 11:26,02131,02019,Rush,Cape Cod Hospital,D036,2025-02-23 11:33:00,2025-02-23 12:12:00,2025-02-23 13:51:00,2025-02-23 12:31:00,Y,,13,12.75,0
ORD-29076,02/15/2025 16:58,01852,02145,Rush,Boston Med Ctr,D041,2025-02-15 17:11:00,2025-02-15 18:11:00,2025-02-15 19:04:00,2025-02-15 18:58:00,Y,"client changed pickup time, driver redirected",41,21.04,0
ORD-29077,03/13/2025 09:47,02111,02107,stat,LabCorp,D038,2025-03-13 10:18:00,2025-03-13 10:57:00,2025-03-13 12:28:00,2025-03-13 10:40:00,Y,"driver ran out of dry ice, needs resupply",36,33.93,0
ORD-29078,2025/01/14 11:26,02113,02032,ROUTINE,Mass General Hospital,D014,2025-01-14 11:56:00,2025-01-14 12:20:00,2025-01-14 13:51:00,2025-01-14 16:58:00,Y,"pickup not ready, driver waiting 15+ min",36,8.9,0
ORD-29079,01/28/2025 18:10,02053,02197,Same-Day,Boston Medical Center,D017,2025-01-28 18:39:00,,2025-01-28 20:51:00,2025-01-28 21:58:00,Y,delayed at security checkpoint - id verification required,19,11.59,0
ORD-29080,2025/02/26 07:42,02128,02120,stat,Quest Diag,D009,2025-02-26 08:02:00,2025-02-26 08:24:00,2025-02-26 09:56:00,2025-02-26 08:13:00,Y,recipient not available at delivery location,34,31.49,0
ORD-29081,03-14-25 06:53 PM,02199,02115,SAME-DAY,Mass General Hospital,D005,2025-03-14 19:22:00,2025-03-14 19:34:00,,2025-03-14 22:11:00,Y,dispatcher note: double-check temp on this one before logging,30,8.2,0
ORD-29082,03/14/2025 02:39,02038,02192,ROUTINE,Boston Medical Center,D033,2025-03-14 02:51:00,2025-03-14 03:39:00,2025-03-14 04:02:00,2025-03-14 06:22:00,N,package refused by receiving staff - no signature authority,21,6.63,0
ORD-29083,2025-01-04 05:57:00,02105,02061,RUSH,Lowell General,D002,2025-01-04 06:38:00,2025-01-04 07:11:00,2025-01-04 08:44:00,2025-01-04 07:55:00,Y,specimen container damaged on pickup,10,12.16,0
ORD-29084,2025/01/30 05:14,02131,02132,routine,MGH,D039,2025-01-30 05:25:00,2025-01-30 06:08:00,2025-01-30 07:57:00,2025-01-30 09:07:00,Y,"client called to confirm - specimen critical, needs STAT upgrade",30,34.35,0
ORD-29085,03-04-25 04:10 PM,02106,02125,Routine,Childrens Hospital,D039,2025-03-04 16:27:00,2025-03-04 16:43:00,2025-03-04 18:11:00,2025-03-04 19:52:00,Y,,33,35.65,0
ORD-29086,01/02/2025 12:44,02043,02102,stat,Quest Diagnostics,D003,2025-01-02 12:47:00,2025-01-02 13:07:00,2025-01-02 14:50:00,2025-01-02 13:35:00,Y,GPS routing error sent driver to wrong building,22,29.39,0
ORD-29087,03-23-25 08:24 PM,02110,02177,RUSH,NE Labs,D031,2025-03-23 20:58:00,2025-03-23 21:28:00,2025-03-23 23:13:00,2025-03-23 21:31:00,Y,traffic accident on route 1 delay,45,29.15,0
ORD-29088,02/26/2025 09:06,02021,02101,STAT,Cape Cod Hospital,D040,2025-02-26 09:09:00,2025-02-26 09:54:00,2025-02-26 10:36:00,2025-02-26 09:43:00,N,"driver vehicle breakdown, transfer to DD009 in progress",37,14.86,0
ORD-29089,02/09/2025 09:27,02130,02045,STAT,Children's Hospital,D036,2025-02-09 09:33:00,2025-02-09 10:01:00,2025-02-09 11:51:00,2025-02-09 10:26:00,Y,GPS routing error sent driver to wrong building,24,33.0,0
ORD-29090,2025-01-10 09:06:00,02128,02122,ROUTINE,Northeast Laboratory,UNASSIGNED,2025-01-10 09:17:00,2025-01-10 09:59:00,2025-01-10 11:21:00,2025-01-10 14:33:00,Y,package refused by receiving staff - no signature authority,39,14.44,0
ORD-29091,02/12/2025 15:56,02054,02043,routine,St. Elizabeth's Medical,D010,2025-02-12 16:33:00,2025-02-12 16:55:00,2025-02-12 17:12:00,2025-02-12 21:51:00,Y,"driver stuck in traffic on 93, running ~20 min late",121,34.12,0
ORD-29092,2025-02-13 10:57:00,02114,02188,ROUTINE,Mass General Hospital,D028,2025-02-13 11:16:00,2025-02-13 11:50:00,2025-02-13 13:22:00,2025-02-13 16:48:00,N,recipient not available at delivery location,30,32.32,0
ORD-29093,2025-01-23 14:27:00,02129,02186,Same-Day,Providence Health,D019,2025-01-23 15:02:00,2025-01-23 15:51:00,2025-01-23 16:46:00,2025-01-23 18:16:00,Y,package refused by receiving staff - no signature authority,13,26.81,0
ORD-29094,2025/01/12 09:49,02103,02105,RUSH,Childrens Hospital,D036,2025-01-12 09:56:00,2025-01-12 10:35:00,2025-01-12 11:30:00,2025-01-12 10:50:00,N,pickup completed but paperwork missing from package,28,19.89,1
ORD-29095,02/04/2025 22:31,02142,02200,ROUTINE,MGH,D003,2025-02-04 22:37:00,2025-02-04 22:47:00,2025-02-04 23:20:00,2025-02-05 03:43:00,Y,"wrong zip code on order, corrected",8,22.0,0
ORD-29096,03/16/2025 17:45,02121,02060,SAME-DAY,Mass General Hospital,D009,2025-03-16 18:11:00,2025-03-16 18:24:00,2025-03-16 20:04:00,2025-03-16 20:32:00,Y,called client re specimen integrity - awaiting callback,33,10.45,0
ORD-29097,01/20/2025 07:44,02192,02105,STAT,LabCorp,D026,2025-01-20 08:26:00,2025-01-20 09:21:00,2025-01-20 11:09:00,2025-01-20 08:20:00,N,,44,25.64,1
ORD-29098,01/21/2025 08:35,02134,02043,Routine,Northeast Laboratory,D006,2025-01-21 09:11:00,2025-01-21 10:10:00,2025-01-21 10:59:00,2025-01-21 13:38:00,N,specimen container damaged on pickup,27,5.28,0
ORD-29099,2025/01/28 13:37,02126,02142,ROUTINE,Childrens Hospital,D026,2025-01-28 14:10:00,2025-01-28 14:33:00,2025-01-28 15:17:00,2025-01-28 16:49:00,Y,recipient not available at delivery location,20,5.83,0
ORD-29100,2025-03-09 08:10:00,01803,02128,same-day,Children's Hospital,D041,2025-03-09 08:43:00,2025-03-09 09:10:00,2025-03-09 11:07:00,2025-03-09 11:17:00,N,dispatcher note: double-check temp on this one before logging,28,19.47,0
ORD-29101,2025-03-29 15:54:00,01850,02155,SAME-DAY,Boston Med Ctr,D026,2025-03-29 16:13:00,2025-03-29 17:01:00,2025-03-29 17:59:00,2025-03-29 18:32:00,N,"wrong address on manifest, corrected enroute",35,36.89,0
ORD-29102,,02062,02143,SAME-DAY,Emerson Hospital,D004,2025-01-13 12:54:00,2025-01-13 13:26:00,2025-01-13 13:59:00,2025-01-13 15:54:00,Y,called client re specimen integrity - awaiting callback,17,10.57,0
ORD-29103,,02136,02176,Routine,Quest Diagnostics,D001,2025-04-01 10:07:00,2025-04-01 10:26:00,2025-04-01 11:03:00,2025-04-01 13:29:00,Y,GPS routing error sent driver to wrong building,34,19.43,0
ORD-29104,2025/01/13 03:45,02198,02114,Routine,NE Labs,D041,2025-01-13 03:48:00,2025-01-13 04:06:00,2025-01-13 04:49:00,2025-01-13 07:25:00,Y,"elevator down at 15 Elm St, driver using stairs",24,27.55,0
ORD-29105,2025-02-04 09:52:00,02187,02149,Rush,Boston Med Ctr,D020,2025-02-04 10:01:00,2025-02-04 10:16:00,2025-02-04 10:53:00,2025-02-04 11:24:00,N,"pickup not ready, driver waiting 15+ min",42,35.31,1
ORD-29106,2025-01-31 18:40:00,02048,02053,Same-Day,MGH,D028,2025-01-31 18:46:00,2025-01-31 19:33:00,,2025-01-31 21:38:00,Y,delayed at security checkpoint - id verification required,168,16.33,0
ORD-29107,2025-01-05 15:04:00,01841,02195,routine,Children's Hospital,D024,2025-01-05 15:19:00,2025-01-05 15:50:00,2025-01-05 17:33:00,2025-01-05 19:36:00,Y,"wrong address on manifest, corrected enroute",28,11.24,0
ORD-29108,01/21/2025 05:39,02032,02045,RUSH,MGH,D018,2025-01-21 06:22:00,,2025-01-21 08:25:00,2025-01-21 06:49:00,Y,"driver called in sick mid-route, reassigning trips",39,6.27,0
ORD-29109,2025/02/24 08:33,01862,02035,RUSH,Lowell General,D038,2025-02-24 09:13:00,2025-02-24 10:06:00,2025-02-24 10:48:00,2025-02-24 10:12:00,Y,"elevator down at 15 Elm St, driver using stairs",22,10.21,0
ORD-29110,03/09/2025 18:27,02121,02032,ROUTINE,Providence Health,D001,2025-03-09 18:36:00,2025-03-09 19:31:00,2025-03-09 20:09:00,2025-03-10 00:03:00,Y,specimen temp excursion possible - driver reports cooler malfunction,7,19.44,0
ORD-29111,02/06/2025 21:50,02050,02032,RUSH,Boston Med Ctr,D012,2025-02-06 22:27:00,2025-02-06 23:09:00,2025-02-06 23:35:00,2025-02-06 23:13:00,N,"driver vehicle breakdown, transfer to DD025 in progress",30,29.01,0
ORD-29112,2025/03/04 13:11,01879,02026,rush,Brigham & Women's,D028,2025-03-04 13:53:00,2025-03-04 14:04:00,2025-03-04 15:47:00,2025-03-04 14:21:00,Y,delayed at security checkpoint - id verification required,30,18.25,0
ORD-29113,01/08/2025 06:11,01841,02142,same-day,Northeast Labs,D014,2025-01-08 06:33:00,2025-01-08 07:13:00,2025-01-08 07:40:00,2025-01-08 09:29:00,Y,traffic accident on route 1 delay,36,32.73,0
ORD-29114,,02111,02104,RUSH,Boston Med Ctr,D035,2025-01-29 11:49:00,2025-01-29 12:24:00,2025-01-29 14:21:00,2025-01-29 12:52:00,Y,called client re specimen integrity - awaiting callback,42,12.85,0
ORD-29115,04/01/2025 14:50,02101,02026,RUSH,Quest Diag,D021,2025-04-01 15:09:00,2025-04-01 15:31:00,2025-04-01 17:30:00,2025-04-01 16:49:00,N,"wrong zip code on order, corrected",27,25.3,0
ORD-29116,2025/01/20 05:26,02150,02155,SAME-DAY,Mass General Hospital,D012,2025-01-20 05:46:00,2025-01-20 06:41:00,2025-01-20 06:57:00,2025-01-20 08:32:00,Y,lab closed early today per client,452,21.18,0
ORD-29117,03/16/2025 07:15,01850,02171,STAT,Mass General Hospital,D010,2025-03-16 07:38:00,2025-03-16 08:36:00,2025-03-16 10:13:00,2025-03-16 07:54:00,Y,"driver stuck in traffic on 93, running ~20 min late",13,36.26,0
ORD-29118,2025-01-28 07:30:00,01810,02130,ROUTINE,Brigham & Women's,D037,2025-01-28 07:39:00,2025-01-28 08:09:00,,2025-01-28 11:36:00,Y,,45,30.96,0
ORD-29119,2025-01-10 07:37:00,02103,02054,Stat,Boston Medical Center,D002,2025-01-10 08:00:00,2025-01-10 08:25:00,,2025-01-10 08:21:00,Y,"driver stuck in traffic on 93, running ~20 min late",23,11.2,0
ORD-29120,02/11/2025 02:30,02153,02115,ROUTINE,BioReference Labs,D040,2025-02-11 02:48:00,2025-02-11 03:27:00,2025-02-11 04:41:00,2025-02-11 08:02:00,Y,driver cannot locate parking at hospital,45,37.35,0
ORD-29121,2025/02/11 23:41,02038,02128,SAME-DAY,Emerson Hospital,D041,2025-02-11 23:59:00,2025-02-12 00:55:00,,2025-02-12 02:54:00,Y,dispatcher note: double-check temp on this one before logging,23,12.65,0
ORD-29122,03/09/2025 13:10,02047,02191,Routine,Lowell General,D031,2025-03-09 13:47:00,2025-03-09 14:47:00,2025-03-09 15:02:00,2025-03-09 17:29:00,Y,"wrong zip code on order, corrected",31,31.03,0
ORD-29123,2025-03-31 18:32:00,02102,02066,Same-Day,LabCorp,D008,2025-03-31 18:44:00,2025-03-31 19:43:00,2025-03-31 20:59:00,2025-03-31 20:45:00,Y,traffic accident on route 1 delay,31,37.59,0
ORD-29124,2025/01/30 16:55,02116,02102,Routine,Emerson Hospital,D021,2025-01-30 17:19:00,2025-01-30 17:51:00,2025-01-30 18:45:00,2025-01-30 21:20:00,Y,"wrong address on manifest, corrected enroute",22,11.89,0
ORD-29125,03/11/2025 10:19,02132,02144,STAT,Emerson Hospital,D011,2025-03-11 10:31:00,2025-03-11 11:03:00,,2025-03-11 11:11:00,N,"wrong zip code on order, corrected",5,26.99,0
ORD-29126,02-15-25 03:19 AM,02151,02125,ROUTINE,Boston Medical Center,D021,2025-02-15 03:54:00,2025-02-15 04:50:00,2025-02-15 06:33:00,2025-02-15 08:34:00,N,"wrong zip code on order, corrected",30,34.96,0
ORD-29127,2025-03-17 11:09:00,02052,02056,RUSH,Quest Diag,D036,2025-03-17 11:22:00,2025-03-17 12:03:00,2025-03-17 12:55:00,2025-03-17 12:55:00,Y,,39,16.46,0
ORD-29128,2025-03-06 07:03:00,01862,02052,STAT,Northeast Labs,UNASSIGNED,2025-03-06 07:14:00,2025-03-06 07:57:00,2025-03-06 09:06:00,2025-03-06 07:48:00,Y,"client changed pickup time, driver redirected",32,24.07,0
ORD-29129,2025-01-08 07:52:00,02038,02184,rush,LabCorp,D029,2025-01-08 08:34:00,2025-01-08 09:30:00,2025-01-08 10:23:00,2025-01-08 09:30:00,Y,redelivery needed: building locked,29,7.59,0
ORD-29130,02/22/2025 07:22,01886,02120,same-day,Mass General Hospital,D036,2025-02-22 07:50:00,2025-02-22 08:36:00,2025-02-22 09:12:00,2025-02-22 10:43:00,Y,,34,30.35,0
ORD-29131,2025-03-23 10:08:00,01852,02131,STAT,Quest Diag,D025,2025-03-23 10:20:00,,2025-03-23 11:17:00,2025-03-23 10:54:00,Y,driver cannot locate parking at hospital,35,37.14,0
ORD-29132,2025-03-13 09:40:00,02108,02019,Stat,LabCorp,D014,2025-03-13 10:00:00,2025-03-13 10:16:00,2025-03-13 10:41:00,2025-03-13 10:23:00,Y,GPS routing error sent driver to wrong building,16,22.7,0
ORD-29133,2025-01-08 09:25:00,01876,02060,SAME-DAY,Labcorp Inc,D018,2025-01-08 09:57:00,2025-01-08 10:07:00,2025-01-08 11:01:00,2025-01-08 11:27:00,Y,"pickup not ready, driver waiting 15+ min",5,34.96,0
ORD-29134,2025-02-23 00:23:00,01832,02140,routine,Tufts Med Center,D005,2025-02-23 00:34:00,2025-02-23 01:14:00,2025-02-23 01:58:00,2025-02-23 05:23:00,Y,called client re specimen integrity - awaiting callback,36,33.61,0
ORD-29135,2025-02-16 10:09:00,02062,02131,Routine,St. Elizabeth's Medical,D038,2025-02-16 10:15:00,2025-02-16 10:45:00,2025-02-16 12:19:00,2025-02-16 16:05:00,Y,driver cannot locate parking at hospital,11,18.65,0
ORD-29136,2025-02-07 14:33:00,02102,02118,ROUTINE,Quest Diag,D028,2025-02-07 14:36:00,,2025-02-07 15:38:00,2025-02-07 18:25:00,Y,"driver ran out of dry ice, needs resupply",19,28.63,0
ORD-29137,01-15-25 12:26 AM,02113,02105,Routine,Cape Cod Hospital,D028,2025-01-15 00:30:00,2025-01-15 01:25:00,2025-01-15 02:11:00,2025-01-15 04:59:00,Y,specimen temp excursion possible - driver reports cooler malfunction,34,13.91,0
ORD-29138,02-17-25 07:17 AM,01876,02062,STAT,Boston Med Ctr,D016,2025-02-17 07:32:00,2025-02-17 08:20:00,2025-02-17 08:42:00,2025-02-17 08:17:00,Y,recipient not available at delivery location,40,22.6,0
ORD-29139,03-05-25 05:22 PM,02110,02143,STAT,Brigham & Women's,D002,2025-03-05 17:26:00,2025-03-05 18:03:00,2025-03-05 18:38:00,2025-03-05 18:00:00,Y,dispatcher note: double-check temp on this one before logging,37,32.08,0
ORD-29140,03/15/2025 13:16,01821,02163,STAT,Quest Diagnostics,D030,2025-03-15 13:51:00,2025-03-15 14:43:00,2025-03-15 15:14:00,2025-03-15 14:10:00,Y,called client re specimen integrity - awaiting callback,17,18.89,0
ORD-29141,02/11/2025 07:01,02177,02196,RUSH,Tufts Med Center,D001,2025-02-11 07:15:00,2025-02-11 07:31:00,2025-02-11 08:31:00,2025-02-11 08:26:00,Y,,9,28.45,0
ORD-29142,2025-02-23 11:12:00,02156,02047,SAME-DAY,Quest Diagnostics,D024,2025-02-23 11:17:00,2025-02-23 11:31:00,,2025-02-23 14:16:00,Y,,27,19.11,0
ORD-29143,2025-02-17 09:29:00,02122,02140,ROUTINE,Cape Cod Hospital,D021,2025-02-17 09:51:00,2025-02-17 10:46:00,2025-02-17 12:39:00,2025-02-17 12:29:00,Y,delayed at security checkpoint - id verification required,19,35.34,0
ORD-29144,2025-03-08 17:59:00,02110,02103,SAME-DAY,Brigham & Women's,D039,2025-03-08 18:32:00,2025-03-08 19:32:00,2025-03-08 20:37:00,2025-03-08 20:24:00,N,GPS routing error sent driver to wrong building,24,7.3,1
ORD-29145,03/29/2025 07:23,02062,02198,routine,Tufts Med Center,D008,2025-03-29 08:00:00,2025-03-29 08:47:00,2025-03-29 09:25:00,2025-03-29 12:59:00,N,,11,17.18,0
ORD-29146,03-17-25 02:00 PM,02188,02115,ROUTINE,Northeast Labs,D015,2025-03-17 14:39:00,2025-03-17 15:24:00,2025-03-17 16:13:00,2025-03-17 17:00:00,Y,"client called to confirm - specimen critical, needs STAT upgrade",7,4.53,0
ORD-29147,2025/03/27 11:55,02194,02196,SAME-DAY,Childrens Hospital,D039,2025-03-27 12:29:00,2025-03-27 12:51:00,,2025-03-27 14:42:00,Y,,45,10.18,0
ORD-29148,2025/01/07 07:16,02141,02072,ROUTINE,Emerson Hospital,D014,2025-01-07 07:58:00,2025-01-07 08:56:00,2025-01-07 10:31:00,2025-01-07 11:02:00,N,"client changed pickup time, driver redirected",36,28.9,0
ORD-29149,02/10/2025 17:08,02059,02130,ROUTINE,Brigham and Womens,D006,2025-02-10 17:24:00,,2025-02-10 19:22:00,2025-02-10 22:28:00,Y,,45,9.95,0
ORD-29150,02/21/2025 11:11,02105,02114,STAT,Quest Diagnostics,D007,2025-02-21 11:32:00,2025-02-21 12:02:00,2025-02-21 13:19:00,2025-02-21 11:58:00,Y,specimen labeled incorrectly by client,27,36.97,0
ORD-29151,2025/01/11 19:59,02149,02038,Stat,Quest Diagnostics,D025,2025-01-11 20:40:00,2025-01-11 21:09:00,2025-01-11 21:29:00,2025-01-11 20:41:00,N,lab closed early today per client,36,35.49,0
ORD-29152,2025/03/10 04:54,02110,02113,STAT,BioReference Labs,D039,2025-03-10 05:22:00,,2025-03-10 06:49:00,2025-03-10 05:24:00,N,traffic accident on route 1 delay,28,14.65,1
ORD-29153,2025/01/06 11:07,02188,02121,STAT,Northeast Labs,D016,2025-01-06 11:31:00,2025-01-06 12:31:00,2025-01-06 14:21:00,2025-01-06 11:40:00,Y,"elevator down at 15 Elm St, driver using stairs",21,32.38,0
ORD-29154,2025-03-23 11:37:00,02170,02122,ROUTINE,Northeast Laboratory,D035,2025-03-23 11:42:00,2025-03-23 12:20:00,2025-03-23 13:31:00,2025-03-23 17:28:00,Y,dispatcher note: double-check temp on this one before logging,25,36.69,0
ORD-29155,03/19/2025 05:39,02130,02050,ROUTINE,Boston Medical Center,D030,2025-03-19 06:09:00,2025-03-19 06:46:00,2025-03-19 08:16:00,2025-03-19 09:37:00,Y,,20,36.87,0
ORD-29156,03/10/2025 10:26,02170,02111,Routine,Boston Medical Center,D004,2025-03-10 10:33:00,,,2025-03-10 14:49:00,Y,,455,21.21,0
ORD-29157,02/22/2025 05:54,02188,02136,STAT,Childrens Hospital,D002,2025-02-22 06:11:00,2025-02-22 07:03:00,,2025-02-22 06:28:00,Y,traffic accident on route 1 delay,35,27.02,0
ORD-29158,02-07-25 09:08 AM,02062,02106,ROUTINE,MGH,D011,2025-02-07 09:16:00,2025-02-07 10:01:00,2025-02-07 11:28:00,2025-02-07 14:27:00,Y,pickup completed but paperwork missing from package,25,4.95,0
ORD-29159,2025-02-21 11:16:00,01841,02184,STAT,Providence Health,D031,2025-02-21 11:39:00,2025-02-21 11:55:00,2025-02-21 12:25:00,2025-02-21 12:13:00,Y,,17,22.48,0
ORD-29160,2025-03-01 09:40:00,02021,02053,STAT,Boston Medical Center,D008,2025-03-01 10:12:00,,2025-03-01 11:50:00,2025-03-01 10:24:00,Y,"driver called in sick mid-route, reassigning trips",13,7.03,0
ORD-29161,2025-02-06 03:39:00,02194,02047,RUSH,St. Elizabeth's Medical,D001,2025-02-06 03:56:00,2025-02-06 04:18:00,2025-02-06 05:48:00,2025-02-06 04:42:00,Y,lab closed early today per client,45,30.25,0
ORD-29162,01/26/2025 06:30,01863,02121,STAT,LabCorp,D033,2025-01-26 06:39:00,2025-01-26 07:12:00,2025-01-26 07:37:00,2025-01-26 07:24:00,Y,delayed at security checkpoint - id verification required,10,17.46,0
ORD-29163,03-29-25 10:33 AM,02061,02135,routine,Childrens Hospital,D035,2025-03-29 10:39:00,2025-03-29 11:04:00,2025-03-29 12:08:00,2025-03-29 15:52:00,N,specimen container damaged on pickup,9,29.79,0
ORD-29164,01/25/2025 13:06,01851,02052,RUSH,Tufts Med Center,D021,2025-01-25 13:12:00,2025-01-25 13:40:00,2025-01-25 15:03:00,2025-01-25 14:17:00,N,pickup completed but paperwork missing from package,12,7.67,0
ORD-29165,01-25-25 12:47 PM,02130,02114,Stat,Quest Diagnostics,D030,2025-01-25 12:52:00,2025-01-25 13:44:00,2025-01-25 15:21:00,2025-01-25 13:46:00,Y,"driver vehicle breakdown, transfer to DD006 in progress",14,28.03,0
ORD-29166,03/26/2025 16:18,02195,02054,RUSH,South Shore Hospital,D040,2025-03-26 16:32:00,2025-03-26 16:45:00,2025-03-26 17:22:00,2025-03-26 17:59:00,Y,,6,34.38,0
ORD-29167,03-13-25 12:44 PM,02148,02139,Routine,Northeast Laboratory,D006,2025-03-13 13:12:00,2025-03-13 13:51:00,2025-03-13 15:26:00,2025-03-13 16:38:00,Y,specimen labeled incorrectly by client,28,36.04,0
ORD-29168,03/02/2025 08:23,02177,02131,RUSH,Brigham and Womens,D031,2025-03-02 09:03:00,2025-03-02 09:17:00,2025-03-02 10:08:00,2025-03-02 09:23:00,Y,lab closed early today per client,31,13.78,0
ORD-29169,2025-02-11 10:50:00,02156,02105,STAT,Tufts Medical,D021,2025-02-11 10:58:00,,2025-02-11 11:52:00,2025-02-11 11:21:00,Y,,11,26.12,0
ORD-29170,2025-03-18 20:10:00,01876,02052,SAME-DAY,Mass General Hospital,D025,2025-03-18 20:20:00,,2025-03-18 22:43:00,2025-03-18 23:09:00,Y,lab closed early today per client,13,22.27,0
ORD-29171,2025/03/07 09:28,02148,02104,ROUTINE,Quest Diagnostics,D023,2025-03-07 09:41:00,2025-03-07 10:39:00,2025-03-07 11:19:00,2025-03-07 13:21:00,Y,"pickup not ready, driver waiting 15+ min",45,8.03,0
ORD-29172,2025/01/31 07:00,02170,02115,Routine,South Shore Hospital,D018,2025-01-31 07:42:00,,2025-01-31 08:54:00,2025-01-31 12:55:00,Y,,14,33.5,0
ORD-29173,01/12/2025 15:23,01832,02198,ROUTINE,Northeast Labs,D035,2025-01-12 16:02:00,2025-01-12 16:15:00,2025-01-12 17:13:00,2025-01-12 20:56:00,Y,,19,32.39,0
ORD-29174,2025-02-05 17:01:00,01852,02143,ROUTINE,Boston Med Ctr,D036,2025-02-05 17:29:00,2025-02-05 18:04:00,2025-02-05 18:20:00,2025-02-05 20:23:00,Y,lab closed early today per client,21,5.05,0
ORD-29175,03-04-25 08:42 AM,01886,02120,RUSH,St. Elizabeth's Medical,D039,2025-03-04 09:26:00,2025-03-04 10:13:00,2025-03-04 11:37:00,2025-03-04 10:18:00,N,"driver stuck in traffic on 93, running ~20 min late",8,23.56,1
ORD-29176,2025-02-24 09:35:00,02153,02110,RUSH,St. Elizabeth's Medical,D027,2025-02-24 09:53:00,2025-02-24 10:24:00,2025-02-24 12:15:00,2025-02-24 11:35:00,Y,GPS routing error sent driver to wrong building,33,25.63,0
ORD-29177,01/30/2025 02:19,02111,02151,ROUTINE,Tufts Med Center,D005,2025-01-30 02:57:00,2025-01-30 03:32:00,2025-01-30 05:07:00,2025-01-30 06:35:00,Y,traffic accident on route 1 delay,17,36.65,0
ORD-29178,2025/03/26 21:05,01863,02187,Stat,Tufts Med Center,D007,2025-03-26 21:32:00,2025-03-26 22:08:00,2025-03-26 22:41:00,2025-03-26 21:46:00,N,,6,26.81,1
ORD-29179,03-31-25 12:36 PM,02019,02121,SAME-DAY,Emerson Hospital,D030,2025-03-31 12:56:00,2025-03-31 13:29:00,2025-03-31 14:35:00,2025-03-31 15:56:00,Y,called client re specimen integrity - awaiting callback,31,9.77,0
ORD-29180,03/10/2025 10:25,02145,02032,Rush,South Shore Hospital,D035,2025-03-10 10:33:00,2025-03-10 11:15:00,2025-03-10 11:58:00,2025-03-10 12:15:00,N,package refused by receiving staff - no signature authority,7,28.48,1
ORD-29181,2025/03/11 12:14,02060,02043,Routine,Northeast Laboratory,D016,2025-03-11 12:21:00,2025-03-11 12:32:00,2025-03-11 14:05:00,2025-03-11 17:36:00,N,specimen container damaged on pickup,22,10.67,0
ORD-29182,2025/03/24 09:08,02110,02191,RUSH,Tufts Med Center,D004,2025-03-24 09:22:00,2025-03-24 10:20:00,2025-03-24 11:20:00,2025-03-24 11:01:00,Y,"wrong address on manifest, corrected enroute",10,26.64,0
ORD-29183,02-20-25 11:03 PM,02108,02122,SAME-DAY,Mass General Hospital,D033,2025-02-20 23:29:00,2025-02-21 00:28:00,2025-02-21 01:30:00,2025-02-21 02:55:00,Y,"driver ran out of dry ice, needs resupply",21,4.52,0
ORD-29184,02/17/2025 07:52,02105,02113,Same-Day,Tufts Med Center,D010,2025-02-17 08:21:00,2025-02-17 08:31:00,2025-02-17 10:26:00,2025-02-17 10:57:00,N,"elevator down at 15 Elm St, driver using stairs",44,30.16,0
ORD-29185,03/09/2025 07:55,02180,02061,ROUTINE,St. Elizabeth's Medical,D026,2025-03-09 08:30:00,2025-03-09 08:56:00,2025-03-09 09:16:00,2025-03-09 13:05:00,Y,"driver vehicle breakdown, transfer to DD021 in progress",41,34.25,0
ORD-29186,03/31/2025 07:18,02132,02152,RUSH,Boston Medical Center,D031,2025-03-31 07:25:00,2025-03-31 08:02:00,2025-03-31 09:17:00,2025-03-31 08:47:00,Y,,39,9.09,0
ORD-29187,03/05/2025 10:48,02188,02150,SAME-DAY,MGH,D024,2025-03-05 11:29:00,2025-03-05 12:11:00,2025-03-05 13:41:00,2025-03-05 12:55:00,Y,"client called to confirm - specimen critical, needs STAT upgrade",27,7.94,0
ORD-29188,03/16/2025 17:15,02138,02153,same-day,Mass General Hospital,D033,2025-03-16 17:42:00,2025-03-16 18:42:00,2025-03-16 20:35:00,2025-03-16 20:59:00,Y,specimen container damaged on pickup,40,21.23,0
ORD-29189,03/20/2025 06:18,02199,02111,ROUTINE,Lowell General,D030,2025-03-20 06:42:00,2025-03-20 07:18:00,2025-03-20 08:58:00,2025-03-20 11:19:00,N,,33,33.53,1
ORD-29190,03-29-25 04:29 AM,02120,02156,STAT,Mass General Hospital,D037,2025-03-29 04:46:00,2025-03-29 05:26:00,2025-03-29 06:16:00,2025-03-29 05:10:00,Y,specimen temp excursion possible - driver reports cooler malfunction,8,33.42,0
ORD-29191,03/12/2025 17:40,02152,02067,Rush,Brigham and Womens,UNASSIGNED,2025-03-12 18:14:00,2025-03-12 19:05:00,2025-03-12 20:59:00,2025-03-12 18:55:00,Y,specimen labeled incorrectly by client,22,7.26,0
ORD-29192,2025/02/25 09:32,02132,02128,RUSH,Northeast Labs,D017,2025-02-25 10:10:00,2025-02-25 10:58:00,2025-02-25 12:03:00,2025-02-25 11:17:00,Y,traffic accident on route 1 delay,387,20.27,0
ORD-29193,2025/01/31 17:12,02156,02113,RUSH,Boston Medical Center,D025,2025-01-31 17:55:00,2025-01-31 18:32:00,2025-01-31 18:54:00,2025-01-31 18:45:00,N,"elevator down at 15 Elm St, driver using stairs",10,19.28,0
ORD-29194,03-25-25 10:01 AM,02061,02191,routine,Brigham & Women's,UNASSIGNED,2025-03-25 10:06:00,2025-03-25 10:19:00,2025-03-25 11:56:00,2025-03-25 13:10:00,N,"wrong zip code on order, corrected",14,4.63,0
ORD-29195,2025-01-09 20:07:00,01803,02163,routine,BioReference Labs,D001,2025-01-09 20:48:00,,2025-01-09 21:55:00,2025-01-10 00:09:00,N,GPS routing error sent driver to wrong building,45,11.98,0
ORD-29196,2025-02-22 09:02:00,02045,02105,ROUTINE,Providence Health,D010,2025-02-22 09:46:00,2025-02-22 10:34:00,,2025-02-22 12:18:00,Y,"client called to confirm - specimen critical, needs STAT upgrade",25,5.37,0
ORD-29197,2025/02/23 18:43,02061,02200,stat,LabCorp,D008,2025-02-23 19:27:00,2025-02-23 20:27:00,2025-02-23 21:47:00,2025-02-23 19:39:00,Y,recipient not available at delivery location,26,31.71,0
ORD-29198,2025-02-10 09:40:00,02192,02177,STAT,Quest Diagnostics,D037,2025-02-10 10:15:00,2025-02-10 11:08:00,2025-02-10 12:02:00,2025-02-10 10:30:00,Y,driver cannot locate parking at hospital,35,18.78,0
ORD-29199,2025-03-25 12:14:00,02151,02114,ROUTINE,Quest Diag,D011,2025-03-25 12:57:00,2025-03-25 13:41:00,,2025-03-25 16:20:00,Y,called client re specimen integrity - awaiting callback,26,35.26,0
